time,actual_water_mean,predicted_water_mean,error_predicted_minus_actual,rmse,mae,bias
2012-01-01 00:00:00,278.4166847059229,279.8080792301501,1.3913945242272234,1.6675592804866495,1.4444840480442158,1.391394524227241
2012-01-01 03:00:00,278.5072772523611,279.813337918881,1.3060606665198975,1.652997076299343,1.36601522533871,1.3060606665198957
2012-01-01 06:00:00,279.0007052394325,279.78236081839447,0.7816555789619883,1.2873892029608793,1.017047871064831,0.7816555789620193
2012-01-01 09:00:00,279.70110441406416,279.74030932667887,0.039204912614707155,1.1256318297228702,0.9077246421638752,0.039204912614677664
2012-01-01 12:00:00,278.6900702282059,279.710085763218,1.020015535012078,1.3519802823888996,1.1024630747316844,1.020015535012087
2012-01-01 15:00:00,278.105542094859,279.73686893257315,1.6313268377141412,1.924090138091489,1.685781465452609,1.631326837714159
2012-01-01 18:00:00,279.83725873492637,279.8118210880394,-0.02543764688698502,1.356888196757953,1.0676109914225502,-0.02543764688696119
2012-01-01 21:00:00,281.5660807461661,280.08333703545634,-1.4827437107097694,1.885025432667766,1.5962023678739725,-1.4827437107097479
2012-01-02 00:00:00,282.1454787093734,280.33179173146647,-1.8136869779069116,2.073095749120346,1.855497247897408,-1.8136869779069098
2012-01-02 03:00:00,282.37261332274755,280.4280382319515,-1.944575090796036,2.231348018051476,1.9922590925440893,-1.9445750907960853
2012-01-02 06:00:00,282.716339523814,280.52448384835606,-2.19185567545793,2.4899755227519718,2.2403866591510444,-2.191855675457909
2012-01-02 09:00:00,282.93987401656176,280.5197665311789,-2.4201074853828572,2.7146415325613598,2.449218365263198,-2.4201074853828213
2012-01-02 12:00:00,281.00485220904983,280.69453931102345,-0.31031289802638184,1.278247083635517,0.9817212977826009,-0.3103128980263461
2012-01-02 15:00:00,280.2996429079247,280.8024935537611,0.5028506458364177,1.5986480186065464,1.1891723455068597,0.5028506458364452
2012-01-02 18:00:00,281.0723278109918,280.8035623709714,-0.26876544002038827,1.32647757660518,1.0268346877128727,-0.2687654400203455
2012-01-02 21:00:00,281.1567184403056,280.7989019235934,-0.35781651671220516,0.9980949110370234,0.7847845485008482,-0.3578165167122107
2012-01-03 00:00:00,280.71836153582586,280.7391256865325,0.020764150706611417,0.7852811134196204,0.612279130626703,0.020764150706574162
2012-01-03 03:00:00,280.75651257071775,280.6004819213182,-0.15603064939955402,0.9104991072530247,0.6907187609586241,-0.15603064939960298
2012-01-03 06:00:00,281.10592211357283,280.4383647792096,-0.6675573343632095,1.0731949155414964,0.8498864657446791,-0.667557334363202
2012-01-03 09:00:00,281.282301130567,280.3726910129575,-0.9096101176095317,1.3012654665122583,1.0861450415054963,-0.9096101176095255
2012-01-03 12:00:00,280.900683507203,280.32014635969927,-0.5805371475037191,1.10748534878385,0.9113940150397081,-0.580537147503692
2012-01-03 15:00:00,280.7771325144962,280.1769819674356,-0.6001505470605935,1.0367951728272593,0.8565155202165945,-0.6001505470606336
2012-01-03 18:00:00,280.92273632782803,280.3225150975671,-0.6002212302609564,1.0980346814006372,0.8503061723470638,-0.6002212302609171
2012-01-03 21:00:00,281.05028567450023,280.468062180595,-0.5822234939052464,1.0563293012286035,0.8582926461290672,-0.5822234939052651
2012-01-04 00:00:00,281.0900056881949,280.51432786887176,-0.5756778193231185,1.1021927214689662,0.8827062477698765,-0.5756778193230859
2012-01-04 03:00:00,281.31684502994807,280.76030296056723,-0.5565420693808392,1.0413200140756997,0.7927039168348369,-0.5565420693808519
2012-01-04 06:00:00,281.838804542149,281.18830849814026,-0.6504960440087189,1.073237461598011,0.8625626842746786,-0.6504960440087063
2012-01-04 09:00:00,282.2431043131746,281.6492985893362,-0.5938057238384431,1.1409705496565217,0.8875975368540957,-0.5938057238384494
2012-01-04 12:00:00,281.95427440119596,281.81544637592754,-0.13882802526842397,0.9982157126680644,0.793204183798679,-0.1388280252684212
2012-01-04 15:00:00,281.7072716658778,281.80620232841034,0.09893066253255256,0.9552553973630261,0.7415484439221797,0.09893066253255248
2012-01-04 18:00:00,281.86070479400775,281.6435922829603,-0.21711251104744633,1.0267623107266381,0.7282646899830748,-0.21711251104742102
2012-01-04 21:00:00,282.08631901303755,281.49647094618564,-0.5898480668519142,1.1394092318672455,0.8077885198726142,-0.5898480668519147
2012-01-05 00:00:00,282.00419633142405,281.12822955346337,-0.8759667779606843,1.1961259336621053,0.9631433434557461,-0.8759667779606488
2012-01-05 03:00:00,281.2493080137379,280.8872766622364,-0.3620313515015141,0.952149034706784,0.7098061139360675,-0.3620313515015181
2012-01-05 06:00:00,280.6615631267385,280.5234654882899,-0.1380976384485848,0.8558707772578154,0.6901199781242704,-0.13809763844861067
2012-01-05 09:00:00,280.3564212083269,280.36187264569577,0.005451437368890311,0.7730069415043848,0.6073502813309493,0.005451437368892497
2012-01-05 12:00:00,280.10534840762824,280.0592031475952,-0.04614526003302899,0.8689747493804744,0.6812702974537161,-0.046145260032999826
2012-01-05 15:00:00,279.9322981893179,279.83749207892174,-0.0948061103961777,0.8426919720679329,0.6619718330932376,-0.09480611039618897
2012-01-05 18:00:00,279.8495837675034,279.91847049291323,0.06888672540981133,0.9555966710330098,0.8080508728728569,0.06888672540977155
2012-01-05 21:00:00,280.17637737305057,280.00637875243325,-0.16999862061732074,1.0928446129278166,0.9060900912355102,-0.16999862061731835
2012-01-06 00:00:00,279.69283514185827,279.8774724840589,0.18463734220063088,1.0275516745273503,0.8177014675688565,0.18463734220061315
2012-01-06 03:00:00,278.99247826465063,279.88289718372,0.8904189190693614,1.3878202346819652,1.0586687939256931,0.8904189190694003
2012-01-06 06:00:00,278.59647891076247,279.8483030810611,1.2518241702986188,1.6410039702330428,1.3383535162459788,1.251824170298662
2012-01-06 09:00:00,278.5720227758307,279.8359509237895,1.2639281479587794,1.6260674238730246,1.3372450006474979,1.2639281479588125
2012-01-06 12:00:00,278.3084612737945,279.8509059608969,1.5424446871024315,1.8610465827809732,1.5753820257199898,1.5424446871024535
2012-01-06 15:00:00,278.17974066755113,279.84809380749005,1.6683531399389153,1.9511121922544217,1.6913687389117804,1.6683531399388876
2012-01-06 18:00:00,278.5177332609282,279.7655090738517,1.2477758129235212,1.469777172239284,1.2837734808095143,1.2477758129235135
2012-01-06 21:00:00,278.4509815847777,279.80296870858643,1.3519871238087262,1.6075464086731002,1.3852026038848764,1.351987123808705
2012-01-07 00:00:00,278.20425781363997,279.7572856018247,1.5530277881847496,1.7477662501711624,1.5633007340316198,1.553027788184754
2012-01-07 03:00:00,278.18646381379534,279.7594458569693,1.5729820431739654,1.725776247471283,1.5773540616962676,1.572982043173991
2012-01-07 06:00:00,278.30799151278416,279.75474293779826,1.4467514250140994,1.6004232297980419,1.4525196346414533,1.4467514250141162
2012-01-07 09:00:00,278.47863447267304,279.75095289856176,1.2723184258887272,1.4657280620132762,1.2836252585191317,1.2723184258887184
2012-01-07 12:00:00,278.46123673523505,279.7671914003912,1.3059546651561504,1.5254710352427454,1.3140641617179964,1.3059546651561664
2012-01-07 15:00:00,278.3803295571749,279.7823391681372,1.4020096109622955,1.6110655428497065,1.413076919809343,1.4020096109623055
2012-01-07 18:00:00,278.45974566075984,279.7590874682635,1.2993418075036516,1.5978807119589333,1.3184251196196966,1.2993418075036354
2012-01-07 21:00:00,278.9191401209423,279.8674449245443,0.9483048036020136,1.346967442389057,1.0645545042722855,0.9483048036020172
2012-01-08 00:00:00,279.33895599270363,279.90278211746227,0.5638261247586343,1.1077368316884817,0.8649683171268493,0.5638261247586163
2012-01-08 03:00:00,279.6004974079119,280.06938553179873,0.46888812388681345,1.1534222885608756,0.9216818535006975,0.4688881238867982
2012-01-08 06:00:00,279.8148810138217,280.3864013473882,0.5715203335664683,1.2403250058878428,1.014215145113662,0.5715203335664774
2012-01-08 09:00:00,279.95797687268634,280.40692183032854,0.44894495764219755,1.2038187838180756,0.9797030862653288,0.44894495764217307
2012-01-08 12:00:00,280.0659769508517,280.2969602896992,0.23098333884752265,1.0553896455548564,0.854293221575327,0.23098333884754418
2012-01-08 15:00:00,280.2521219715829,280.2046110301482,-0.047510941434666165,1.0239140084087428,0.8217814956075746,-0.04751094143466503
2012-01-08 18:00:00,280.7964380023658,280.81696902169466,0.020531019328871025,1.0754146170160608,0.8525752138848629,0.02053101932891294
2012-01-08 21:00:00,281.210210090953,280.8493095015369,-0.3609005894161328,0.9813430601276104,0.7383168265295827,-0.3609005894161807
2012-01-09 00:00:00,281.2242921767562,280.81835758968623,-0.40593458706996444,1.1424193951859447,0.8811813419552456,-0.40593458706992513
2012-01-09 03:00:00,281.2736063897064,280.76230551449663,-0.5113008752097699,1.2375763153950212,0.9173506583280168,-0.5113008752097769
2012-01-09 06:00:00,281.38140269611193,280.81409605137407,-0.5673066447378687,1.228742363811261,0.9133268671101507,-0.567306644737859
2012-01-09 09:00:00,281.37358184664834,280.86400167266163,-0.5095801739867056,1.1186762378230068,0.843727405900068,-0.5095801739867115
2012-01-09 12:00:00,281.08990572599896,280.7325386898678,-0.3573670361311656,1.0507014189702717,0.7915576569061374,-0.35736703613119253
2012-01-09 15:00:00,280.83164246633686,280.7007914404254,-0.13085102591145414,1.0433062069722507,0.8624655896054142,-0.13085102591140713
2012-01-09 18:00:00,280.9046824180243,280.61615142141665,-0.2885309966076761,1.0343466869237294,0.8283198699401816,-0.2885309966076924
2012-01-09 21:00:00,281.05813881410614,280.3846606751002,-0.6734781390059652,1.197525669442049,0.9411706973303988,-0.6734781390059196
2012-01-10 00:00:00,280.7083631038121,280.1335502628168,-0.5748128409952642,1.088993613222492,0.8949938495059866,-0.5748128409953025
2012-01-10 03:00:00,280.1323957321718,279.8105348461626,-0.3218608860091763,1.0835947076812424,0.926248297603399,-0.32186088600916635
2012-01-10 06:00:00,279.61586170298017,279.77607012719034,0.16020842421016823,1.118885522630269,0.9027189733783372,0.1602084242102159
2012-01-10 09:00:00,279.0312045590588,279.7406627546799,0.7094581956210959,1.3583002364603425,1.1174843469419624,0.7094581956210574
2012-01-10 12:00:00,277.89174518782306,279.61208243449914,1.7203372466760811,2.115503043265229,1.7696110281382909,1.72033724667609
2012-01-10 15:00:00,277.1776757963845,279.4833669400805,2.305691143695981,2.625091478123647,2.310792216708798,2.3056911436960066
2012-01-10 18:00:00,277.76551211649735,279.4936958456327,1.7281837291353668,2.070508316348905,1.7832821407894424,1.7281837291353557
2012-01-10 21:00:00,278.6050163355196,279.5047435917758,0.8997272562561989,1.452700249753323,1.1294064820900385,0.8997272562562014
2012-01-11 00:00:00,278.44574873828526,279.59540398463673,1.1496552463514718,1.5627463676085827,1.2652456311388693,1.1496552463514291
2012-01-11 03:00:00,277.9064219856002,279.67904329122393,1.7726213056237157,2.12619740453943,1.7875984163489256,1.7726213056237319
2012-01-11 06:00:00,277.70912964539167,279.6883613732015,1.979231727809804,2.2581545577826434,1.9835670793399103,1.9792317278098093
2012-01-11 09:00:00,277.8324153560736,279.6406309664203,1.8082156103466787,2.0667216966842017,1.8127953027449346,1.8082156103467026
2012-01-11 12:00:00,276.2183190186594,279.5933188581649,3.374999839505506,3.614984685657235,3.3749998395055054,3.3749998395055054
2012-01-11 15:00:00,275.5537178293886,279.5319202085092,3.978202379120603,4.219418788029008,3.9782023791205865,3.9782023791205865
2012-01-11 18:00:00,276.7195725020349,279.60405335730366,2.884480855268748,3.067953306753758,2.8864648177108934,2.8844808552687407
2012-01-11 21:00:00,277.8246827452081,279.8602224739283,2.0355397287201527,2.269202636945845,2.080816123308706,2.035539728720146
2012-01-12 00:00:00,277.91898434491105,279.82826077571735,1.909276430806301,2.09338216226214,1.9240230496883035,1.9092764308063177
2012-01-12 03:00:00,277.5805089683453,279.811659747574,2.231150779228699,2.4791381715560123,2.2366652463103907,2.2311507792286696
2012-01-12 06:00:00,277.6423250488065,279.81098753663355,2.168662487827021,2.4868299737244213,2.1808711442712667,2.1686624878270178
2012-01-12 09:00:00,277.92741559806035,279.840500494971,1.913084896910675,2.265498154242977,1.9332520620962619,1.9130848969106964
2012-01-12 12:00:00,276.5185802143743,279.85707030806014,3.3384900936858344,3.561638287309006,3.3385343181687497,3.3384900936858264
2012-01-12 15:00:00,276.269188200143,279.85069109289276,3.581502892749768,3.762805079729551,3.5815528282867786,3.581502892749767
2012-01-12 18:00:00,277.5276581594645,279.8867098099317,2.3590516504671655,2.5417861576574836,2.3717450542826577,2.3590516504671823
2012-01-12 21:00:00,278.47493099209225,279.6504824762241,1.1755514841318586,1.5602592901118053,1.3110654034623996,1.1755514841318884
2012-01-13 00:00:00,278.6435438083732,279.8441758961401,1.2006320877669054,1.5473714485826702,1.3183087464867604,1.2006320877668613
2012-01-13 03:00:00,278.3766824397856,279.78591723089534,1.409234791109725,1.7112151986139652,1.467062466389153,1.4092347911097258
2012-01-13 06:00:00,278.23434102391553,279.70869696123447,1.4743559373189328,1.818211370925841,1.5281696332938994,1.4743559373189261
2012-01-13 09:00:00,278.14538733625784,279.68292846169703,1.5375411254391906,1.9454714630415595,1.5962786267579876,1.5375411254392328
2012-01-13 12:00:00,276.4484505723516,279.665838793816,3.2173882214644323,3.5271061617708703,3.217396189191126,3.217388221464451
2012-01-13 15:00:00,275.77424489455314,279.6809169227009,3.9066720281477387,4.174995696390582,3.9067074681820113,3.9066720281477463
2012-01-13 18:00:00,276.9226597569547,279.8578126543447,2.935152897389969,3.0963556954419036,2.9352542444133998,2.935152897390008
2012-01-13 21:00:00,277.86495135120884,279.72074878605866,1.8557974348498192,2.1109090796262144,1.878218604214001,1.855797434849795
2012-01-14 00:00:00,278.0046296433097,279.83772272113475,1.8330930778250263,2.0229047763093577,1.8518154535726807,1.8330930778250583
2012-01-14 03:00:00,277.94949464641064,279.6922498660606,1.7427552196499505,1.9737883137096481,1.8016741577446926,1.7427552196499452
2012-01-14 06:00:00,277.90219796062615,279.5345307808311,1.6323328202049652,1.903185944199933,1.7452080566328252,1.6323328202049356
2012-01-14 09:00:00,277.4562496061885,279.55649940559437,2.1002497994058444,2.352795834151045,2.1314980107172405,2.1002497994058813
2012-01-14 12:00:00,277.04512423268335,279.4775985860831,2.432474353399755,2.7129556119687948,2.5123498451009136,2.432474353399781
2012-01-14 15:00:00,276.97770447870056,279.4186196181726,2.440915139472054,2.70646118541791,2.5476269118314163,2.4409151394720556
2012-01-14 18:00:00,277.4140260171265,279.4101974340872,1.9961714169606921,2.2687554134007906,2.0642996116411223,1.9961714169607125
2012-01-14 21:00:00,277.21168491911055,279.40027916644846,2.188594247337903,2.470929433350965,2.2208899034677514,2.188594247337939
2012-01-15 00:00:00,276.9322113242977,279.3823335900535,2.4501222657557946,2.7001545366695954,2.4595312899886284,2.4501222657557955
2012-01-15 03:00:00,276.4078638846373,279.38479349816885,2.9769296135315244,3.236102582678727,2.984929917589107,2.9769296135315373
2012-01-15 06:00:00,275.9679011543688,279.38007405181474,3.4121728974459415,3.662420748574038,3.4122150909985183,3.412172897445926
2012-01-15 09:00:00,275.7131121820247,279.3589139026925,3.645801720667805,3.8319776271000157,3.645823991903782,3.6458017206677744
2012-01-15 12:00:00,274.62625322688433,279.36899526798635,4.742742041102019,4.95906114391519,4.742742041102022,4.742742041102022
2012-01-15 15:00:00,274.05937229566774,279.4006070593254,5.341234763657667,5.562315197788374,5.341234763657668,5.341234763657668
2012-01-15 18:00:00,274.64976023225,279.4428788417342,4.793118609484225,4.933613061913393,4.79311860948422,4.79311860948422
2012-01-15 21:00:00,275.36241263542195,279.4754486910831,4.113036055661155,4.214074558856145,4.113058029907342,4.113036055661147
2012-01-16 00:00:00,275.41819453575465,279.46632396447274,4.0481294287180845,4.138617187528239,4.048151368465456,4.048129428718077
2012-01-16 03:00:00,274.8958701130716,279.4673579862516,4.57148787317999,4.72706049319114,4.571487873179999,4.571487873179999
2012-01-16 06:00:00,274.4925422175818,279.4433347390951,4.9507925215133355,5.16619862109215,4.950792521513342,4.950792521513342
2012-01-16 09:00:00,274.1440115849516,279.45178074086346,5.307769155911842,5.587824281068806,5.307769155911876,5.307769155911876
2012-01-16 12:00:00,273.2888975375339,279.47868695324775,6.189789415713847,6.517571890092914,6.189789415713883,6.189789415713883
2012-01-16 15:00:00,272.9827420600164,279.52148054975623,6.538738489739842,6.860177882568664,6.538738489739848,6.538738489739848
2012-01-16 18:00:00,273.5446949777835,279.4929753194746,5.948280341691145,6.156617004760573,5.9482803416911585,5.9482803416911585
2012-01-16 21:00:00,274.32619360850447,279.480161614536,5.153968006031505,5.363330602507828,5.153968006031521,5.153968006031521
2012-01-17 00:00:00,275.01485857841635,279.49216058154843,4.477302003132081,4.718401462324432,4.477302003132085,4.477302003132085
2012-01-17 03:00:00,274.9485680055731,279.5179443250629,4.569376319489777,4.8171072041062,4.569376870720827,4.569376319489736
2012-01-17 06:00:00,274.7937684291928,279.5939790867664,4.800210657573587,5.1497765969000096,4.8002106575736025,4.8002106575736025
2012-01-17 09:00:00,274.17789497786566,279.60342341491315,5.42552843704749,5.795655944705501,5.425528437047496,5.425528437047496
2012-01-17 12:00:00,273.7068608277212,279.5846707023312,5.877809874610023,6.117052707671591,5.877809874610062,5.877809874610062
2012-01-17 15:00:00,273.4763025915409,279.57812583847124,6.101823246930337,6.387263845352326,6.101828445751997,6.101823246930337
2012-01-17 18:00:00,273.54112072489465,279.5556101985977,6.014489473703065,6.325108991335858,6.014489473703094,6.014489473703094
2012-01-17 21:00:00,273.5396531951118,279.5397483315982,6.000095136486436,6.283609349852136,6.000095136486438,6.000095136486438
2012-01-18 00:00:00,273.2046680623168,279.54746855513866,6.34280049282188,6.6716877428915815,6.342800840059983,6.342800492821894
2012-01-18 03:00:00,272.6371339548818,279.54812897798354,6.910995023101748,7.291604418980078,6.910995023101727,6.910995023101727
2012-01-18 06:00:00,271.4818356257357,279.5350550555964,8.05321942986069,8.401060393362108,8.053219429860677,8.053219429860677
2012-01-18 09:00:00,270.6254998372286,279.49490895901806,8.869409121789488,9.162980552134243,8.869409121789486,8.869409121789486
2012-01-18 12:00:00,270.9040874304348,279.46515342637684,8.561065995942045,8.859412289114317,8.561065995942075,8.561065995942075
2012-01-18 15:00:00,271.10549774194294,279.4891951187756,8.383697376832686,8.601647058443913,8.383697376832686,8.383697376832686
2012-01-18 18:00:00,271.90779495337694,279.51647222531176,7.608677271934823,7.753485415207827,7.608677271934863,7.608677271934863
2012-01-18 21:00:00,273.0108583600148,279.5236218601757,6.512763500160872,6.64724937176423,6.512769781195426,6.51276350016089
2012-01-19 00:00:00,273.5803856759498,279.50998251305987,5.9295968371100685,6.07788230169511,5.929606537277345,5.9295968371100995
2012-01-19 03:00:00,273.43440293661666,279.50979737141097,6.075394434794305,6.258762264642051,6.075394434794309,6.075394434794309
2012-01-19 06:00:00,273.3276840095027,279.4949388443679,6.167254834865162,6.35500036265797,6.167254834865145,6.167254834865145
2012-01-19 09:00:00,273.40795193311686,279.4807793368456,6.072827403728752,6.265811841933848,6.072827403728742,6.072827403728742
2012-01-19 12:00:00,271.5234295161489,279.48350254180383,7.9600730256549355,8.146261483768075,7.960073025654928,7.960073025654928
2012-01-19 15:00:00,271.28142521086454,279.47475441139966,8.193329200535118,8.430295152965401,8.193329200535105,8.193329200535105
2012-01-19 18:00:00,272.7379753557434,279.49490502127816,6.756929665534756,6.950496698249094,6.756929665534754,6.756929665534754
2012-01-19 21:00:00,274.31084338970334,279.46305661793076,5.152213228227424,5.393558462877051,5.152493201123229,5.152213228227419
2012-01-20 00:00:00,274.94635946445993,279.4154044750899,4.469045010629941,4.740042203319446,4.469045010629955,4.469045010629955
2012-01-20 03:00:00,275.22032929919874,279.5930050670542,4.372675767855469,4.569012988044728,4.372675767855459,4.372675767855459
2012-01-20 06:00:00,275.63883347308155,279.7331317278992,4.094298254817659,4.264403060338998,4.094309706924814,4.094298254817667
2012-01-20 09:00:00,276.11405096959555,279.7636394127386,3.6495884431430454,3.796051971459704,3.649612798557558,3.6495884431430463
2012-01-20 12:00:00,275.4797636463129,279.8027441025413,4.322980456228379,4.438676572210885,4.3229804562284295,4.3229804562284295
2012-01-20 15:00:00,276.0540290019641,279.8770169744347,3.822987972470571,4.063381301486923,3.830809037926763,3.8229879724705924
2012-01-20 18:00:00,277.6937326146964,279.96135339785803,2.2676207831616466,2.7291629584863495,2.421533553587978,2.2676207831616546
2012-01-20 21:00:00,279.3423830601415,280.3481714264524,1.0057883663108669,1.585289392034976,1.218497193797264,1.005788366310882
2012-01-21 00:00:00,280.0665251764203,280.4377423706857,0.3712171942653981,1.1393740039319,0.8223513935577954,0.3712171942653679
2012-01-21 03:00:00,280.1011226224646,280.6187521930748,0.517629570610211,1.0473268683144064,0.8592239060581266,0.5176295706102098
2012-01-21 06:00:00,280.37075745291133,280.86747548487097,0.49671803195963093,0.9825404170887759,0.7912754817108754,0.49671803195963166
2012-01-21 09:00:00,280.7207903908814,280.5970999228343,-0.1236904680471298,1.2058201299135067,0.9290554625564125,-0.12369046804718412
2012-01-21 12:00:00,280.2178794328639,279.9451687591809,-0.2727106736830365,1.1119818706961675,0.890946486971711,-0.27271067368304996
2012-01-21 15:00:00,279.69851590636034,279.8845972332765,0.18608132691616674,1.0745653068977532,0.74281939832336,0.18608132691616147
2012-01-21 18:00:00,279.3792381586142,279.8693376338668,0.4900994752525776,1.1896438326221128,0.8303259611232296,0.49009947525260095
2012-01-21 21:00:00,279.3761649860363,279.78682815339704,0.41066316736072395,1.1140967441696121,0.7888283827811571,0.41066316736070685
2012-01-22 00:00:00,279.0323897407773,279.84433420445947,0.8119444636821527,1.153398585145565,0.8943061148480362,0.8119444636821178
2012-01-22 03:00:00,278.64622158326483,279.8697935544769,1.2235719712120954,1.5193917615654906,1.2716079756350038,1.2235719712120996
2012-01-22 06:00:00,278.4772977294037,279.8824678433231,1.4051701139194392,1.69828484757256,1.4319369222108205,1.4051701139194122
2012-01-22 09:00:00,278.29456741840926,279.9135866780726,1.6190192596633324,1.8326950950139709,1.6251335576684378,1.6190192596633166
2012-01-22 12:00:00,278.23490381510953,279.8825308066632,1.6476269915536932,1.8827485289960855,1.660679421553123,1.6476269915536816
2012-01-22 15:00:00,278.3809316005224,279.700435925621,1.3195043250985918,1.5366226761741117,1.3388649574514997,1.3195043250986318
2012-01-22 18:00:00,278.2711143725676,279.73551859189524,1.4644042193276618,1.6646963296801969,1.4831611118912176,1.4644042193276603
2012-01-22 21:00:00,278.2797449790032,279.83030764412655,1.5505626651233229,1.792974429990534,1.6093517894212157,1.5505626651233355
2012-01-23 00:00:00,278.977793726389,279.9058005629175,0.9280068365284819,1.3033811290534776,1.1115964466704935,0.9280068365284797
2012-01-23 03:00:00,279.3306386280225,279.87820631063573,0.5475676826132485,1.1540138204277317,0.8982716173154396,0.5475676826132156
2012-01-23 06:00:00,279.2673925112423,279.856833256567,0.5894407453246799,0.9813869425992056,0.7934881281832508,0.5894407453246724
2012-01-23 09:00:00,279.0563561008853,279.88722947235516,0.8308733714698633,1.2423842439015231,1.015787567423287,0.8308733714698651
2012-01-23 12:00:00,278.6968393129992,279.8393665927434,1.1425272797441721,1.5313469973120275,1.2241333370800047,1.1425272797441957
2012-01-23 15:00:00,278.6410681459233,279.82327961909095,1.1822114731676265,1.5439875635640194,1.2372234442869672,1.1822114731676245
2012-01-23 18:00:00,279.05319255265766,279.7789536848978,0.725761132240109,1.1447123158545451,0.8807458978927187,0.7257611322401196
2012-01-23 21:00:00,279.9569160760759,279.78719701586857,-0.16971906020734195,0.9462766231540339,0.7854352269299754,-0.16971906020735864
2012-01-24 00:00:00,279.8062850216986,279.81824276787506,0.011957746176449291,0.9607168653423638,0.7601267387373544,0.011957746176475163
2012-01-24 03:00:00,279.5218515252803,279.8256784598011,0.30382693452082776,0.9728861297703395,0.7502831302874986,0.3038269345208382
2012-01-24 06:00:00,279.5645922403528,279.80695447085884,0.24236223050604622,0.8326015412277998,0.6466613749281944,0.24236223050604472
2012-01-24 09:00:00,279.4522410173241,279.84186586813325,0.38962485080912757,0.8557462754870313,0.6813095743563613,0.38962485080911785
2012-01-24 12:00:00,278.40357718731315,279.85582040656175,1.4522432192486008,1.6235654392276135,1.4692180739431915,1.452243219248607
2012-01-24 15:00:00,277.5921917623288,279.824824219605,2.2326324572761678,2.4118213543812117,2.2409753593312733,2.2326324572761855
2012-01-24 18:00:00,278.7026294987477,280.0181442888283,1.3155147900806128,1.6624522494982559,1.3748613252570985,1.315514790080641
2012-01-24 21:00:00,279.84546437669,280.53117808571693,0.6857137090269134,1.1776832477441217,0.953021195310916,0.6857137090269255
2012-01-25 00:00:00,281.6875961260775,281.3086252177955,-0.37897090828198543,1.1365948400710484,0.9222603540308153,-0.3789709082819623
2012-01-25 03:00:00,282.1854601610996,281.4212801076572,-0.7641800534424306,1.3908222731445048,1.1307590693158862,-0.7641800534424467
2012-01-25 06:00:00,280.92353910178963,280.7340646190223,-0.18947448276730938,0.9733182418305565,0.7813209138173725,-0.18947448276734316
2012-01-25 09:00:00,279.65710280549536,280.2852970764191,0.6281942709237569,1.2614703615514589,0.9638756569594636,0.6281942709237303
2012-01-25 12:00:00,279.59834431689654,280.07193437936303,0.47359006246648505,1.0992282821124753,0.8375972253147828,0.47359006246649715
2012-01-25 15:00:00,278.66987610032027,279.8853309979804,1.2154548976601518,1.6774649001465622,1.3579772335739795,1.2154548976601907
2012-01-25 18:00:00,279.2021341737393,279.8966280291971,0.6944938554577789,1.2440535066423704,0.9536827472420386,0.6944938554577824
2012-01-25 21:00:00,279.9266049587435,279.9789884072817,0.05238344853819399,1.0921261854985946,0.8407288816364443,0.052383448538181346
2012-01-26 00:00:00,279.9034896971894,279.89257084462474,-0.0109188525646573,0.964063554153034,0.7432379128416379,-0.01091885256468162
2012-01-26 03:00:00,279.11570884247385,279.86277149361166,0.74706265113781,1.2763689681530457,1.069135432253132,0.7470626511378153
2012-01-26 06:00:00,278.91552941817883,279.9444763473084,1.0289469291295745,1.5136576695954274,1.3266832978311511,1.0289469291295432
2012-01-26 09:00:00,279.22000455696366,280.03209085465534,0.8120862976916783,1.35826871027383,1.1391799255718331,0.812086297691644
2012-01-26 12:00:00,278.89473521675313,279.8443882078569,0.9496529911037896,1.3977615626721218,1.1222183694210555,0.9496529911037932
2012-01-26 15:00:00,278.2554877451234,279.5521534134293,1.296665668305934,1.627717649923578,1.4086623968701377,1.2966656683059143
2012-01-26 18:00:00,278.6608579311795,279.5025404118537,0.8416824806741943,1.3628492154487308,1.1073482545254767,0.8416824806741829
2012-01-26 21:00:00,279.1252599140839,279.48483104210595,0.35957112802202573,1.1427814482451506,0.9187431719342299,0.35957112802202434
2012-01-27 00:00:00,278.8689649978997,279.44135399329264,0.5723889953929415,1.1550744978011336,0.9460191313847169,0.572388995392902
2012-01-27 03:00:00,278.2638939135082,279.4400496174129,1.1761557039047261,1.608529806253961,1.3321696450024978,1.1761557039047332
2012-01-27 06:00:00,277.81318304206894,279.4346153713293,1.621432329260358,2.0598544491291366,1.7259958423136252,1.621432329260377
2012-01-27 09:00:00,277.44842438924974,279.45451929029525,2.0060949010455147,2.42483297041245,2.09257940153121,2.0060949010455147
2012-01-27 12:00:00,276.77575172411287,279.47706670770367,2.7013149835908052,3.066685870492496,2.7480062608932263,2.701314983590803
2012-01-27 15:00:00,276.6756578706074,279.48145379958385,2.8057959289764653,3.1451536265621796,2.835394716619641,2.8057959289764525
2012-01-27 18:00:00,277.6915348844623,279.4884107506826,1.7968758662202617,2.107973981567282,1.8313836569650315,1.7968758662202853
2012-01-27 21:00:00,278.77480850734395,279.48873513705485,0.7139266297108975,1.1930301149701739,0.9621534602876983,0.7139266297108944
2012-01-28 00:00:00,278.93557621211863,279.53565753580386,0.6000813236852309,0.9896410497625467,0.7989278922025859,0.6000813236852723
2012-01-28 03:00:00,278.61828816599274,279.5521863429247,0.9338981769319616,1.204697044441719,1.001024520729841,0.9338981769319386
2012-01-28 06:00:00,278.4274196775454,279.61503266266953,1.187612985124133,1.398021687546899,1.2108741511731183,1.1876129851241584
2012-01-28 09:00:00,278.2917398069077,279.7825061071605,1.490766300252801,1.7105191046910981,1.4960083826784405,1.4907663002528362
2012-01-28 12:00:00,277.4700362988748,279.85446811895065,2.3844318200758607,2.5465742276160848,2.3845902746402188,2.3844318200758443
2012-01-28 15:00:00,277.14897146518285,279.77899381077134,2.630022345588486,2.7684195262357547,2.6301127519871557,2.630022345588457
2012-01-28 18:00:00,277.5057166027727,279.91644759105685,2.410730988284172,2.608074563259215,2.411423364532903,2.410730988284178
2012-01-28 21:00:00,278.2668274067526,280.3603813961016,2.0935539893490045,2.4226742540779016,2.1307851601708654,2.0935539893489494
2012-01-29 00:00:00,278.615221722934,280.42332779353836,1.8081060706043672,2.138296304213965,1.8874526811982242,1.808106070604354
2012-01-29 03:00:00,278.8626845580939,280.725056522786,1.8623719646921018,2.16561978488018,1.9312969935379336,1.8623719646921233
2012-01-29 06:00:00,279.6017828604408,280.7871149398091,1.1853320793683224,1.5570918099787017,1.2549745463531619,1.1853320793683493
2012-01-29 09:00:00,280.08485906211973,280.8352435019319,0.7503844398121942,1.234614663206349,1.0243249430571533,0.7503844398121767
2012-01-29 12:00:00,280.86397785835356,280.8405049123195,-0.023472946034075903,0.9687570971372683,0.797106544807087,-0.023472946034059246
2012-01-29 15:00:00,281.2567822888404,280.8470352810517,-0.4097470077886669,1.0255950571630605,0.8338827234870535,-0.4097470077886448
2012-01-29 18:00:00,281.54552491131346,280.78081060207313,-0.7647143092403326,1.2329340576389298,0.9279683242246058,-0.7647143092403358
2012-01-29 21:00:00,281.5205080656163,280.7118143046721,-0.8086937609442089,1.2477549872597131,0.9466797289735773,-0.8086937609442245
2012-01-30 00:00:00,281.1549595350181,280.4749739044952,-0.6799856305229355,1.0799118431441088,0.8394350620196325,-0.6799856305229306
2012-01-30 03:00:00,280.7880510498218,280.54131126560833,-0.246739784213446,0.8980789663152077,0.6932283218706465,-0.24673978421344234
2012-01-30 06:00:00,280.58983167053935,280.4544888822134,-0.13534278832594282,0.9349426061278912,0.7475031470270443,-0.13534278832598926
2012-01-30 09:00:00,280.3769432223397,280.14788814384514,-0.22905507849458218,0.9819560113554995,0.8180862141205109,-0.2290550784945873
2012-01-30 12:00:00,279.95867805438303,279.89563842314453,-0.06303963123849599,0.9639585971028357,0.7833660636605522,-0.06303963123848999
2012-01-30 15:00:00,279.8605135693175,279.92088364163254,0.060370072315038215,1.005769060371811,0.7829361491583393,0.060370072315039304
2012-01-30 18:00:00,280.4250542410643,279.8841719449906,-0.5408822960736757,1.1695106370192971,0.9855057407110707,-0.5408822960737155
2012-01-30 21:00:00,280.6789709704548,280.091447266618,-0.5875237038368368,1.216524648124951,0.9985095971267801,-0.5875237038368636
2012-01-31 00:00:00,280.4137216535674,279.9134143984825,-0.5003072550849197,1.0267106686291416,0.8307050543688149,-0.5003072550849216
2012-01-31 03:00:00,280.0752285401102,279.8411688739179,-0.23405966619225183,0.8440348284243967,0.6826568967628135,-0.23405966619221094
2012-01-31 06:00:00,279.9344565747767,279.84192368664986,-0.09253288812681149,0.7846864169807384,0.6347016240704879,-0.0925328881268057
2012-01-31 09:00:00,279.96626224833983,279.9124191529984,-0.05384309534144904,0.8342898797553439,0.6399074017414906,-0.053843095341457405
2012-01-31 12:00:00,279.95798732995263,279.94717541546953,-0.010811914483099372,0.8363177480501547,0.6450960544999464,-0.010811914483085572
2012-01-31 15:00:00,279.9993392490414,279.9476688284185,-0.05167042062288374,0.8417003173955429,0.6454812645357013,-0.051670420622890956
2012-01-31 18:00:00,280.29945479412777,280.0795595496642,-0.2198952444635438,1.0027198178755738,0.8088634339987602,-0.21989524446353392
2012-01-31 21:00:00,280.4930458879289,280.0720937897696,-0.4209520981592618,1.100304987080127,0.8816875310909335,-0.42095209815922474
2012-02-01 00:00:00,280.4704703191112,280.01215119979025,-0.45831911932094727,1.0438856355499582,0.8301422687996111,-0.45831911932093083
2012-02-01 03:00:00,280.2375271621182,280.0099938286717,-0.22753333344650173,0.8844018519241915,0.6897293667738021,-0.22753333344652946
2012-02-01 06:00:00,280.1071602753489,280.0301771336786,-0.0769831416703255,0.9528653931433472,0.7571068747057701,-0.07698314167030815
2012-02-01 09:00:00,279.75292329246935,280.0582058216825,0.3052825292131729,1.0885063647373878,0.861330016060129,0.3052825292131179
2012-02-01 12:00:00,279.44730685783554,279.96745198652707,0.5201451286915244,1.1681868820890786,0.9260586444842596,0.5201451286915054
2012-02-01 15:00:00,279.2005485260084,279.8477243784129,0.6471758524045299,1.3235271482685884,1.025609689860199,0.6471758524045591
2012-02-01 18:00:00,279.87503697485664,279.85608680754814,-0.018950167308503296,1.011303749715579,0.8152729500017232,-0.01895016730846065
2012-02-01 21:00:00,280.6392955836043,280.04527911362027,-0.5940164699840125,1.2884414379875002,1.0597378826266743,-0.5940164699840137
2012-02-02 00:00:00,280.47217175687007,279.88539295673,-0.5867788001400527,1.177594118143843,0.967079819293879,-0.58677880014004
2012-02-02 03:00:00,279.8279897556394,279.81428096278086,-0.013708792858551533,0.9079855190249285,0.699988653714223,-0.01370879285856978
2012-02-02 06:00:00,279.3966608735704,279.76831957581527,0.3716587022448721,1.0045515417552642,0.7492241369902047,0.3716587022448782
2012-02-02 09:00:00,279.1390187463509,279.73562713904664,0.596608392695714,1.1083719775990863,0.8665330769493284,0.596608392695697
2012-02-02 12:00:00,278.4486024451417,279.7187149724516,1.270112527309891,1.5726328106767316,1.30120106459868,1.2701125273098632
2012-02-02 15:00:00,278.14757245379957,279.75962797172207,1.6120555179224993,1.852172576288993,1.6176220857169716,1.6120555179225131
2012-02-02 18:00:00,278.7150387200617,279.7150901326731,1.0000514126113558,1.4367804962781534,1.1079117938188248,1.0000514126113418
2012-02-02 21:00:00,279.547512856494,280.1219114225756,0.5743985660815838,1.2203058580203539,1.0039270565362526,0.5743985660815891
2012-02-03 00:00:00,279.7686330403122,279.9785684141891,0.20993537387693095,0.873253361082768,0.7255581824521091,0.20993537387693453
2012-02-03 03:00:00,279.4042446925401,279.8180624830596,0.41381779051948797,1.0324895739144593,0.8327409937779494,0.413817790519514
2012-02-03 06:00:00,279.4474226073649,279.8197480153641,0.3723254079991989,1.125090769465255,0.8965097121308351,0.372325407999204
2012-02-03 09:00:00,279.5749419689407,279.8401424756275,0.2652005066867673,1.1085910199888198,0.875147877302217,0.2652005066868186
2012-02-03 12:00:00,278.7505109402227,279.8755084323087,1.1249974920860382,1.6222081233410286,1.3243770388200604,1.1249974920860315
2012-02-03 15:00:00,278.5285151036929,279.8397099845887,1.3111948808958118,1.8113208195734845,1.4337839558501786,1.3111948808958058
2012-02-03 18:00:00,279.92630850853794,280.3988509450672,0.47254243652923833,1.2203213246581348,0.9298211645397716,0.4725424365292573
2012-02-03 21:00:00,281.07584211318715,280.89835050860916,-0.17749160457799462,1.3996031311003843,1.0496007402462066,-0.17749160457799656
2012-02-04 00:00:00,281.01552868980383,280.56770967416236,-0.4478190156414712,1.204575226365736,0.9258253833610491,-0.44781901564148746
2012-02-04 03:00:00,280.34213050518014,280.15708415213527,-0.18504635304486783,1.1280738280702156,0.8505858403783316,-0.18504635304490516
2012-02-04 06:00:00,280.1330154550378,279.8857112435615,-0.24730421147631887,1.112494835169837,0.8537843272824369,-0.24730421147632953
2012-02-04 09:00:00,279.93290244246464,279.744254196979,-0.18864824548563774,1.0591581660567047,0.8085220723338307,-0.18864824548558687
2012-02-04 12:00:00,278.60418686509877,279.7408276942718,1.1366408291730181,1.5950104743474345,1.2491192167143899,1.1366408291729961
2012-02-04 15:00:00,278.0879545438073,279.80783832641407,1.7198837826067574,2.103165566800226,1.75903511630937,1.7198837826067215
2012-02-04 18:00:00,279.457468867488,280.07440668342815,0.6169378159401617,1.309591093916993,1.0138968669068775,0.616937815940162
2012-02-04 21:00:00,280.60428520772524,280.53432780179406,-0.06995740593117716,1.3910799373960363,1.0794520742260458,-0.06995740593114694
2012-02-05 00:00:00,280.59905191687307,280.3117999196406,-0.28725199723248807,1.077559672717489,0.8234598664077427,-0.28725199723248696
2012-02-05 03:00:00,279.97724640491435,279.9391028660153,-0.03814353889907807,1.0885800478253485,0.8422860805932914,-0.03814353889904161
2012-02-05 06:00:00,279.76662951104123,279.908981924909,0.14235241386779762,1.121518994804193,0.867646984112857,0.14235241386779468
2012-02-05 09:00:00,279.7901855039765,279.8146464203692,0.024460916392683885,1.1090994528188953,0.8580505424341923,0.024460916392724064
2012-02-05 12:00:00,278.8237822259745,279.75136724434805,0.9275850183735201,1.4354576679140576,1.0904751608400824,0.9275850183735297
2012-02-05 15:00:00,278.52144945994775,279.78649498782596,1.2650455278782147,1.7127065760274542,1.3373778278409938,1.2650455278782116
2012-02-05 18:00:00,279.7766954148655,280.33344976408927,0.5567543492237519,1.400990651669828,1.117303845383888,0.5567543492238042
2012-02-05 21:00:00,280.6212051628031,280.8094844438206,0.18827928101751468,1.484245665600073,1.2236055209362098,0.188279281017544
2012-02-06 00:00:00,280.54343195698516,280.41527872390367,-0.12815323308149118,1.1336866531336867,0.9113799110235322,-0.12815323308149237
2012-02-06 03:00:00,279.94467477662647,280.0630205278938,0.11834575126732716,0.9832944761584316,0.7848183940898091,0.11834575126734853
2012-02-06 06:00:00,279.7190383264842,279.9381468190615,0.21910849257727705,1.0791619686766551,0.8184219127297058,0.21910849257727064
2012-02-06 09:00:00,279.56942545967905,279.87831758469355,0.3088921250144949,1.0676964730481282,0.8085480555675019,0.3088921250145435
2012-02-06 12:00:00,278.4085772687904,279.817449364842,1.4088720960515957,1.8794067038590776,1.4780540840826997,1.408872096051617
2012-02-06 15:00:00,278.1504802757996,279.7537400335769,1.6032597577772663,2.1025437296389904,1.6683222833723912,1.6032597577772691
2012-02-06 18:00:00,279.77812705987935,280.17169684248654,0.39356978260718734,1.149473272060535,0.9007455821985483,0.39356978260717745
2012-02-06 21:00:00,281.0740850085879,280.85086890616805,-0.22321610241982626,1.3951676944722977,1.054946652485033,-0.2232161024198226
2012-02-07 00:00:00,281.14430304407836,280.75466845222843,-0.38963459184992644,1.0827311641830144,0.8421548845938389,-0.3896345918499612
2012-02-07 03:00:00,280.58018589742795,280.77770358240633,0.1975176849783793,1.109411371684959,0.8507862050050236,0.1975176849783345
2012-02-07 06:00:00,280.3713163427392,280.6481390638626,0.2768227211233807,1.2775038639338692,0.9865597845531507,0.2768227211233746
2012-02-07 09:00:00,280.23137289948403,280.5418572412542,0.31048434177017725,1.364821298471825,1.0534169599596055,0.3104843417701399
2012-02-07 12:00:00,279.05436966052815,280.4582490102259,1.4038793496977746,2.0016147631002363,1.6361136943808279,1.403879349697788
2012-02-07 15:00:00,278.7270344250611,280.3623585214033,1.635324096342174,2.172167936618345,1.7774821832511858,1.635324096342199
2012-02-07 18:00:00,280.2517249100787,280.9563441963187,0.7046192862400176,1.3365457088646946,1.0201180523703315,0.7046192862400048
2012-02-07 21:00:00,281.4013282465858,281.39572163354006,-0.005606613045756603,1.3665192906360706,1.055205392109229,-0.005606613045746079
2012-02-08 00:00:00,281.3913024258866,280.85899987261837,-0.5323025532682095,1.3395032155600854,1.0541013249831477,-0.5323025532682127
2012-02-08 03:00:00,280.9150456360245,280.6420474368297,-0.27299819919477386,1.291210519081089,0.9816133071121128,-0.2729981991947748
2012-02-08 06:00:00,280.87804459705814,280.43364260669904,-0.444401990359097,1.3455395927301976,1.0941479344742557,-0.4444019903591227
2012-02-08 09:00:00,280.51007289808433,280.2363163125302,-0.27375658555411064,1.0144957366071141,0.8378672843006794,-0.27375658555408916
2012-02-08 12:00:00,280.1339805223072,280.33682493518245,0.20284441287526533,0.9526232349679442,0.7508198808748064,0.20284441287526073
2012-02-08 15:00:00,280.0220430387106,280.59202305186625,0.5699800131556572,1.0892542884888152,0.8650946555429363,0.5699800131556287
2012-02-08 18:00:00,280.17047139539926,280.7610339252422,0.5905625298429413,1.0000140303581095,0.8125048178347289,0.5905625298429763
2012-02-08 21:00:00,280.5858755153763,280.83579699007004,0.2499214746937355,0.8906762598129475,0.69398934963935,0.2499214746937321
2012-02-09 00:00:00,280.95001313362445,280.7594310491023,-0.1905820845221342,0.8899649101442888,0.6986958469376666,-0.19058208452217254
2012-02-09 03:00:00,280.78299222323477,280.7004507994858,-0.0825414237489781,0.8049442542038266,0.6087897815753328,-0.08254142374899971
2012-02-09 06:00:00,280.6699155058435,280.7095952237954,0.03967971795191261,0.8792349773405689,0.6741866198271934,0.03967971795195538
2012-02-09 09:00:00,280.725231547282,280.7392444528333,0.014012905551282984,0.9364298476990721,0.7390875150918823,0.01401290555128797
2012-02-09 12:00:00,280.2528663221737,280.8099689684495,0.55710264627578,1.1003545309858258,0.8830893098793139,0.5571026462758222
2012-02-09 15:00:00,280.190513671494,280.8491090476632,0.6585953761692167,1.140056758983165,0.9537792224325536,0.6585953761692159
2012-02-09 18:00:00,280.4431119641122,280.96915197533565,0.526040011223472,1.0615213550185918,0.8873632118923792,0.526040011223455
2012-02-09 21:00:00,280.7226563898702,281.04440617919045,0.32174978932022213,1.075676968367405,0.8332485456168912,0.3217497893202272
2012-02-10 00:00:00,281.1507763438933,281.0199962197997,-0.13078012409363282,1.0508459443405516,0.8035105050006365,-0.13078012409362308
2012-02-10 03:00:00,281.2510952286793,280.90924178724475,-0.3418534414345231,1.0061591639729845,0.7819837294551447,-0.34185344143454505
2012-02-10 06:00:00,281.3665177504751,280.74871635828407,-0.6178013921910406,1.088086431531132,0.841403010261136,-0.6178013921910422
2012-02-10 09:00:00,281.37719590329675,280.75993008310843,-0.6172658201883223,1.1699811714337445,0.9164750566146579,-0.6172658201883042
2012-02-10 12:00:00,280.9487149420326,280.70995361962605,-0.23876132240656034,1.073946804701912,0.8305460830721663,-0.23876132240659617
2012-02-10 15:00:00,280.83702984990305,280.7055304731077,-0.13149937679537516,0.9928650697426006,0.758773053549171,-0.1314993767953784
2012-02-10 18:00:00,281.3540061002997,280.8267767836242,-0.5272293166755162,1.2979975647159117,1.0347143816578517,-0.5272293166755208
2012-02-10 21:00:00,281.5733364067679,280.837887358862,-0.7354490479058882,1.3990644997620503,1.1014787968713522,-0.7354490479058606
2012-02-11 00:00:00,281.39108230131274,280.63001094972935,-0.7610713515833822,1.2643419067205295,0.9951597624145101,-0.7610713515833553
2012-02-11 03:00:00,281.29004591426497,280.3827720208886,-0.9072738933763844,1.3763666217373052,1.1006570200615837,-0.9072738933763617
2012-02-11 06:00:00,280.9983868315881,280.2614813861425,-0.7369054454455863,1.3004522033759707,1.0794355590425826,-0.7369054454455994
2012-02-11 09:00:00,280.74926034199825,280.1108279529079,-0.6384323890903261,1.2935040986023794,1.0896348772901694,-0.6384323890903246
2012-02-11 12:00:00,280.4329197631204,279.92529316224335,-0.5076266008770745,1.1787362580317482,0.9541100267096437,-0.5076266008770836
2012-02-11 15:00:00,280.3410565067726,279.80032897388986,-0.5407275328827268,1.172187142024993,0.9724025344534581,-0.540727532882712
2012-02-11 18:00:00,280.7025217491939,279.94686496736915,-0.7556567818247686,1.3436772555726904,1.1326106477993378,-0.7556567818247563
2012-02-11 21:00:00,280.9371370773247,280.2265914505069,-0.7105456268178045,1.339819489662201,1.082120543811865,-0.7105456268178176
2012-02-12 00:00:00,280.79251680725343,279.9157734624321,-0.8767433448213069,1.2783179044357307,1.0523328076503664,-0.8767433448212992
2012-02-12 03:00:00,280.4153892581119,279.5448799743124,-0.8705092837994926,1.2653721430531093,1.0319165711339437,-0.8705092837995285
2012-02-12 06:00:00,280.145268918695,279.47957631886396,-0.6656925998310612,1.1561517140030926,0.9175718141164886,-0.6656925998310554
2012-02-12 09:00:00,279.99719998642666,279.4408566564783,-0.5563433299483904,1.0950723359369852,0.8409508267728384,-0.5563433299484094
2012-02-12 12:00:00,279.55130741845034,279.5311754806813,-0.020131937769008346,0.889227623698532,0.7042003202372146,-0.02013193776900677
2012-02-12 15:00:00,279.3078478735865,279.595132373954,0.2872845003674911,0.8713832949930443,0.6981904936483059,0.2872845003674994
2012-02-12 18:00:00,279.6538271432387,279.6892523790114,0.0354252357727205,0.8864123777734968,0.6851676730081452,0.03542523577271205
2012-02-12 21:00:00,279.8623926534824,279.7519721143486,-0.11042053913382688,1.158986911134799,0.9244432021503934,-0.11042053913382556
2012-02-13 00:00:00,279.57311596383,279.81507889040876,0.24196292657876484,1.1202950356306067,0.8963024781147908,0.24196292657876664
2012-02-13 03:00:00,279.18219442812733,279.69711775069766,0.5149233225703256,0.9755846039699818,0.8125767126184503,0.5149233225703426
2012-02-13 06:00:00,278.94051464946045,279.7837393153565,0.8432246658960594,1.1917624833557452,0.9793563172858918,0.8432246658960612
2012-02-13 09:00:00,278.780712627309,279.76756400185945,0.9868513745504401,1.2960487223754833,1.0687971259833902,0.9868513745504475
2012-02-13 12:00:00,279.0007194904436,279.7228792466003,0.7221597561567137,1.0829168633908046,0.8705099209026733,0.7221597561567248
2012-02-13 15:00:00,279.0524945504769,279.70513984788266,0.6526452974057406,1.0591878017292364,0.8338267731563737,0.6526452974057178
2012-02-13 18:00:00,279.7990030512493,279.670735162851,-0.1282678883983408,0.9856263798013812,0.7881565700770201,-0.12826788839835637
2012-02-13 21:00:00,280.56131308471595,279.6743270150111,-0.8869860697048466,1.5101870754503879,1.2517523782614162,-0.8869860697048648
2012-02-14 00:00:00,280.5188247284865,279.7181823024743,-0.8006424260121889,1.355361164307448,1.1652469756177484,-0.800642426012218
2012-02-14 03:00:00,279.719784689256,279.73953347004385,0.01974878078783604,0.9904499723805631,0.7466605535563708,0.019748780787823855
2012-02-14 06:00:00,279.21995469942397,279.72841997853106,0.5084652791070994,1.1712957111773339,0.8561819072858524,0.5084652791070655
2012-02-14 09:00:00,278.71776583951066,279.76683688005267,1.0490710405420032,1.492708292931023,1.1449482623198093,1.0490710405420252
2012-02-14 12:00:00,278.2596845640307,279.8241858947521,1.5645013307213844,1.8423379579745207,1.5712912078014076,1.564501330721351
2012-02-14 15:00:00,278.3195738773377,279.83131293889096,1.5117390615532713,1.8735139927242068,1.5445538228756601,1.5117390615532325
2012-02-14 18:00:00,279.0096660801648,279.77799851991375,0.7683324397489741,1.2449647139182718,0.9427845575935363,0.7683324397489869
2012-02-14 21:00:00,279.7551015739956,279.71847107519324,-0.03663049880236713,1.0309131555661877,0.7771708288068886,-0.036630498802369085
2012-02-15 00:00:00,279.84420914362454,279.739573315802,-0.10463582782256253,0.8226212697952087,0.6572862664519157,-0.10463582782256238
2012-02-15 03:00:00,279.1457665206253,279.74173550438024,0.5959689837549718,1.0549441654569678,0.8068578794223042,0.5959689837549813
2012-02-15 06:00:00,278.7840661522697,279.74600918740083,0.961943035131128,1.4113141425227012,1.0882654610166254,0.9619430351311229
2012-02-15 09:00:00,278.5898453444453,279.7474894326225,1.1576440881772214,1.6259590077275745,1.2661305479076845,1.1576440881771992
2012-02-15 12:00:00,277.6129600075199,279.7403743513232,2.1274143438033093,2.512468140991352,2.15828395610217,2.12741434380335
2012-02-15 15:00:00,277.32821991224415,279.75101218102816,2.4227922687840078,2.7135632357465984,2.4259988317860746,2.4227922687840118
2012-02-15 18:00:00,278.4891821689699,279.86745425684916,1.3782720878792816,1.6341388686200182,1.4262497630531281,1.3782720878792973
2012-02-15 21:00:00,279.5825363771721,279.6631417817093,0.08060540453720932,1.0370889754802672,0.7996339074834377,0.08060540453720276
2012-02-16 00:00:00,279.8041300399981,279.8044985454819,0.0003685054838342694,0.9625439743474171,0.7176000963212958,0.00036850548378788414
2012-02-16 03:00:00,279.23409922021034,279.8350107942897,0.6009115740793618,1.171273683016752,0.8665146335820096,0.6009115740793628
2012-02-16 06:00:00,279.02663647588736,279.7337845313804,0.7071480554930645,1.3021299124055898,0.9547770343286144,0.7071480554931043
2012-02-16 09:00:00,279.03231600330685,279.8677704853763,0.8354544820694514,1.2540055451282435,0.9660835677192929,0.8354544820694471
2012-02-16 12:00:00,278.1351584926481,279.86587146989507,1.7307129772469807,1.8715293606946735,1.7339074454139924,1.7307129772470284
2012-02-16 15:00:00,277.49778706478753,279.79458974664334,2.2968026818558087,2.4142732777699245,2.2972561687993855,2.2968026818558016
2012-02-16 18:00:00,277.7385850510784,279.8049763675907,2.066391316512295,2.255638511932344,2.0827888207622927,2.0663913165122785
2012-02-16 21:00:00,278.3421297394564,279.7379822641314,1.3958525246749787,1.7633029708665573,1.525867915377031,1.3958525246749935
2012-02-17 00:00:00,278.8058869934776,279.70274059768656,0.8968536042089568,1.3825252791956935,1.166619825648501,0.8968536042089612
2012-02-17 03:00:00,278.91390448229566,279.7194353891134,0.8055309068177507,1.2906239541567734,1.0524174013734633,0.8055309068177725
2012-02-17 06:00:00,279.02279792568993,279.7294158378691,0.7066179121791833,1.185711347114267,0.9251124904411279,0.7066179121791406
2012-02-17 09:00:00,279.1392927254523,279.7218943758853,0.5826016504329914,1.1298100741942192,0.8257152764131579,0.5826016504329835
2012-02-17 12:00:00,278.9004300901462,279.7391676835918,0.8387375934456145,1.3802685131705936,0.9917486705536054,0.8387375934455944
2012-02-17 15:00:00,278.92979058358884,279.78960697682226,0.859816393233416,1.3304877965452087,0.9801324169125702,0.8598163932334465
2012-02-17 18:00:00,279.998839988543,280.2596794038327,0.2608394152896949,1.4079256996430576,1.0187836670200865,0.2608394152896979
2012-02-17 21:00:00,280.96490317233656,280.3370870256917,-0.6278161466448751,1.4583044260496254,1.188859246622404,-0.6278161466449055
2012-02-18 00:00:00,280.20633463039684,280.3291393510787,0.1228047206818701,0.9439924007607065,0.7126422106466059,0.12280472068186173
2012-02-18 03:00:00,279.746803172039,279.9973554643432,0.2505522923041781,1.0771206697791813,0.7814028770057072,0.2505522923041648
2012-02-18 06:00:00,279.18745040082644,279.88851273645906,0.7010623356326278,1.0983544842794803,0.8154960500984975,0.7010623356326384
2012-02-18 09:00:00,278.85878648393845,279.8231014698272,0.9643149858887341,1.2623528934001378,1.0172804309620962,0.9643149858887241
2012-02-18 12:00:00,279.08261729414636,279.8358931138976,0.7532758197512521,1.1303934350104954,0.8520277004167649,0.7532758197512792
2012-02-18 15:00:00,279.31244579485946,279.91116665396413,0.5987208591046738,1.0207123358846613,0.7513460886987733,0.5987208591046492
2012-02-18 18:00:00,279.3214520952823,279.9605471695149,0.6390950742325572,1.0680608590913427,0.8807932002700579,0.6390950742325735
2012-02-18 21:00:00,279.7877384327958,279.908592992001,0.12085455920521326,1.1001442718848684,0.9020162692339002,0.12085455920520102
2012-02-19 00:00:00,280.0540555180545,279.8013983933295,-0.25265712472497626,0.9428136573835768,0.7352311492556559,-0.2526571247249934
2012-02-19 03:00:00,279.53218445856936,279.68670206524735,0.15451760667798453,0.9108097466907746,0.7028639692044004,0.15451760667802053
2012-02-19 06:00:00,279.056399866009,279.57705721100444,0.5206573449954703,1.0464525613420872,0.8151380026309577,0.5206573449954373
2012-02-19 09:00:00,278.88321927629596,279.56759986180435,0.6843805855083929,1.1586964950075975,0.9528343564702356,0.6843805855083948
2012-02-19 12:00:00,278.4642817980272,279.5373448811712,1.0730630831440067,1.5910799953119195,1.351432291716665,1.0730630831439958
2012-02-19 15:00:00,278.43923255156653,279.4798447534056,1.0406122018390533,1.5853535262482705,1.3465521191261054,1.040612201839028
2012-02-19 18:00:00,279.05068244388946,279.504826318063,0.4541438741735533,1.0667842221706578,0.8837770295377787,0.45414387417354035
2012-02-19 21:00:00,279.53075623681303,279.59884695452905,0.06809071771601793,0.9871983161880754,0.8159942111345813,0.06809071771601947
2012-02-20 00:00:00,279.41652628398236,279.75200906708096,0.33548278309859825,1.188999563368634,0.9292506144869206,0.3354827830986086
2012-02-20 03:00:00,278.96138426229925,279.78336509019397,0.8219808278947198,1.3314747932333457,1.0173437884136822,0.8219808278946799
2012-02-20 06:00:00,278.6023962280248,279.74855069271706,1.1461544646922448,1.3781896298991871,1.1732212169443739,1.1461544646922432
2012-02-20 09:00:00,278.54925562421005,279.77104961716395,1.2217939929539057,1.4085027239500891,1.2371863096858324,1.2217939929538657
2012-02-20 12:00:00,277.8219309782297,279.78285585766264,1.9609248794329233,2.1052204714271348,1.9628692912318335,1.960924879432936
2012-02-20 15:00:00,277.55120954305784,279.78918300699115,2.237973463933315,2.379074841841332,2.2384623264133547,2.2379734639332933
2012-02-20 18:00:00,278.14354189743875,279.80215148037064,1.6586095829318879,1.8869715984273325,1.7016228461548855,1.658609582931867
2012-02-20 21:00:00,278.7486794899238,279.8341925948572,1.0855131049333977,1.4687339884254775,1.2096407956071475,1.0855131049334483
2012-02-21 00:00:00,278.7337852682302,279.8717899436178,1.1380046753876059,1.4697770260010694,1.2629736084533356,1.1380046753876154
2012-02-21 03:00:00,278.8921994277408,279.9987479082018,1.1065484804609582,1.3983898500948735,1.1723786579725168,1.1065484804609262
2012-02-21 06:00:00,279.3765820111057,280.25874675382636,0.8821647427206472,1.2482252694081775,0.9964589312228234,0.8821647427206657
2012-02-21 09:00:00,279.78408285419675,280.3111927655934,0.5271099113966216,0.9612320688783444,0.7609572249983536,0.5271099113965995
2012-02-21 12:00:00,279.85721993655227,280.3550853597768,0.49786542322453897,0.9160360265623169,0.7189471944854404,0.4978654232245217
2012-02-21 15:00:00,279.98941259744026,280.5504684147315,0.5610558172912192,1.022731523335896,0.8107683566522934,0.5610558172912437
2012-02-21 18:00:00,280.1581610398187,280.79103596505223,0.6328749252335228,1.006996728178358,0.8077030419298497,0.6328749252335648
2012-02-21 21:00:00,280.55459644562353,281.0733812113559,0.5187847657323914,0.9469473783405679,0.7545354037925083,0.5187847657323963
2012-02-22 00:00:00,280.8589964257366,281.1147733444402,0.25577691870358876,0.9091635680315259,0.7426816111750103,0.25577691870358077
2012-02-22 03:00:00,281.15024811526365,281.0282781275721,-0.12196998769155698,0.8112338911996639,0.6551050982747088,-0.12196998769154223
2012-02-22 06:00:00,281.24904138813423,280.7791394254011,-0.46990196273310403,0.883197165520312,0.6730738113759746,-0.4699019627330704
2012-02-22 09:00:00,281.13621855390875,280.4874999376771,-0.6487186162316334,1.0492854961154878,0.8000087348753588,-0.6487186162315888
2012-02-22 12:00:00,280.3891350684856,280.35465581351195,-0.03447925497363258,0.9602947597739341,0.7812920398078664,-0.03447925497363739
2012-02-22 15:00:00,280.14118385945386,280.08630037055207,-0.05488348890179395,0.9807488744599988,0.802139458283023,-0.054883488901796715
2012-02-22 18:00:00,280.5198511980245,280.1318848148233,-0.387966383201217,1.2405917048189605,0.9915141041001729,-0.38796638320119065
2012-02-22 21:00:00,280.3101951535655,280.30926296029344,-0.0009321932720354198,1.241612709959578,0.9658237878807805,-0.0009321932720419959
2012-02-23 00:00:00,279.7224017046069,280.12784104129094,0.4054393366840259,1.2448040121056885,0.9888255712026055,0.4054393366839944
2012-02-23 03:00:00,279.3992310020297,279.8408270630184,0.4415960609887293,0.9907098769864676,0.7600697028189145,0.44159606098872384
2012-02-23 06:00:00,279.03193008192045,279.6223996764515,0.5904695945310436,1.1266412601014926,0.8743162139565964,0.5904695945310292
2012-02-23 09:00:00,278.70414262209147,279.4876594587049,0.783516836613444,1.35680535596989,1.0539078466202296,0.7835168366134369
2012-02-23 12:00:00,278.3570664865662,279.4671624945828,1.1100960080165692,1.6717993510520568,1.2891538671157425,1.110096008016541
2012-02-23 15:00:00,278.1440660709575,279.4351200211428,1.291053950185301,1.7533257146503383,1.4197163550501564,1.291053950185293
2012-02-23 18:00:00,279.08007421800903,279.4320287318114,0.35195451380235454,1.0547394053688521,0.8337984068794504,0.35195451380235854
2012-02-23 21:00:00,279.5819197906985,279.4284185281558,-0.15350126254270435,1.0553018212426322,0.8465324323014424,-0.15350126254268973
2012-02-24 00:00:00,279.380391471301,279.5289814515703,0.14858998026932113,0.9973707854582458,0.7817802258111338,0.14858998026931683
2012-02-24 03:00:00,278.6269385391254,279.66002726117483,1.033088722049456,1.640063834674522,1.2903625965264887,1.0330887220494789
2012-02-24 06:00:00,278.137968663123,279.7077288164457,1.5697601533227044,1.9794826332279858,1.642385270990664,1.5697601533227004
2012-02-24 09:00:00,277.76724043483415,279.8151199612499,2.047879526415727,2.39721885554342,2.083724563287581,2.0478795264157257
2012-02-24 12:00:00,277.92311383075315,279.79934117715027,1.8762273463971155,2.1288804572835005,1.8978770809746142,1.876227346397109
2012-02-24 15:00:00,278.36739068228,279.7837723284741,1.4163816461940542,1.7680303294846984,1.5075895566478488,1.4163816461940089
2012-02-24 18:00:00,278.84405559351694,279.826298682525,0.9822430890080796,1.7416605974609762,1.463414294161053,0.9822430890080747
2012-02-24 21:00:00,279.63487404503076,279.83266780453863,0.19779375950787426,1.564720877408165,1.2850042103405686,0.19779375950787384
2012-02-25 00:00:00,279.8007793120665,279.9390322060642,0.13825289399773055,1.1868939728687349,0.8913874587196161,0.1382528939977243
2012-02-25 03:00:00,279.8774325565536,279.85190310644083,-0.025529450112742325,0.9693847389256806,0.7182830753923818,-0.025529450112743334
2012-02-25 06:00:00,279.36808204531354,279.52007074024334,0.15198869492979838,0.8894664114090924,0.6784205842102793,0.15198869492980913
2012-02-25 09:00:00,278.2855402732015,279.58856881436037,1.3030285411588807,1.6343557308529901,1.3609757473379633,1.3030285411589242
2012-02-25 12:00:00,278.2461160013617,279.52823985713496,1.28212385577325,1.601038986514441,1.426635398699283,1.2821238557732515
2012-02-25 15:00:00,278.4001403023371,279.48072359688274,1.0805832945456473,1.510977095269,1.3393082559945864,1.080583294545664
2012-02-25 18:00:00,278.92777450874826,279.51001766472905,0.582243155980791,1.1137943467696074,0.936182167706919,0.5822431559807772
2012-02-25 21:00:00,279.3257433044517,279.536580515642,0.21083721119032361,0.9771464786131262,0.8135425077378146,0.21083721119030732
2012-02-26 00:00:00,279.0075607527609,279.5139117797703,0.506351027009373,1.0726932116346153,0.8943848906457113,0.5063510270093695
2012-02-26 03:00:00,278.1630319116033,279.45248808209885,1.289456170495555,1.7557498254160147,1.4702743189597625,1.2894561704955274
2012-02-26 06:00:00,277.5165888575608,279.4172226534691,1.900633795908277,2.365895693049279,2.0416588239357036,1.900633795908265
2012-02-26 09:00:00,277.0250867995474,279.40947553172634,2.384388732178934,2.8232886504616626,2.4630568297985107,2.384388732178931
2012-02-26 12:00:00,276.03985425196475,279.3703087163048,3.3304544643400504,3.6960986550055783,3.3346527078235106,3.3304544643400553
2012-02-26 15:00:00,275.50449321698966,279.40445336350683,3.8999601465171736,4.120421436448128,3.9000308113430475,3.899960146517134
2012-02-26 18:00:00,276.45679517084847,279.50632598349347,3.0495308126450027,3.213744165983971,3.054887599135799,3.049530812645003
2012-02-26 21:00:00,277.42513889516033,279.46935953746544,2.044220642305106,2.3321284805564395,2.1135038393642946,2.044220642305086
2012-02-27 00:00:00,277.6135469565102,279.36655301539037,1.7530060588801462,2.1015741846397593,1.8217551227622688,1.7530060588801561
2012-02-27 03:00:00,276.82190256957927,279.38681384786275,2.564911278283489,2.782094575966152,2.5764075019170543,2.56491127828351
2012-02-27 06:00:00,276.0760858405763,279.3591306786312,3.2830448380548773,3.5007492974793886,3.2831151323934984,3.2830448380548756
2012-02-27 09:00:00,275.51990395121487,279.35115941207755,3.8312554608626783,4.045320946512071,3.831343165104064,3.8312554608626708
2012-02-27 12:00:00,273.86281125724764,279.3657921837399,5.502980926492285,5.729862704104893,5.502980926492298,5.502980926492298
2012-02-27 15:00:00,273.1448496909512,279.3737567248993,6.228907033948076,6.407572472292288,6.228907033948108,6.228907033948108
2012-02-27 18:00:00,274.66840192314044,279.41429236673963,4.745890443599194,4.9152424089125955,4.746214856970546,4.745890443599222
2012-02-27 21:00:00,276.0069875414244,279.4546107969062,3.447623255481801,3.7133548723015473,3.468326656772366,3.447623255481844
2012-02-28 00:00:00,276.69333009112955,279.4229380232841,2.729607932154522,2.97709452590539,2.7535904362086763,2.7296079321544955
2012-02-28 03:00:00,276.6419447473524,279.38617096579117,2.7442262184387687,2.8994058568919403,2.7445140105663817,2.744226218438803
2012-02-28 06:00:00,276.7273982810794,279.40709419204086,2.6796959109614704,2.8596915513330443,2.6799834015993915,2.6796959109614704
2012-02-28 09:00:00,276.7423480571172,279.4293918852658,2.6870438281485463,2.8860144491942132,2.687935956294955,2.687043828148519
2012-02-28 12:00:00,276.01471201469406,279.45553983728644,3.4408278225923823,3.661189427775213,3.4408370555256473,3.440827822592374
2012-02-28 15:00:00,275.96573273012945,279.4625381772154,3.496805447085933,3.6987214576625855,3.4969028327452256,3.496805447085943
2012-02-28 18:00:00,277.4838000723473,279.40542894616544,1.921628873818122,2.2303708260937123,2.011062315143341,1.9216288738181126
2012-02-28 21:00:00,278.7247405631247,279.4514582920497,0.7267177289249958,1.2647258937014951,0.9848294236614508,0.726717728925027
2012-03-01 00:00:00,278.1487428062768,279.51102378671504,1.3622809804382428,1.7372226841952392,1.4796717482153492,1.362280980438247
2012-03-01 03:00:00,277.6111355353566,279.5394984904188,1.9283629550621981,2.115227270465062,1.9342198123985554,1.9283629550621895
2012-03-01 06:00:00,277.2415617045923,279.5209571974593,2.2793954928670246,2.4611569940196136,2.2819930647599063,2.2793954928670126
2012-03-01 09:00:00,277.0476932688051,279.51216436933845,2.4644711005333306,2.6102750108912147,2.4656533464776023,2.4644711005333675
2012-03-01 12:00:00,276.43424697646674,279.47558282510676,3.041335848640017,3.3144120844997955,3.0413372323425816,3.041335848640048
2012-03-01 15:00:00,276.4926658332163,279.4852004745579,2.992534641341649,3.266999426484973,2.9925346413416634,2.9925346413416634
2012-03-01 18:00:00,277.9734986559771,279.5718813168083,1.5983826608311915,1.8893656337998745,1.644007086230914,1.5983826608312028
2012-03-01 21:00:00,279.2266542571024,279.5636284611643,0.33697420406190304,1.147273507811622,0.9295929098698198,0.33697420406190387
2012-03-02 00:00:00,279.7542833719382,279.60087719075887,-0.1534061811793208,0.8754414695408489,0.6775652779257061,-0.15340618117936083
2012-03-02 03:00:00,279.06195029210716,279.53285326987645,0.470902977769299,1.0910600472235872,0.8049880758140473,0.4709029777692506
2012-03-02 06:00:00,278.63477969451736,279.51454695285634,0.8797672583389726,1.4855133202346265,1.1382797813253813,0.87976725833897
2012-03-02 09:00:00,278.5050905467489,279.53294490210806,1.0278543553591817,1.6189133177376482,1.2585712763459362,1.0278543553591937
2012-03-02 12:00:00,278.0451673978276,279.6170079936578,1.5718405958302242,1.9159010116175834,1.6173559907200943,1.5718405958302006
2012-03-02 15:00:00,278.0085827985757,279.82421182136267,1.8156290227869931,1.995056411046836,1.8214385619965692,1.8156290227870022
2012-03-02 18:00:00,278.6462616457655,279.7887823928588,1.1425207470933287,1.4631634291340108,1.205597539557003,1.1425207470932917
2012-03-02 21:00:00,278.5547517900446,279.77725677360866,1.2225049835640789,1.5276328814008948,1.259639556199664,1.2225049835640438
2012-03-03 00:00:00,278.5422646494035,279.7936290378495,1.2513643884460066,1.5394147347475764,1.2931806544808286,1.2513643884460188
2012-03-03 03:00:00,278.72657499194645,279.8471603718856,1.1205853799391434,1.4624488142811305,1.21076499766752,1.1205853799391265
2012-03-03 06:00:00,279.03629484219175,280.1114636078524,1.075168765660635,1.4875565649271179,1.2376034832501106,1.0751687656606628
2012-03-03 09:00:00,279.40463741881797,280.2942307167095,0.8895932978915084,1.303063753282096,1.0611004085115865,0.8895932978915091
2012-03-03 12:00:00,280.03343283162013,280.4935127562884,0.4600799246682641,0.982573661188246,0.7988007584387825,0.4600799246682642
2012-03-03 15:00:00,280.59191482157894,280.39872375955514,-0.1931910620238,1.0579545135867914,0.8429105087979062,-0.19319106202380834
2012-03-03 18:00:00,281.0834093764748,280.5378869603257,-0.5455224161490833,1.2664487096627097,0.9865865721342295,-0.5455224161490364
2012-03-03 21:00:00,281.46426222369865,280.66723567677235,-0.797026546926304,1.4606837012825973,1.1918954368439345,-0.7970265469263342
2012-03-04 00:00:00,281.37609784121463,280.5162580802828,-0.859839760931834,1.436933859348377,1.209015472308238,-0.859839760931841
2012-03-04 03:00:00,280.8649413311776,280.2584877108376,-0.6064536203400053,1.2129269871386112,1.0197984167101133,-0.6064536203400078
2012-03-04 06:00:00,280.45351985320497,280.1330389877306,-0.32048086547439425,1.0802898797912053,0.9052530359498547,-0.32048086547439075
2012-03-04 09:00:00,280.15503911666315,280.0797196395475,-0.07531947711567,1.0163037491688167,0.8180283547303193,-0.07531947711565702
2012-03-04 12:00:00,280.0779231609239,280.09898398832826,0.02106082740436932,1.1808547266047256,0.9400375218278512,0.02106082740437672
2012-03-04 15:00:00,280.034198518979,280.0058921338762,-0.028306385102780496,1.2767416820448418,1.0386931237960813,-0.028306385102765435
2012-03-04 18:00:00,280.54807584268127,280.23901162069535,-0.30906422198592054,1.4535445913663527,1.193737818392878,-0.309064221985929
2012-03-04 21:00:00,281.116221460764,280.4405496035114,-0.6756718572526097,1.504322182398349,1.1172466212219057,-0.6756718572526088
2012-03-05 00:00:00,281.04960066299884,280.2890550028822,-0.7605456601166338,1.508186084098899,1.1301615415634783,-0.7605456601166753
2012-03-05 03:00:00,280.60592832448475,280.07552195741977,-0.5304063670649839,1.2870277805488604,0.9880260041309543,-0.5304063670649842
2012-03-05 06:00:00,280.0911693996499,279.97910197776076,-0.11206742188915086,1.4170803361957247,1.112446620131143,-0.11206742188915951
2012-03-05 09:00:00,279.3761941791599,279.7268519008224,0.35065772166251463,1.4520611187945895,1.145955341272973,0.3506577216625161
2012-03-05 12:00:00,278.5349352588309,279.53604848539277,1.0011132265618699,1.7981412792247669,1.450322882373843,1.001113226561876
2012-03-05 15:00:00,277.7595315760288,279.4467534045712,1.6872218285424196,2.260256879885824,1.9309722516778784,1.6872218285423937
2012-03-05 18:00:00,277.80403511125456,279.42200969725434,1.6179745859997752,2.0321287973484266,1.7550732579669588,1.6179745859998018
2012-03-05 21:00:00,278.34247389290056,279.3909553636672,1.04848147076666,1.5212040326983067,1.30631040345292,1.0484814707666268
2012-03-06 00:00:00,278.2088640007543,279.38440256732935,1.1755385665750282,1.513853607814108,1.293153850400316,1.1755385665750122
2012-03-06 03:00:00,277.61443847005273,279.3842996288605,1.769861158807771,2.064562924279716,1.8942619158642382,1.7698611588078084
2012-03-06 06:00:00,277.4225827544712,279.35688014420856,1.9342973897373668,2.2148441690376197,2.0364961439112794,1.9342973897373426
2012-03-06 09:00:00,277.1413526216647,279.41211787933327,2.270765257668586,2.512404427371639,2.278092231074105,2.270765257668601
2012-03-06 12:00:00,275.69449293598933,279.44302246030753,3.748529524318201,4.018047771766025,3.748605436714099,3.7485295243181977
2012-03-06 15:00:00,274.9548002359077,279.44519086804746,4.490390632139736,4.674948980040771,4.490452607763744,4.490390632139755
2012-03-06 18:00:00,276.44958914804386,279.48883927360754,3.039250125563683,3.2620407846053836,3.052416776644894,3.039250125563693
2012-03-06 21:00:00,278.0793359519595,279.46701509276426,1.387679140804778,1.8494410055964627,1.6120448574132114,1.3876791408047537
2012-03-07 00:00:00,278.8844846141398,279.41981314935475,0.5353285352149442,1.1207135480852475,0.923498087946591,0.535328535214928
2012-03-07 03:00:00,278.4460855761054,279.3524224756244,0.9063368995189762,1.4216417072891416,1.1687804246563125,0.9063368995189989
2012-03-07 06:00:00,278.0269357624956,279.32844915838007,1.3015133958844558,1.847444262809737,1.4843686079692722,1.3015133958844676
2012-03-07 09:00:00,277.6778293142432,279.40034007260914,1.7225107583659565,2.1795672112926736,1.772595710501747,1.722510758365945
2012-03-07 12:00:00,276.0120216349848,279.5261134903278,3.514091855342997,3.8311862362387004,3.5140918553429943,3.5140918553429943
2012-03-07 15:00:00,275.5552290162988,279.62652728135816,4.07129826505934,4.261924585598604,4.0712982650593155,4.0712982650593155
2012-03-07 18:00:00,277.2402772334048,279.700960296008,2.4606830626032092,2.6632065205577846,2.467495063174353,2.4606830626032203
2012-03-07 21:00:00,278.47727676799775,279.8270137481204,1.3497369801226569,1.8336237212901396,1.5316814324501413,1.3497369801226338
2012-03-08 00:00:00,279.02783768193115,279.6734436015657,0.6456059196345336,1.2853665022700116,1.0054168804293337,0.6456059196345328
2012-03-08 03:00:00,278.5593239916998,279.73698371538563,1.1776597236858493,1.574763757434321,1.2894209040803064,1.1776597236858386
2012-03-08 06:00:00,278.235410477479,279.7254225567296,1.4900120792506186,1.8860547652501005,1.5369687619485901,1.4900120792506333
2012-03-08 09:00:00,278.12204809826204,279.71436962076456,1.592321522502516,1.9392153764559932,1.6311152669718818,1.592321522502492
2012-03-08 12:00:00,277.12141399763925,279.6974851413447,2.5760711437054624,2.812325334086924,2.5763917892060633,2.5760711437054864
2012-03-08 15:00:00,277.29295800586857,279.7222010291159,2.429243023247352,2.596070068909881,2.4318079600097398,2.4292430232473303
2012-03-08 18:00:00,278.9858792672726,280.1713720136294,1.1854927463568288,1.6590400986527405,1.380318855791971,1.185492746356829
2012-03-08 21:00:00,280.689236968915,280.7151088055325,0.02587183661751169,1.5260410086478116,1.2004320062554574,0.025871836617516672
2012-03-09 00:00:00,281.4376875033179,280.82291977468503,-0.6147677286328417,1.5942807693711436,1.248058865963662,-0.614767728632837
2012-03-09 03:00:00,281.4090300713824,280.77070934483663,-0.6383207265457713,1.4211753209848315,1.1629532543015644,-0.6383207265457965
2012-03-09 06:00:00,281.2033042704753,280.55808160419366,-0.6452226662816543,1.3549491501501163,1.1002461549059022,-0.6452226662816559
2012-03-09 09:00:00,280.7340141352541,280.1613206135577,-0.572693521696408,1.1369584652202862,0.9011975279450014,-0.5726935216964317
2012-03-09 12:00:00,280.1589858266502,280.04819977293,-0.11078605372023276,0.926071710649314,0.7396262759852286,-0.11078605372021318
2012-03-09 15:00:00,279.824501253309,280.2016044920345,0.37710323872551044,0.9943917217203497,0.8107789354143995,0.3771032387254988
2012-03-09 18:00:00,279.9695382057114,280.4166027176104,0.44706451189898644,1.178434678805063,0.932464069002577,0.44706451189898383
2012-03-09 21:00:00,280.0572966526206,280.15351292201774,0.09621626939713224,1.0082034917969391,0.8222162856925356,0.0962162693970946
2012-03-10 00:00:00,280.0541337126221,280.1004308293208,0.046297116698724494,0.9974999901814211,0.7968116537980281,0.04629711669870877
2012-03-10 03:00:00,279.89346027623867,279.634739972505,-0.25872030373369626,0.8994863092255283,0.7143098346904307,-0.2587203037337007
2012-03-10 06:00:00,279.5996954086737,279.50176863845365,-0.09792677022005591,0.950956644517131,0.7284711560254638,-0.09792677022007437
2012-03-10 09:00:00,279.2713125498943,279.51514582718755,0.24383327729327675,0.9262991096275199,0.7431475360669227,0.24383327729325574
2012-03-10 12:00:00,278.79654535893303,279.5246501742754,0.7281048153423626,1.2802536821756052,1.0427059582648077,0.7281048153424144
2012-03-10 15:00:00,278.7006344344364,279.55491375186364,0.854279317427256,1.2499565266115515,1.029763015884503,0.854279317427295
2012-03-10 18:00:00,279.10286461545724,279.72160704724183,0.6187424317845966,1.1953421291010002,0.963444682368616,0.6187424317846201
2012-03-10 21:00:00,279.61607449393057,279.88807870609804,0.2720042121674737,1.2616993867347819,0.9919159260660723,0.2720042121675058
2012-03-11 00:00:00,279.674137826126,279.9927750144709,0.3186371883448942,1.5296451980229293,1.2227652013875316,0.318637188344891
2012-03-11 03:00:00,279.47873502097383,279.8970210055914,0.41828598461756883,1.3801498667624468,0.9842999200755417,0.4182859846175837
2012-03-11 06:00:00,279.3692658272051,279.6229422434643,0.2536764162592249,0.9694947571942586,0.7571456375010511,0.25367641625921666
2012-03-11 09:00:00,279.2511091575765,279.49258720028865,0.2414780427121741,0.9423576534079721,0.742668297631718,0.2414780427122228
2012-03-11 12:00:00,278.70121588049045,279.45722913221186,0.7560132517214129,1.1834645914512916,0.969946105468798,0.756013251721413
2012-03-11 15:00:00,278.4471606698504,279.4626842872032,1.0155236173528124,1.3421676417285038,1.121140947005954,1.0155236173528304
2012-03-11 18:00:00,278.4181260533539,279.4458074916448,1.0276814382909265,1.5269080602017895,1.2559529901636255,1.027681438290941
2012-03-11 21:00:00,278.6155120282254,279.4261303738987,0.8106183456732765,1.3556649682807056,1.1352919340704937,0.8106183456732701
2012-03-12 00:00:00,278.7003765179089,279.47804410080016,0.7776675828912403,1.271032951335528,1.1028565776079617,0.7776675828912365
2012-03-12 03:00:00,278.17602407966996,279.45736095556475,1.2813368758947945,1.5406730311309094,1.3489430352331193,1.2813368758948094
2012-03-12 06:00:00,277.42458941975957,279.4359199440772,2.011330524317657,2.1977587797912315,2.0301526923920403,2.0113305243176938
2012-03-12 09:00:00,277.6736247016032,279.44906020693867,1.7754355053354516,2.015505355723355,1.8069631030627125,1.775435505335425
2012-03-12 12:00:00,277.9837626463812,279.560915024621,1.5771523782398162,1.836175868704718,1.6741224617780712,1.577152378239817
2012-03-12 15:00:00,277.9209087462714,279.81699168554223,1.8960829392708547,2.289554551580635,1.9825401849414959,1.8960829392708511
2012-03-12 18:00:00,277.93841076913196,279.815212657695,1.8768018885630227,2.2775367150231456,1.9927947440441003,1.8768018885630147
2012-03-12 21:00:00,278.30847219416984,279.6109443057915,1.3024721116216824,1.7301405796388876,1.4705960965465041,1.3024721116216829
2012-03-13 00:00:00,278.1337430077049,279.467247521416,1.3335045137111479,1.7335402400818223,1.5168701897850096,1.3335045137111616
2012-03-13 03:00:00,277.6692264189819,279.4804388267765,1.811212407794585,2.0977439073718642,1.88520973764016,1.811212407794563
2012-03-13 06:00:00,277.4848927901127,279.46734828645936,1.9824554963466312,2.2058700826947586,2.027950509185733,1.9824554963466534
2012-03-13 09:00:00,277.37445237628566,279.41829470756835,2.04384233128269,2.2744806395314328,2.0852277640967802,2.0438423312826677
2012-03-13 12:00:00,277.1005858306287,279.4185757694268,2.317989938798121,2.5095166517402636,2.323998075695011,2.3179899387981395
2012-03-13 15:00:00,277.0448861597252,279.4348233091962,2.3899371494709953,2.6271014464603324,2.417628214806719,2.3899371494710246
2012-03-13 18:00:00,277.68272192328214,279.43639968012036,1.753677756838215,2.062453626496386,1.7837819618935793,1.7536777568382294
2012-03-13 21:00:00,278.18998716030546,279.46474213636077,1.2747549760553056,1.590779204736292,1.348945317779819,1.2747549760553014
2012-03-14 00:00:00,278.23345525105105,279.52949878794857,1.296043536897514,1.5795546964841036,1.3556675865541108,1.2960435368975103
2012-03-14 03:00:00,278.149981692528,279.57494116646825,1.4249594739402482,1.6375825179971473,1.460699988397598,1.424959473940206
2012-03-14 06:00:00,278.15558139118593,279.5985381623719,1.4429567711859477,1.6349135971564928,1.4756437721410405,1.4429567711859212
2012-03-14 09:00:00,278.0927680414351,279.61675229630424,1.5239842548691627,1.7238906839548842,1.5520879283007076,1.523984254869121
2012-03-14 12:00:00,277.67675343902505,279.7535672016307,2.0768137626056387,2.2482128742315406,2.079733038212857,2.0768137626056875
2012-03-14 15:00:00,277.1507093595661,279.8157358704967,2.665026510930602,2.8891058641329725,2.675665234979779,2.665026510930569
2012-03-14 18:00:00,278.1898415014271,279.8824177506665,1.69257624923938,1.92632857714664,1.7233541201852611,1.6925762492393461
2012-03-14 21:00:00,279.3950106140559,279.9615456312637,0.5665350172077979,1.0442563756111174,0.8058421885145652,0.5665350172077697
2012-03-15 00:00:00,279.6493374998764,280.00287289644814,0.35353539657171495,1.2137655480678016,0.8872968564186374,0.353535396571756
2012-03-15 03:00:00,279.6456976339884,279.9759533903949,0.3302557564065296,1.006870703008762,0.796108589290953,0.3302557564065322
2012-03-15 06:00:00,279.93942380925563,280.0764721088258,0.13704829957015363,1.0807950601087024,0.8386265443800216,0.13704829957013154
2012-03-15 09:00:00,280.49692175684606,280.29323358541507,-0.20368817143099704,1.0382555554805715,0.7842767431706023,-0.20368817143096724
2012-03-15 12:00:00,280.91191935889333,280.46607267471796,-0.44584668417536477,0.9791692437813843,0.7467483987929278,-0.44584668417534606
2012-03-15 15:00:00,281.3333642516477,280.6931165543297,-0.6402476973179887,1.1522239095467612,0.8618950999254922,-0.6402476973179912
2012-03-15 18:00:00,281.25718446441914,280.85041720416325,-0.40676726025589005,1.0795005565082942,0.8055671493245096,-0.4067672602559042
2012-03-15 21:00:00,280.8937545417692,280.6297559982252,-0.2639985435440053,1.1043395758545194,0.8752233070896736,-0.2639985435439623
2012-03-16 00:00:00,280.45817962448115,280.3289409288854,-0.1292386955957454,1.1280926973298422,0.915691612114938,-0.1292386955957863
2012-03-16 03:00:00,279.6902181598812,280.0271945407435,0.3369763808622679,1.1805342868317932,0.9212209541863876,0.3369763808622309
2012-03-16 06:00:00,279.2480068334986,279.9444885992631,0.6964817657644744,1.2544209483260385,0.8915542034996031,0.6964817657645073
2012-03-16 09:00:00,278.95772896981543,279.5828216490112,0.6250926791957454,1.0322832098970383,0.8281485690664867,0.6250926791957329
2012-03-16 12:00:00,278.9918727762963,279.507955311601,0.5160825353046903,1.006806714815043,0.8154202348242646,0.5160825353047089
2012-03-16 15:00:00,278.94764007290496,279.6012883131557,0.6536482402507318,0.9802622593135496,0.7735121846880164,0.6536482402507664
2012-03-16 18:00:00,279.01754624471863,279.83980829571624,0.8222620509976082,1.2268132818623414,1.0458406801063096,0.8222620509976026
2012-03-16 21:00:00,279.84274745989114,280.00708272365927,0.16433526376812324,1.0622102321880804,0.8436001502654453,0.1643352637681117
2012-03-17 00:00:00,279.7875579289878,279.85021197445343,0.06265404546564923,1.0190650724104668,0.7998713864619588,0.06265404546562435
2012-03-17 03:00:00,279.1940024711892,279.72556420399553,0.531561732806324,1.0201453857520788,0.7731481104272199,0.5315617328063178
2012-03-17 06:00:00,278.7874951227673,279.597123717268,0.8096285945006798,1.1971840572068946,0.9758516968833901,0.8096285945006942
2012-03-17 09:00:00,278.82581018378244,279.499444089445,0.6736339056625411,1.1968911996220142,0.9541694426714386,0.6736339056625001
2012-03-17 12:00:00,278.056982334653,279.47771892957985,1.4207365949268365,2.008932296332633,1.5406416679532224,1.4207365949268476
2012-03-17 15:00:00,277.8799038762774,279.4619098543944,1.5820059781169675,2.055341945428334,1.687476455307677,1.5820059781169267
2012-03-17 18:00:00,278.6417891520649,279.41376961442216,0.7719804623572486,1.2954762890149958,1.0927287289086836,0.7719804623572193
2012-03-17 21:00:00,279.4077796846507,279.3837910360573,-0.023988648593388007,0.9982481473900372,0.7900737000617931,-0.02398864859339865
2012-03-18 00:00:00,279.2282086425307,279.44895934477364,0.22075070224292404,1.0987676362806433,0.8539445836600021,0.22075070224291027
2012-03-18 03:00:00,278.1819932479036,279.4533281672806,1.2713349193769545,1.6190666141750043,1.3840649262867686,1.2713349193769257
2012-03-18 06:00:00,277.3173029882383,279.3853587552783,2.0680557670399935,2.3529540182484583,2.086452060723509,2.0680557670399673
2012-03-18 09:00:00,276.9109314830314,279.3972516639289,2.4863201808975077,2.686358853678085,2.4879658546943206,2.4863201808975144
2012-03-18 12:00:00,276.49057158518235,279.3974718946241,2.9069003094417667,3.158594749397473,2.906919592030315,2.906900309441785
2012-03-18 15:00:00,276.61326985601585,279.4062084641748,2.792938608158977,3.0792601869838334,2.796399305943209,2.7929386081589858
2012-03-18 18:00:00,277.43200943797325,279.42574032690385,1.9937308889305996,2.301932146715508,2.0223552245013785,1.993730888930586
2012-03-18 21:00:00,278.14113668794704,279.335295358903,1.1941586709559715,1.5806921310566506,1.3212549592948764,1.1941586709559515
2012-03-19 00:00:00,278.31717158149604,279.36694961378544,1.049778032289396,1.4557824327531557,1.2076731848540667,1.0497780322893804
2012-03-19 03:00:00,277.5756973336537,279.3401262683085,1.764428934654802,2.152790610920188,1.8117709301350127,1.7644289346548256
2012-03-19 06:00:00,277.00278256654684,279.33790636546,2.3351237989131732,2.659946489672147,2.367490721348295,2.335123798913202
2012-03-19 09:00:00,276.4479888660649,279.3970588489182,2.9490699828533025,3.281097488726152,2.961125769041619,2.9490699828533082
2012-03-19 12:00:00,275.6284289093747,279.43179010949706,3.8033612001223673,4.160538241855089,3.806629697499857,3.803361200122391
2012-03-19 15:00:00,275.85936059861905,279.41644899050885,3.557088391889806,3.8146084501449558,3.5576244052524024,3.5570883918898044
2012-03-19 18:00:00,277.5235348500355,279.4146705487665,1.8911356987309773,2.1867357635782985,1.9504903396293893,1.8911356987309906
2012-03-19 21:00:00,278.76381891758086,279.36859113384975,0.6047722162688842,1.0414916415665962,0.834756851125979,0.6047722162688931
2012-03-20 00:00:00,279.1203546758532,279.49214970992136,0.37179503406815684,0.8309737539640246,0.6778927954405453,0.37179503406815134
2012-03-20 03:00:00,278.6309262517059,279.769682602308,1.1387563506021365,1.4697323479982345,1.1593264057169783,1.138756350602149
2012-03-20 06:00:00,278.02314138353296,279.8187300366598,1.7955886531268561,1.991821651682181,1.8010852663210242,1.7955886531268432
2012-03-20 09:00:00,278.28537498074667,279.66317801259146,1.3778030318447918,1.7372170445969408,1.5242491919057208,1.3778030318447956
2012-03-20 12:00:00,279.1559660548655,279.52420305423846,0.36823699937298215,1.104753978829151,0.9159679915090193,0.3682369993729735
2012-03-20 15:00:00,278.704031571151,279.49916156626165,0.7951299951106421,1.2974763957986775,1.0602029547978387,0.7951299951106477
2012-03-20 18:00:00,278.72046951251383,279.4782377359077,0.7577682233938958,1.2797860478667822,1.0592444708026736,0.7577682233938647
2012-03-20 21:00:00,278.51924508344166,279.5083421145821,0.9890970311404317,1.4900002468273024,1.2286955922014051,0.9890970311404438
2012-03-21 00:00:00,278.2146746743,279.4964695313592,1.2817948570591966,1.7758357484444074,1.500481151994562,1.2817948570592235
2012-03-21 03:00:00,278.05305748191614,279.4780732478003,1.4250157658841545,1.7885617556882176,1.5159203244941886,1.4250157658841671
2012-03-21 06:00:00,277.9401184001784,279.46769130294257,1.5275729027641773,1.8771742169383552,1.6654709280602837,1.5275729027641436
2012-03-21 09:00:00,278.22892154932515,279.518348267206,1.2894267178808718,1.6880404564663896,1.482432046526076,1.2894267178808698
2012-03-21 12:00:00,277.75039593804274,279.56023909043324,1.8098431523904992,2.118330812959556,1.9158441576320167,1.8098431523905003
2012-03-21 15:00:00,278.1628895064884,279.46582881795825,1.3029393114698564,1.5749214792352653,1.3740173612084412,1.3029393114698593
2012-03-21 18:00:00,279.1406973590178,279.3720564979739,0.23135913895612248,0.8505408998218876,0.6895326770210475,0.23135913895609725
2012-03-21 21:00:00,279.4810479795051,279.71655558052737,0.2355076010222774,1.1986404543274505,0.9953863071431197,0.23550760102225454
2012-03-22 00:00:00,279.64197663625845,279.62243002491044,-0.019546611348005172,1.0148828125909857,0.8262954493859043,-0.019546611348044318
2012-03-22 03:00:00,279.2173057786676,279.6259516851034,0.4086459064358223,1.0127047111629648,0.7916217875811988,0.4086459064358256
2012-03-22 06:00:00,278.4223765659193,279.59779178160073,1.1754152156814257,1.5445319531694908,1.2775902009207476,1.1754152156814412
2012-03-22 09:00:00,277.9427219512412,279.5198330077735,1.577111056532317,1.7943744583848225,1.586137106402702,1.5771110565323168
2012-03-22 12:00:00,277.40236757780764,279.48926861137954,2.0869010335719054,2.3750990371016028,2.097586337773269,2.0869010335719445
2012-03-22 15:00:00,277.411666044208,279.4248843625168,2.013218318308816,2.368985870138754,2.0668542366322664,2.013218318308809
2012-03-22 18:00:00,278.43541565237643,279.437363194193,1.0019475418165484,1.7635545457041104,1.4056793419508538,1.0019475418165256
2012-03-22 21:00:00,279.3007993735033,279.5356208991857,0.2348215256823778,1.4724519470243285,1.1874436821819265,0.234821525682383
2012-03-23 00:00:00,279.1496060776631,279.61938252695177,0.4697764492886449,1.0932872996500096,0.8441018616797369,0.4697764492886836
2012-03-23 03:00:00,278.8626088481911,279.6080927851101,0.7454839369190154,1.1581032721196116,0.9432161006648828,0.7454839369190279
2012-03-23 06:00:00,278.50541364616527,279.53960513526044,1.0341914890951784,1.4100510141769138,1.1285428702153801,1.034191489095158
2012-03-23 09:00:00,278.0221343919518,279.47575362762257,1.4536192356707716,1.826355748836815,1.5062823563650471,1.4536192356707396
2012-03-23 12:00:00,277.5431800256274,279.46192249446074,1.9187424688333294,2.1821159842271713,1.93751010552834,1.9187424688333492
2012-03-23 15:00:00,277.4226007144801,279.5113123445663,2.088711630086209,2.331191552315898,2.09938426947202,2.0887116300862414
2012-03-23 18:00:00,278.4717588007861,279.60363526839575,1.1318764676096293,1.6562025584046085,1.3411903070577067,1.131876467609655
2012-03-23 21:00:00,279.68343122832516,280.2028799031578,0.5194486748326312,1.497510638234015,1.224741355472542,0.5194486748326586
2012-03-24 00:00:00,280.21038553055973,280.2820425623119,0.07165703175218141,1.3397640311581447,1.0822071875896369,0.07165703175218277
2012-03-24 03:00:00,279.6035029065613,279.86659124270403,0.26308833614274363,1.0708050823362452,0.8213693363712852,0.263088336142717
2012-03-24 06:00:00,279.0598274010558,279.8490891118471,0.7892617107912656,1.3481331348139005,1.027683785710415,0.789261710791273
2012-03-24 09:00:00,278.8354563986287,279.77442463751225,0.9389682388835467,1.4642806895823375,1.1436401935668,0.9389682388835333
2012-03-24 12:00:00,277.93000290730527,279.77095303210217,1.8409501247969047,2.2837273838064145,1.8986358801947658,1.8409501247969189
2012-03-24 15:00:00,278.24735505373224,279.787242100572,1.5398870468397376,1.9225611315378195,1.6424375959457087,1.5398870468397452
2012-03-24 18:00:00,280.0456105182518,280.1626628113899,0.1170522931381015,1.3379124807291283,1.1053040324004726,0.11705229313813618
2012-03-24 21:00:00,281.1973262487954,281.0183916194689,-0.17893462932647708,1.5077293649552215,1.1489433411476253,-0.17893462932647558
2012-03-25 00:00:00,281.40120317900113,280.85624080989027,-0.5449623691108627,1.4565771140711112,1.0462922099920284,-0.54496236911089
2012-03-25 03:00:00,280.574233734486,280.18604366170825,-0.3881900727777179,1.0486282221024064,0.8154768556319444,-0.3881900727777434
2012-03-25 06:00:00,279.9328816501779,279.9006096834854,-0.032271966692462684,0.972738560630857,0.7645636146597627,-0.03227196669245458
2012-03-25 09:00:00,279.51479991355376,279.8323598939762,0.3175599804224589,1.1844818395245529,0.9501234034667675,0.3175599804224316
2012-03-25 12:00:00,278.82344950101333,279.8809207435198,1.0574712425064945,1.6749447923845577,1.3167671773687475,1.0574712425064972
2012-03-25 15:00:00,279.1986986889652,279.902176917473,0.7034782285078336,1.4289223509659281,1.1333608245652742,0.7034782285078492
2012-03-25 18:00:00,280.8778797362135,281.13286256453256,0.2549828283190436,1.3788310887781814,1.1123170658253738,0.25498282831905733
2012-03-25 21:00:00,281.79258665910726,281.50609488867093,-0.2864917704363279,1.5046935391310077,1.109694612786003,-0.28649177043630697
2012-03-26 00:00:00,281.8262072876602,281.2153530984023,-0.6108541892579069,1.5750716872918473,1.0894953269523042,-0.6108541892578917
2012-03-26 03:00:00,281.2732972563109,280.4947349376127,-0.7785623186982207,1.3479954924908586,1.0564667269653982,-0.7785623186982193
2012-03-26 06:00:00,280.76177146869156,280.33709398507796,-0.4246774836136069,1.064402366925902,0.8268514236887617,-0.42467748361360214
2012-03-26 09:00:00,280.385685139207,280.24235073827526,-0.14333440093173522,1.0488244057161873,0.8305225451296119,-0.14333440093171043
2012-03-26 12:00:00,279.9307588449986,280.1014373690425,0.1706785240439217,0.988820340634993,0.7832889130571264,0.1706785240439112
2012-03-26 15:00:00,280.1227638324595,280.1247403607817,0.001976528322188642,0.9017004917468394,0.7356410461945514,0.0019765283221724363
2012-03-26 18:00:00,280.7417297217036,280.6188070281937,-0.12292269350990637,1.25205338098432,1.0078012383863184,-0.12292269350992184
2012-03-26 21:00:00,281.1017799347911,280.865081535118,-0.23669839967311646,1.3639246030837124,1.0128103139299909,-0.2366983996730976
2012-03-27 00:00:00,281.2066682163285,280.53401833766,-0.6726498786685511,1.4738959947657608,1.1096213178003143,-0.6726498786685622
2012-03-27 03:00:00,281.0834381357382,280.1042937664316,-0.9791443693065958,1.499630476620186,1.1684353281195041,-0.9791443693065554
2012-03-27 06:00:00,281.0538798242065,279.95614352157764,-1.0977363026288458,1.5055857977668088,1.3171579495886974,-1.0977363026288747
2012-03-27 09:00:00,280.7836860983071,279.92581785624424,-0.8578682420628638,1.3120165227624176,1.1631588713730765,-0.8578682420628243
2012-03-27 12:00:00,280.603311917363,279.97892312652107,-0.6243887908419197,1.1214653072342866,0.9376275687488816,-0.624388790841919
2012-03-27 15:00:00,280.53815838201484,280.28865739352176,-0.24950098849308233,0.9476610887907161,0.7662248080491847,-0.24950098849309074
2012-03-27 18:00:00,281.05592575327296,280.4318286274258,-0.6240971258471859,1.206046935538313,0.9397412954895995,-0.6240971258471949
2012-03-27 21:00:00,281.48618569101103,280.6006676258228,-0.8855180651882506,1.3706697472587963,1.0298035816179363,-0.8855180651882918
2012-03-28 00:00:00,281.648849638612,280.64725942016287,-1.0015902184491097,1.4059233213063547,1.0836432837007959,-1.0015902184491463
2012-03-28 03:00:00,281.49802529411534,280.6281839516527,-0.869841342462621,1.2437705150526144,1.0014048038096102,-0.8698413424625882
2012-03-28 06:00:00,281.4578260978585,280.4782641571264,-0.9795619407321396,1.3234233106497415,1.0919858516423453,-0.9795619407321852
2012-03-28 09:00:00,281.26606378182305,280.40251666406834,-0.863547117754706,1.2743428550052383,1.0387382227490067,-0.8635471177546725
2012-03-28 12:00:00,281.0896751929072,280.35419101395644,-0.7354841789507418,1.1337683198455202,0.9063008895042864,-0.7354841789507253
2012-03-28 15:00:00,280.9437589890416,280.3036977585771,-0.6400612304645392,1.2312723588883145,0.9843618158272699,-0.6400612304645501
2012-03-28 18:00:00,280.7890481522422,280.4090891907294,-0.3799589615127843,1.0595521962954453,0.8557361244529867,-0.37995896151278424
2012-03-28 21:00:00,280.978522708132,280.51249374903944,-0.4660289590925686,1.313258185136439,1.0219634060673182,-0.4660289590925873
2012-03-29 00:00:00,280.4652923654857,280.41969392706955,-0.045598438416163845,1.0221732366351266,0.8049454292769941,-0.04559843841616857
2012-03-29 03:00:00,280.37159549478815,280.3098656182448,-0.061729876543324735,1.0240462871095464,0.7981532182770003,-0.061729876543315056
2012-03-29 06:00:00,280.2352671855195,280.1336331480985,-0.10163403742097898,0.9572688792622436,0.7739016759519082,-0.10163403742098032
2012-03-29 09:00:00,280.0873273624472,280.03325360464333,-0.05407375780384882,1.0254899302952267,0.8322359704772687,-0.054073757803812295
2012-03-29 12:00:00,280.1786445400277,280.1256159696198,-0.05302857040788922,0.8202364935806699,0.6472927595191774,-0.05302857040792073
2012-03-29 15:00:00,280.5690797924118,280.36964130557465,-0.1994384868371526,0.9588283479353422,0.7889339412850782,-0.19943848683714754
2012-03-29 18:00:00,280.9444610433334,280.45415668635906,-0.4903043569743204,1.1990247093105983,0.9226850220880023,-0.49030435697433833
2012-03-29 21:00:00,280.93645450023985,280.3436883629894,-0.5927661372504645,1.1955828394446841,0.9168048266772256,-0.5927661372504278
2012-03-30 00:00:00,280.7609355016186,280.18436947501453,-0.5765660266040413,1.2242497048597392,1.0279586535313492,-0.5765660266040233
2012-03-30 03:00:00,279.8464699133211,280.09918740272536,0.25271748940429006,1.1655222624906114,0.8948866811822888,0.2527174894042435
2012-03-30 06:00:00,279.19058140879537,280.0146829318167,0.8241015230213407,1.2322411442054633,0.9763523279597417,0.8241015230213543
2012-03-30 09:00:00,279.2957367809205,279.85840663246887,0.5626698515483781,1.0636026502817229,0.8403783417863634,0.5626698515484125
2012-03-30 12:00:00,279.44120567163066,279.81912505673404,0.3779193851033824,1.0976565948751502,0.8432111982330558,0.3779193851034134
2012-03-30 15:00:00,279.28198659585684,279.83533743770954,0.5533508418527049,1.5805423794481588,1.1648813301608503,0.5533508418527211
2012-03-30 18:00:00,279.1656381205749,280.00880340088315,0.8431652803082557,1.7254223110946525,1.3553693296605154,0.8431652803082244
2012-03-30 21:00:00,280.05054323178996,280.2062020701942,0.15565883840423567,1.6354185338486864,1.195581039913007,0.15565883840420738
2012-03-31 00:00:00,279.99539835397985,280.140277140183,0.14487878620315087,1.464572151693361,1.1217169549965758,0.1448787862031181
2012-03-31 03:00:00,279.5672957153628,279.90892766277045,0.3416319474076772,1.2692603209286666,0.9321856035550556,0.3416319474076761
2012-03-31 06:00:00,279.04104619732624,279.8088049382554,0.7677587409291391,1.4020494244642518,1.0367395713107457,0.7677587409291512
2012-03-31 09:00:00,278.7681471376056,279.79008821393893,1.0219410763333485,1.5303395369385764,1.1746548373904582,1.0219410763333174
2012-03-31 12:00:00,278.10185592668427,279.63807037800876,1.536214451324497,1.8626777826493859,1.5648536716346482,1.5362144513244618
2012-03-31 15:00:00,277.6653331127879,279.52761361399257,1.8622805012046797,2.1870240208920153,1.8927031205871514,1.8622805012046866
2012-03-31 18:00:00,278.0736494816532,279.65394222041607,1.5802927387628642,1.8685564815039235,1.630686361560053,1.5802927387628896
2012-03-31 21:00:00,278.66053680832033,279.8314456168396,1.1709088085192434,2.0222027434440726,1.632444667993109,1.1709088085192325
2012-04-01 00:00:00,279.0576060342576,280.1190190534204,1.061413019162785,2.4300401471539406,1.9671605633990332,1.0614130191627906
2012-04-01 03:00:00,278.51813262672835,279.97607185970594,1.4579392329775942,2.3879763532309974,1.9895148133088443,1.457939232977552
2012-04-01 06:00:00,278.5486790927374,279.84711221341263,1.298433120675213,1.7943217497110813,1.5382298031898314,1.2984331206752284
2012-04-01 09:00:00,278.84954683614535,279.7799764341884,0.9304295980430766,1.453725257015308,1.1686407396980654,0.9304295980430687
2012-04-01 12:00:00,278.7968245646051,279.6479610724684,0.8511365078632593,1.36428675100245,1.1220532003370156,0.8511365078632342
2012-04-01 15:00:00,279.45555931786816,279.55430823051046,0.09874891264229291,1.0021968153449072,0.7811373129906152,0.09874891264230072
2012-04-01 18:00:00,280.3062924550686,279.81462838348796,-0.49166407158065795,1.1787817011523758,0.9246308820872209,-0.4916640715806885
2012-04-01 21:00:00,280.6091796527012,280.2061076649327,-0.40307198776849873,1.342681165957021,1.0841987363965466,-0.4030719877685316
2012-04-02 00:00:00,280.6725299795316,280.16653015159966,-0.5059998279319302,1.3058562790496866,1.0545473590573948,-0.5059998279319027
2012-04-02 03:00:00,280.2477883607431,279.9375921095903,-0.3101962511527745,1.0311284266865555,0.8365933956251564,-0.3101962511528005
2012-04-02 06:00:00,280.0895403182839,279.83973531196983,-0.24980500631409086,0.8160683728421222,0.6722878139638298,-0.2498050063140634
2012-04-02 09:00:00,280.1379334019576,279.83961246618395,-0.2983209357736314,0.8195838480221316,0.6719730242623757,-0.29832093577361923
2012-04-02 12:00:00,279.83282633410045,279.8979312096178,0.06510487551736333,0.8255162960844793,0.6318222988428605,0.06510487551735025
2012-04-02 15:00:00,280.09008274767643,280.215580981835,0.125498234158556,0.955187408808052,0.7458134733646097,0.12549823415857542
2012-04-02 18:00:00,280.6191687756593,280.61003760452,-0.009131171139301841,0.8568293180655253,0.6347986857408844,-0.009131171139305238
2012-04-02 21:00:00,281.5206963545323,281.2027735744303,-0.3179227801019806,0.9834483626827714,0.7785713367638637,-0.3179227801019514
2012-04-03 00:00:00,281.870665113079,281.5294014847865,-0.341263628292495,1.1309965865123284,0.9109177896261447,-0.34126362829249507
2012-04-03 03:00:00,281.4645309188564,281.65465828272727,0.1901273638708858,1.4259648855071987,1.1066781195137882,0.19012736387090978
2012-04-03 06:00:00,280.78406692736814,281.25909145700166,0.47502452963351516,1.2386975366467046,0.8656686277283944,0.4750245296335355
2012-04-03 09:00:00,279.9210430062907,280.65425609814884,0.733213091858147,1.3497102777063663,0.9655060395308199,0.7332130918580969
2012-04-03 12:00:00,279.94296522527094,280.2700391149532,0.3270738896822536,1.688433455748625,1.2628431658030403,0.32707388968228834
2012-04-03 15:00:00,278.996396366869,279.90141140748307,0.905015040614046,1.917945396849986,1.470612905344895,0.9050150406140468
2012-04-03 18:00:00,278.7931526838153,279.86131119808067,1.068158514265349,1.6809640040848721,1.2426950094653952,1.0681585142653267
2012-04-03 21:00:00,279.69935271265456,279.9851333196116,0.2857806069570188,1.6495104818658926,1.1088700786958203,0.2857806069570589
2012-04-04 00:00:00,280.04555332521375,280.0046379031514,-0.04091542206236909,1.527613299234761,1.1146135804207373,-0.040915422062361574
2012-04-04 03:00:00,279.7476376774121,279.86421773199993,0.11658005458781417,1.2014003224055543,0.8756243303329723,0.11658005458780742
2012-04-04 06:00:00,279.23437298106927,279.8648974813068,0.6305245002375273,1.2945655579273623,0.9505123836231922,0.6305245002375438
2012-04-04 09:00:00,278.8035992205823,279.8211098058992,1.0175105853168702,1.4656768920097487,1.1384668147843857,1.0175105853168813
2012-04-04 12:00:00,277.9398045471948,279.79610621974723,1.8563016725524335,2.220087892886274,1.871949261777524,1.8563016725524248
2012-04-04 15:00:00,278.2511010616042,279.8036495513558,1.5525484897516435,1.8972112602689242,1.5744043847569853,1.5525484897516075
2012-04-04 18:00:00,279.38417621984394,279.81611287768885,0.43193665784491486,1.4873640966948496,1.0691418209089756,0.43193665784488927
2012-04-04 21:00:00,280.26392108995094,280.0534324896769,-0.21048860027406135,1.5417127509823445,1.1520302416295911,-0.2104886002740562
2012-04-05 00:00:00,280.2140497863611,280.031798974418,-0.18225081194310633,1.3526726665006035,1.057806204640956,-0.1822508119431471
2012-04-05 03:00:00,279.8091278216792,279.807263731375,-0.001864090304252386,1.0344967507890357,0.7753108367370566,-0.0018640903042462032
2012-04-05 06:00:00,279.187068767043,279.73784785824205,0.5507790911990469,1.2394234670586766,0.9047969379708398,0.5507790911990555
2012-04-05 09:00:00,278.763368061922,279.6704456712817,0.9070776093597033,1.4959376264225044,1.1558851180169116,0.9070776093596885
2012-04-05 12:00:00,277.9840584984823,279.64406123024855,1.6600027317662693,2.0922636803713988,1.7314038809212688,1.6600027317662895
2012-04-05 15:00:00,278.29742652095564,279.70917103984664,1.4117445188909983,1.7129714915360765,1.4319983046051588,1.411744518891024
2012-04-05 18:00:00,279.3711505733007,279.8484565179226,0.47730594462188947,1.253004212268806,0.9522411946930572,0.4773059446218757
2012-04-05 21:00:00,280.0913375195077,280.3197808098641,0.2284432903563811,1.4671557047653128,1.160922022855928,0.22844329035636762
2012-04-06 00:00:00,280.43085317863756,280.36092934830464,-0.06992383033292526,1.3627377001911225,1.1137642701804757,-0.06992383033292426
2012-04-06 03:00:00,280.0226818649213,279.9393461385451,-0.08333572637621955,1.0335180189044746,0.7752715369601961,-0.08333572637624238
2012-04-06 06:00:00,279.3361569604716,279.8160907991962,0.47993383872460527,1.241725366183096,0.8928271693317832,0.4799338387245964
2012-04-06 09:00:00,278.7932694173109,279.761314539366,0.9680451220551163,1.5331276382890624,1.1603272415093073,0.968045122055133
2012-04-06 12:00:00,277.749821857486,279.708990234924,1.9591683774380044,2.363109702257037,2.017237971918611,1.9591683774379804
2012-04-06 15:00:00,278.0695203820478,279.6494357165072,1.579915334459372,1.8548346475710096,1.6015292030172197,1.5799153344593666
2012-04-06 18:00:00,279.40662054653876,279.7941906740831,0.3875701275443362,1.275459750493483,0.9741350297719387,0.3875701275443447
2012-04-06 21:00:00,280.4283945109797,280.3841663494326,-0.04422816154709608,1.5388695533355445,1.221794067576306,-0.04422816154714629
2012-04-07 00:00:00,280.59642760952227,280.3461146257589,-0.2503129837633651,1.5721114389021735,1.266356902142829,-0.250312983763405
2012-04-07 03:00:00,279.8822076479988,279.9500206566164,0.067813008617577,1.1017024370453032,0.8442603728671692,0.06781300861755238
2012-04-07 06:00:00,279.18411036077816,279.8030741050959,0.6189637443177389,1.2729899377838925,0.9280887273442971,0.618963744317715
2012-04-07 09:00:00,278.61164728405157,279.7550459776528,1.1433986936012275,1.6563623553370577,1.3030392882902544,1.1433986936012146
2012-04-07 12:00:00,277.7431938792272,279.7748619253865,2.031668046159325,2.4179985891207627,2.0560676551551578,2.0316680461593446
2012-04-07 15:00:00,278.2924147121307,279.8523368731859,1.5599221610551695,1.8197454735532037,1.5695209212793164,1.5599221610551872
2012-04-07 18:00:00,280.27046510746493,280.4606394823482,0.19017437488327005,1.2977543702501007,1.0540557737957357,0.190174374883244
2012-04-07 21:00:00,281.87212657631994,281.40306202248536,-0.4690645538345848,1.3889077451236318,1.0638335018805516,-0.46906455383454526
2012-04-08 00:00:00,282.47058351910295,281.4984981746436,-0.9720853444593445,1.6052053033557512,1.2312145180421732,-0.9720853444593437
2012-04-08 03:00:00,281.8225890799042,280.82811230668545,-0.9944767732187643,1.3619799554838745,1.068028326606284,-0.9944767732187715
2012-04-08 06:00:00,281.3945194060313,280.78337046375964,-0.6111489422716545,1.1098486452507474,0.8500613661198966,-0.6111489422716843
2012-04-08 09:00:00,281.2809593463456,280.65788750695197,-0.6230718393936172,1.1330098817221055,0.8929715630035028,-0.6230718393936214
2012-04-08 12:00:00,280.50028000926955,280.57387204026855,0.07359203099900924,1.1679130707653607,0.9299939297382342,0.0735920309989686
2012-04-08 15:00:00,281.1892009184017,280.8872323136327,-0.30196860476900156,1.148534449227712,0.8863315577822418,-0.301968604768982
2012-04-08 18:00:00,282.8726204583778,281.64096145758316,-1.2316590007946502,1.7453210321262198,1.3306552935758091,-1.2316590007946366
2012-04-08 21:00:00,283.6694566862078,282.0876764837209,-1.5817802024869252,2.0770318495011444,1.677674078943396,-1.5817802024869339
2012-04-09 00:00:00,283.7427881217713,282.0990469707927,-1.6437411509785989,2.061065745119199,1.731796045093469,-1.6437411509785569
2012-04-09 03:00:00,283.21023610756055,281.8796097472422,-1.3306263603183197,1.8594455166348296,1.5900905444089646,-1.3306263603183357
2012-04-09 06:00:00,282.732595470045,281.38180650850956,-1.350788961535443,1.7434066546601124,1.4747944574009333,-1.3507889615354636
2012-04-09 09:00:00,282.35458311963066,281.19869277016824,-1.1558903494624246,1.608311414232881,1.2933580942689342,-1.155890349462452
2012-04-09 12:00:00,281.6114070590422,281.09144936954584,-0.5199576894963798,1.2126259303118496,0.8839991524180755,-0.5199576894964195
2012-04-09 15:00:00,281.8596925608564,281.2606971725442,-0.5989953883121757,1.2062341265857839,0.8422824975912027,-0.5989953883121993
2012-04-09 18:00:00,282.37604926613096,281.7395292510636,-0.63652001506739,1.3173803486558262,0.8657982176579415,-0.6365200150674031
2012-04-09 21:00:00,282.63910109840094,281.95403073005485,-0.6850703683460893,1.4777889702836018,1.0055670875266294,-0.6850703683460843
2012-04-10 00:00:00,282.71117352740333,281.86929715250545,-0.841876374897879,1.6456100089278038,1.1547750582214027,-0.8418763748978355
2012-04-10 03:00:00,282.37707011798665,281.33326116730893,-1.0438089506777146,1.6829369037594306,1.2353804650085283,-1.043808950677756
2012-04-10 06:00:00,282.1215005952936,280.9374142723158,-1.1840863229778051,1.6258010943887675,1.2610380287264626,-1.1840863229777765
2012-04-10 09:00:00,282.0925226284788,281.0353010805317,-1.0572215479470515,1.517416950445006,1.1796059894211388,-1.0572215479470193
2012-04-10 12:00:00,281.96841044052326,280.9966632770879,-0.9717471634353387,1.3631927878005483,1.0654011637284795,-0.9717471634353055
2012-04-10 15:00:00,282.2890625697476,281.2885683033279,-1.0004942664197074,1.4698771058006985,1.0663604936946243,-1.0004942664196848
2012-04-10 18:00:00,282.6354848675771,281.7466411670964,-0.8888437004806633,1.459563449146097,0.9646016901786201,-0.8888437004806987
2012-04-10 21:00:00,282.77045369473143,281.95401469335496,-0.816439001376466,1.4548916864466794,0.9648878379876057,-0.8164390013764968
2012-04-11 00:00:00,282.9038202359756,281.88115295242915,-1.0226672835464683,1.686230872249471,1.1970877697261473,-1.0226672835465052
2012-04-11 03:00:00,282.5039772155656,281.26111406299316,-1.242863152572454,1.710929758701851,1.343310045592196,-1.242863152572414
2012-04-11 06:00:00,282.1686834259838,280.85273071767546,-1.3159527083083162,1.6663069015427607,1.3323581712852923,-1.3159527083082943
2012-04-11 09:00:00,281.9634141917896,280.73879657119744,-1.2246176205921415,1.566624744387299,1.242995020173828,-1.2246176205921433
2012-04-11 12:00:00,281.6927377333248,280.67784076035053,-1.0148969729742703,1.315329272925822,1.0641746310534563,-1.0148969729742392
2012-04-11 15:00:00,281.77814629596946,280.8495617913823,-0.9285845045871497,1.3189479266532982,1.0210063796471527,-0.9285845045871547
2012-04-11 18:00:00,281.93551471347826,281.1902248657762,-0.745289847702054,1.2730840370711394,0.9079288905323392,-0.7452898477020644
2012-04-11 21:00:00,281.94032261029815,281.2077083155239,-0.7326142947742369,1.233618275024692,0.8792765959206535,-0.732614294774232
2012-04-12 00:00:00,281.86187354378995,281.0836815012648,-0.7781920425251769,1.1862248164116556,0.8897952715880034,-0.7781920425251733
2012-04-12 03:00:00,281.77521946024666,280.7823626528316,-0.9928568074150803,1.2932259224150702,1.0456314155349216,-0.9928568074150784
2012-04-12 06:00:00,281.6103224586234,280.616154237945,-0.9941682206783753,1.3211211277547932,1.0752437057149191,-0.9941682206783579
2012-04-12 09:00:00,281.454469856866,280.51607200416595,-0.9383978527000636,1.3229297493041476,1.0829162286416927,-0.9383978527000609
2012-04-12 12:00:00,280.9609305226144,280.4791317607391,-0.48179876187526816,1.0296676197035235,0.8201203573412618,-0.48179876187527265
2012-04-12 15:00:00,281.2485957946699,280.7809382840681,-0.4676575106017822,0.9901559597785825,0.7450318693017555,-0.4676575106017563
2012-04-12 18:00:00,282.06535757522374,281.06145200695033,-1.0039055682734102,1.5827796672110812,1.1616858877773057,-1.003905568273386
2012-04-12 21:00:00,282.4720270347096,281.2347419387875,-1.2372850959220614,1.869065569475815,1.3791390517639683,-1.2372850959220696
2012-04-13 00:00:00,282.2842432046961,281.1244926300298,-1.1597505746663046,1.799852818743257,1.3437489417863009,-1.1597505746662866
2012-04-13 03:00:00,281.70520426092304,280.6090439782304,-1.096160282692665,1.4594466955295515,1.1908394685678703,-1.0961602826926624
2012-04-13 06:00:00,281.2110012418134,280.3139620227218,-0.8970392190915959,1.3074533165132851,1.0961744632062143,-0.8970392190916283
2012-04-13 09:00:00,280.85626662850456,280.1488455538771,-0.7074210746274616,1.2193567331686488,1.0109094197632644,-0.707421074627456
2012-04-13 12:00:00,280.11225408223595,280.07298525568876,-0.03926882654718611,1.1945430920275641,0.9567379211873516,-0.039268826547174125
2012-04-13 15:00:00,280.62712474723764,280.574347918819,-0.05277682841864362,1.028358050835164,0.815907722976471,-0.052776828418677924
2012-04-13 18:00:00,281.9908982522264,281.15396781366314,-0.836930438563229,1.5190747905570228,1.1423518468872444,-0.8369304385632356
2012-04-13 21:00:00,282.8903214854118,281.5649789255879,-1.3253425598238664,1.9922807096891326,1.556320149368596,-1.3253425598238278
2012-04-14 00:00:00,283.2532320546276,281.5460225507424,-1.7072095038851671,2.213451144147192,1.817316000291926,-1.7072095038851787
2012-04-14 03:00:00,282.59766340850445,281.00793574439723,-1.5897276641072153,1.8725742500833047,1.611513640511076,-1.5897276641072104
2012-04-14 06:00:00,281.7407446128718,280.6378601395958,-1.102884473276049,1.4150984389051666,1.1860558506650989,-1.1028844732760288
2012-04-14 09:00:00,281.153447178898,280.3713357404488,-0.7821114384491921,1.2009186767897453,0.9917884934375211,-0.7821114384492155
2012-04-14 12:00:00,280.49685202423814,280.30323136270135,-0.1936206615367837,1.0912742657093164,0.864144492887316,-0.19362066153682664
2012-04-14 15:00:00,281.01126374548346,280.574851970528,-0.43641177495544525,1.0999662975155868,0.8858235450841094,-0.43641177495547195
2012-04-14 18:00:00,282.3031836699624,281.0477542297139,-1.255429440248463,1.8290492073968385,1.37766232917146,-1.2554294402484818
2012-04-14 21:00:00,283.2736333584063,281.5796083808641,-1.694024977542199,2.273301189521563,1.7998992498811321,-1.6940249775421703
2012-04-15 00:00:00,283.6281645520682,281.56709767715626,-2.061066874911944,2.4496214169895643,2.0933516076664507,-2.061066874911923
2012-04-15 03:00:00,282.7445276758476,280.90669524135143,-1.8378324344961925,2.1218260906188595,1.8604534945033246,-1.837832434496167
2012-04-15 06:00:00,281.82142337089266,280.4532366576697,-1.36818671322294,1.7327552148062468,1.4745024609175807,-1.3681867132229897
2012-04-15 09:00:00,281.32403651975125,280.323206243108,-1.000830276643228,1.4669618259167898,1.2199963031218177,-1.00083027664319
2012-04-15 12:00:00,280.3169999221347,280.2300096101253,-0.08699031200939089,1.1193758553851247,0.8969503283909349,-0.08699031200933684
2012-04-15 15:00:00,280.68779048453524,280.6890529267284,0.0012624421931377583,1.0743141772330291,0.8551354591832082,0.001262442193183005
2012-04-15 18:00:00,282.1580990941937,281.22009898997425,-0.9380001042194408,1.5586954090824765,1.1344675346006932,-0.9380001042194248
2012-04-15 21:00:00,283.1562027879946,281.5803199654539,-1.5758828225406774,2.1832766010286924,1.7077450826376852,-1.5758828225406556
2012-04-16 00:00:00,283.41665372636055,281.59138015367023,-1.825273572690321,2.3664521912570433,1.922491045742167,-1.8252735726903624
2012-04-16 03:00:00,283.0859136793172,281.20211301246525,-1.8838006668519256,2.24012080830535,1.9012360334991067,-1.8838006668519243
2012-04-16 06:00:00,282.4296213916428,280.9457805334446,-1.4838408581982208,1.856095818403845,1.5550011553653664,-1.4838408581982003
2012-04-16 09:00:00,281.6955434088289,280.7250005132074,-0.9705428956214632,1.3140093153770929,1.0551724382396785,-0.9705428956215086
2012-04-16 12:00:00,281.52082991332566,280.5987952520527,-0.92203466127296,1.2716931121427748,1.02144279267644,-0.9220346612729797
2012-04-16 15:00:00,281.722751983091,280.6345058946598,-1.0882460884311627,1.4261890468343335,1.2221771743092125,-1.0882460884311824
2012-04-16 18:00:00,282.57490107884337,280.71714990251473,-1.8577511763286338,2.126573884162265,1.8972312222551517,-1.8577511763286472
2012-04-16 21:00:00,283.2363940214895,280.7356926489244,-2.5007013725651177,2.858197247080059,2.511050740040414,-2.5007013725651155
2012-04-17 00:00:00,282.4929335271583,280.61301025617115,-1.879923270987149,2.2740364625040694,1.9274876495886686,-1.879923270987112
2012-04-17 03:00:00,281.70488914460776,280.3634328790485,-1.341456265559259,1.712490097848595,1.4498456058713363,-1.3414562655592663
2012-04-17 06:00:00,280.910942630274,280.1173655318928,-0.7935770983812063,1.2853394838901924,1.1016278932567498,-0.7935770983812171
2012-04-17 09:00:00,280.2502409457346,279.9695486779772,-0.2806922677574448,1.0899710875296917,0.8973879683781327,-0.2806922677574468
2012-04-17 12:00:00,279.6866582105017,279.9113912112609,0.22473300075915859,1.0765579305400594,0.8332599681000543,0.22473300075914196
2012-04-17 15:00:00,280.30710009261344,280.0037664877944,-0.3033336048190449,0.8692141575469972,0.6902668722102157,-0.3033336048190203
2012-04-17 18:00:00,280.96213078594053,280.38556322751407,-0.5765675584264613,1.1819165479216331,0.9612831631423716,-0.5765675584264758
2012-04-17 21:00:00,281.0833686982452,280.43391321579105,-0.6494554824541297,1.1601541497291734,0.9351132544999177,-0.6494554824541299
2012-04-18 00:00:00,280.8902128850122,280.3113878181523,-0.5788250668599062,1.1512299911321924,0.9298623951253976,-0.5788250668599064
2012-04-18 03:00:00,280.85059650838735,280.2145734371478,-0.6360230712395492,1.0853859681221343,0.8928259461237442,-0.6360230712395643
2012-04-18 06:00:00,280.7241533437687,280.20733410048604,-0.5168192432826686,0.9988153134366666,0.8429793369368257,-0.5168192432826785
2012-04-18 09:00:00,280.5949342450007,280.2314022433524,-0.3635320016482524,0.8851615095535366,0.7422829904742948,-0.3635320016482155
2012-04-18 12:00:00,280.77138372545267,280.27761596141204,-0.4937677640406264,1.0072478423719002,0.8429185785210824,-0.49376776404062234
2012-04-18 15:00:00,281.318927354516,280.42275167905143,-0.8961756754645762,1.3202269459978262,1.0705241213655408,-0.8961756754646288
2012-04-18 18:00:00,281.98455044373156,280.6476330269716,-1.3369174167599454,1.799586423677384,1.4977511065210418,-1.3369174167599354
2012-04-18 21:00:00,282.1672952629783,280.74143828582606,-1.4258569771522502,1.8364838914502686,1.5046960914052805,-1.4258569771522558
2012-04-19 00:00:00,282.46027846723246,280.6386298771907,-1.8216485900417752,2.209978721805758,1.8865653963856424,-1.8216485900417672
2012-04-19 03:00:00,281.9118483408295,280.44037188023304,-1.4714764605964774,1.772298983460758,1.5305910039811994,-1.4714764605964956
2012-04-19 06:00:00,281.18046845121023,280.30985753014727,-0.870610921062962,1.4484616288415513,1.2186747393317419,-0.8706109210629639
2012-04-19 09:00:00,280.66436260670514,280.1043914535806,-0.5599711531245362,1.2655279709134497,1.046399229445833,-0.5599711531245632
2012-04-19 12:00:00,280.07577030277554,280.04662341513034,-0.02914688764519724,1.2104332997990415,0.9949963793942013,-0.02914688764516622
2012-04-19 15:00:00,280.9161625652094,280.2459303744794,-0.670232190729962,1.2379088078268277,1.0140782391850829,-0.6702321907299292
2012-04-19 18:00:00,282.0993777600703,280.60889104085174,-1.490486719218552,1.8380985459688974,1.5658274232310734,-1.490486719218584
2012-04-19 21:00:00,282.27528258670617,280.70316799040023,-1.572114596305937,1.908556666994378,1.6479544081969812,-1.5721145963058882
2012-04-20 00:00:00,281.62194581827066,280.7842676264833,-0.8376781917873473,1.2153966747460152,0.9627773578855151,-0.837678191787309
2012-04-20 03:00:00,281.88274876193645,280.8330390301791,-1.049709731757332,1.3967103594435397,1.2054603486382003,-1.0497097317573618
2012-04-20 06:00:00,282.30890443734216,280.9135836020531,-1.3953208352890556,1.7188988719094207,1.5047059891907468,-1.3953208352890663
2012-04-20 09:00:00,282.3453847571713,280.6407951905368,-1.7045895666345245,1.9687745647114299,1.7288706481962843,-1.7045895666345061
2012-04-20 12:00:00,281.55817054139277,280.38109600688256,-1.1770745345102114,1.5669941664328078,1.3211528285483696,-1.177074534510168
2012-04-20 15:00:00,281.7118048396218,280.4682592187108,-1.243545620910993,1.5382010163490276,1.2934281557405454,-1.2435456209110203
2012-04-20 18:00:00,282.35251254678457,280.79650961478416,-1.5560029320004105,2.0069942324560275,1.6013852364558485,-1.5560029320004207
2012-04-20 21:00:00,282.7792568413733,281.0724694083844,-1.7067874329889037,2.1812532016548913,1.7546672155208387,-1.7067874329888988
2012-04-21 00:00:00,282.94907338098676,281.0680790664907,-1.8809943144960357,2.2905822682316863,1.9102477217371536,-1.8809943144960355
2012-04-21 03:00:00,282.39808238193194,280.64039367531035,-1.7576887066215932,2.024473031988956,1.7790895644865798,-1.757688706621608
2012-04-21 06:00:00,281.72282108947036,280.21113676066454,-1.5116843288058135,1.8931199421372589,1.6239145978586351,-1.5116843288057846
2012-04-21 09:00:00,281.33859556219284,280.09871744259686,-1.2398781195959714,1.7412516963284537,1.4746518486679834,-1.2398781195959854
2012-04-21 12:00:00,280.22358701982085,280.0440771407278,-0.17950987909307514,1.2486417185129373,1.0129130562805173,-0.1795098790931076
2012-04-21 15:00:00,280.74721148165736,280.75928756289943,0.012076081242071268,1.123542351649395,0.9205576124416628,0.012076081242109071
2012-04-21 18:00:00,281.9684119502215,281.3930803445219,-0.5753316056996027,1.4055389253378576,0.9655862151554753,-0.5753316056995981
2012-04-21 21:00:00,282.6915028586859,281.7374010160705,-0.9541018426153869,1.487188662626838,1.0891313850619668,-0.9541018426153909
2012-04-22 00:00:00,282.92814630886903,281.7617795271651,-1.166366781703914,1.5814169018055184,1.2397272356469085,-1.1663667817039205
2012-04-22 03:00:00,282.5711243647748,281.39238972621285,-1.1787346385619344,1.5289559768842007,1.2884277716487214,-1.1787346385619588
2012-04-22 06:00:00,282.1725777945163,281.09768222498394,-1.074895569532373,1.3913811000761556,1.17371472888994,-1.0748955695323827
2012-04-22 09:00:00,282.02914233680127,280.9828509832799,-1.046291353521383,1.4206535601166175,1.1612812961564167,-1.046291353521409
2012-04-22 12:00:00,281.8887942378025,280.8730268131882,-1.015767424614296,1.497878917201068,1.196148784312103,-1.015767424614266
2012-04-22 15:00:00,282.6482613651671,281.34734779795616,-1.300913567210955,1.705895310592136,1.3365276727547137,-1.3009135672109904
2012-04-22 18:00:00,283.7620196130542,282.0793984810645,-1.682621131989663,2.2561167044885053,1.7421549147428046,-1.6826211319896882
2012-04-22 21:00:00,284.6585363456942,282.31689089162484,-2.3416454540693508,3.0015098470511994,2.369070932515731,-2.3416454540693437
2012-04-23 00:00:00,284.87461864295705,282.2194105563403,-2.655208086616767,3.200550353646726,2.675436935686358,-2.655208086616797
2012-04-23 03:00:00,284.3481643459453,281.9079270587202,-2.440237287225102,2.8997349520099016,2.559729964398301,-2.440237287225099
2012-04-23 06:00:00,283.710695078691,281.4228558088543,-2.287839269836695,2.6048101618097634,2.2981558236876243,-2.2878392698366876
2012-04-23 09:00:00,283.3116201294331,281.20321258574546,-2.1084075436876333,2.4898464020007403,2.1550489574505636,-2.1084075436876213
2012-04-23 12:00:00,282.71099241799106,281.0778982362789,-1.6330941817121811,2.011531004902265,1.7092885739397596,-1.6330941817121905
2012-04-23 15:00:00,283.0804034837139,281.499208052667,-1.5811954310469218,1.9951934114555663,1.6300706746805758,-1.5811954310469334
2012-04-23 18:00:00,283.9048241657868,282.3236873336047,-1.5811368321820964,2.145785796197656,1.6987040456564177,-1.5811368321821089
2012-04-23 21:00:00,284.69601425280206,282.6182558717256,-2.077758381076478,2.5731319354459408,2.132850006963361,-2.0777583810764955
2012-04-24 00:00:00,284.6855173282636,282.5367239737208,-2.148793354542761,2.5061349034058256,2.164455721260938,-2.1487933545427658
2012-04-24 03:00:00,284.0367257965333,282.223005451146,-1.8137203453873099,2.2669046045592376,2.0217430058779264,-1.813720345387272
2012-04-24 06:00:00,283.37454215683084,281.62788021694706,-1.7466619398837793,2.0798615414144583,1.8146666677996277,-1.7466619398838141
2012-04-24 09:00:00,282.9325878965048,281.2778572318855,-1.6547306646193078,1.9128760961350815,1.660029048363525,-1.654730664619281
2012-04-24 12:00:00,282.16710810652353,281.0871759085176,-1.0799321980059062,1.362366453024939,1.1305088962728223,-1.0799321980058796
2012-04-24 15:00:00,282.5005474309709,281.13841111082024,-1.3621363201506824,1.6822320285648331,1.388660285272574,-1.3621363201506735
2012-04-24 18:00:00,283.56414862269565,281.68882978238315,-1.8753188403125023,2.3875012058297806,1.9624877358207105,-1.8753188403125018
2012-04-24 21:00:00,284.03161643330486,281.92442019143976,-2.107196241865097,2.600336363705404,2.2178046600539414,-2.107196241865119
2012-04-25 00:00:00,283.9500286764663,281.56125077985325,-2.3887778966130213,2.7389482725283747,2.4301987072135476,-2.3887778966130346
2012-04-25 03:00:00,283.21273878445874,281.08602208697334,-2.126716697485392,2.4130231879280295,2.1450872385523687,-2.1267166974854095
2012-04-25 06:00:00,282.4963927752422,281.04319622844656,-1.4531965467956525,1.7693809566576966,1.490907229418402,-1.4531965467956587
2012-04-25 09:00:00,282.62318576798543,281.14294146278604,-1.4802443051993919,1.8058300366659985,1.5149505481363967,-1.4802443051993543
2012-04-25 12:00:00,283.2873527769003,281.19785285823053,-2.0894999186697873,2.3392734284144225,2.130325710931812,-2.08949991866979
2012-04-25 15:00:00,283.7771873046167,281.35241475501425,-2.4247725496024373,2.651576528854964,2.4688024367012114,-2.4247725496024586
2012-04-25 18:00:00,284.029149428558,281.6744447939708,-2.354704634587222,2.613598358226228,2.4196060064605542,-2.354704634587215
2012-04-25 21:00:00,284.0640628087644,282.0349584742845,-2.0291043344798823,2.3103244427820804,2.08965347365224,-2.02910433447991
2012-04-26 00:00:00,283.8907117296498,282.19553309630766,-1.6951786333421524,2.1039614975816665,1.8773782974148854,-1.695178633342162
2012-04-26 03:00:00,283.43398388099195,281.8529142112559,-1.5810696697360527,1.9664473641352376,1.7706573026218908,-1.5810696697360493
2012-04-26 06:00:00,282.5624878327924,281.47350543836944,-1.088982394422942,1.5774173392260307,1.285805677097053,-1.0889823944229418
2012-04-26 09:00:00,281.81562424432593,280.95318806496164,-0.8624361793642947,1.4916782461526696,1.1534937504253855,-0.8624361793643031
2012-04-26 12:00:00,282.05702573041435,280.58757017974256,-1.4694555506717961,1.7970141069981145,1.509928621033584,-1.4694555506717897
2012-04-26 15:00:00,282.3162725232124,280.5919919500582,-1.7242805731542035,2.003120831901676,1.7419702800765122,-1.7242805731542186
2012-04-26 18:00:00,282.6912717991122,280.8678719201466,-1.8233998789655743,2.120709870137528,1.8561333888252298,-1.823399878965552
2012-04-26 21:00:00,283.15616744433197,281.1618516943395,-1.994315749992495,2.3855448865542894,2.0523202189572087,-1.9943157499925122
2012-04-27 00:00:00,282.8417028717247,280.9572787692591,-1.884424102465573,2.317464504080868,1.9442298048907731,-1.884424102465589
2012-04-27 03:00:00,281.9749149347681,280.631668085008,-1.343246849760078,1.763990912475348,1.4544016932043162,-1.3432468497600658
2012-04-27 06:00:00,281.02875605055243,280.440679863543,-0.5880761870094489,1.2677331452779226,1.0729446918302914,-0.5880761870094808
2012-04-27 09:00:00,280.80131482707117,280.2935435981554,-0.5077712289157716,1.1656895143863313,0.9601415373047043,-0.5077712289157633
2012-04-27 12:00:00,280.8106944320632,280.2249140850472,-0.5857803470159979,1.2825444057513158,1.0569091506634956,-0.5857803470159759
2012-04-27 15:00:00,281.89235606399257,280.3856163451919,-1.5067397188006453,1.7609093974605983,1.523286434932136,-1.5067397188006864
2012-04-27 18:00:00,283.1093225655487,280.77884861650205,-2.3304739490466773,2.635302890253388,2.348801536087106,-2.330473949046652
2012-04-27 21:00:00,283.50857662703737,281.0434992218027,-2.4650774052346947,2.7561288699538102,2.471464795121668,-2.4650774052346907
2012-04-28 00:00:00,283.3342718157646,281.0674695294003,-2.2668022863643387,2.531603871371931,2.27865262010052,-2.2668022863643684
2012-04-28 03:00:00,282.77605199506235,280.7613012441971,-2.0147507508652325,2.259573040921707,2.0235587802146036,-2.0147507508652422
2012-04-28 06:00:00,282.4067110361846,280.6266924065687,-1.7800186296159382,2.059539704371867,1.8095156277509057,-1.7800186296159297
2012-04-28 09:00:00,282.2440974999794,280.61023000629484,-1.6338674936845337,1.928961718993631,1.6800052487249477,-1.6338674936844966
2012-04-28 12:00:00,281.7453216387365,280.5918176800363,-1.1535039587002416,1.5327582409233542,1.2734491141015898,-1.1535039587002007
2012-04-28 15:00:00,281.95097071652555,280.709376369678,-1.2415943468475348,1.6164137603072297,1.3343915825311528,-1.2415943468475257
2012-04-28 18:00:00,282.7052384777493,281.02041395621967,-1.684824521529606,2.053086440047095,1.708555081476485,-1.6848245215296134
2012-04-28 21:00:00,283.165741983012,281.2254288358892,-1.940313147122822,2.310272118340204,1.9682928513070288,-1.940313147122801
2012-04-29 00:00:00,283.23308042403414,281.2428959144485,-1.9901845095856174,2.323444643445887,2.0178939432911696,-1.9901845095855832
2012-04-29 03:00:00,282.9182759042134,281.01994975851846,-1.8983261456949094,2.1741579274045555,1.9196330835317026,-1.898326145694898
2012-04-29 06:00:00,282.64681417993637,280.85245273821124,-1.7943614417251297,2.033998670313641,1.8107151819763976,-1.794361441725103
2012-04-29 09:00:00,282.4450234775396,280.7831395110572,-1.661883966482435,1.8930059576739098,1.6882209900171585,-1.6618839664824139
2012-04-29 12:00:00,282.1380525436205,280.71857585934873,-1.4194766842717854,1.638830689705903,1.4449506989112246,-1.4194766842718227
2012-04-29 15:00:00,282.5037987250635,280.8284463557262,-1.675352369337304,1.9898603782256916,1.7041148876678935,-1.6753523693373222
2012-04-29 18:00:00,282.98879670356786,281.2254416019513,-1.7633551016165825,2.1560276400675495,1.8004335469276063,-1.763355101616594
2012-04-29 21:00:00,283.19051477020633,281.5131717632808,-1.6773430069255255,2.1198066545318475,1.750978236442577,-1.6773430069254904
2012-04-30 00:00:00,283.41999192972185,281.60521687076545,-1.8147750589563998,2.313364656146786,1.9170999408036307,-1.8147750589563776
2012-04-30 03:00:00,283.2790153792814,281.011714493521,-2.267300885760392,2.6047179382393555,2.290517568585327,-2.267300885760415
2012-04-30 06:00:00,282.8413006608971,280.64856921798156,-2.1927314429155444,2.4775418553682274,2.200770950378318,-2.192731442915582
2012-04-30 09:00:00,282.2161748969613,280.4880920247412,-1.7280828722201136,2.0153866226035926,1.7423397459023566,-1.7280828722201513
2012-04-30 12:00:00,281.70954759367936,280.4195072723475,-1.290040321331844,1.5873316011585294,1.3412888638018161,-1.290040321331817
2012-04-30 15:00:00,282.12172426124596,280.5971375197945,-1.5245867414514578,1.8874623546682117,1.5942827640990604,-1.5245867414514211
2012-04-30 18:00:00,283.0265273955042,280.70185512893664,-2.3246722665675748,2.648596106487842,2.3419655888374407,-2.3246722665675676
2012-04-30 21:00:00,283.1728864996765,280.844206623711,-2.32867987596552,2.6856569761405042,2.3482647348765346,-2.328679875965535
2012-05-01 00:00:00,282.7080622932561,280.7646290694144,-1.94343322384168,2.216735923195997,1.9507516550402255,-1.9434332238416894
2012-05-01 03:00:00,282.1328275823576,280.516732567631,-1.6160950147266249,1.8493120221372414,1.6243012242208044,-1.6160950147266149
2012-05-01 06:00:00,281.6526579959701,280.3514113655595,-1.301246630410617,1.562105452776241,1.3284026453506539,-1.3012466304105903
2012-05-01 09:00:00,281.38775921630787,280.243091098253,-1.1446681180548808,1.4145868865060356,1.1828769763382037,-1.1446681180548783
2012-05-01 12:00:00,281.2365744109264,280.22171347421596,-1.01486093671042,1.366857701553355,1.137714866579217,-1.014860936710427
2012-05-01 15:00:00,281.50640135140804,280.28933694671036,-1.2170644046976804,1.633254638670185,1.3855041692899768,-1.2170644046976613
2012-05-01 18:00:00,281.9137647763381,280.3565182688723,-1.557246507465777,2.016359774280978,1.7162363629778044,-1.557246507465808
2012-05-01 21:00:00,281.6798342812148,280.3533825990633,-1.3264516821515144,1.7784763009879998,1.4645746029828193,-1.3264516821514956
2012-05-02 00:00:00,281.670497960988,280.31678923111224,-1.3537087298757342,1.8432133009396878,1.575704275040549,-1.3537087298757304
2012-05-02 03:00:00,281.34255340929786,280.19245977523485,-1.150093634063012,1.6835761156717142,1.4656532501059083,-1.150093634062977
2012-05-02 06:00:00,280.7890746034598,280.15004273968384,-0.6390318637759833,1.2974584984329491,1.0932227002134918,-0.639031863775945
2012-05-02 09:00:00,280.41854601119763,280.08537940289494,-0.3331666083026903,1.092613639697331,0.9129688702658744,-0.3331666083026688
2012-05-02 12:00:00,280.0674168872061,280.050272941812,-0.01714394539408204,0.9283359616327777,0.7437517550897934,-0.0171439453940972
2012-05-02 15:00:00,280.51586280484236,280.2019727845256,-0.3138900203167623,1.039856569993204,0.8098474617426724,-0.31389002031674307
2012-05-02 18:00:00,281.461971956014,280.60499719992606,-0.8569747560879364,1.5329921011518182,1.119841245715907,-0.8569747560879671
2012-05-02 21:00:00,282.29364525566814,280.756565210287,-1.537080045381117,2.0648771055828963,1.6522094584817362,-1.5370800453811233
2012-05-03 00:00:00,282.55868437126634,280.78334687406885,-1.7753374971974836,2.1858377194094545,1.849903771776013,-1.7753374971974962
2012-05-03 03:00:00,282.197604535374,280.5944869314703,-1.6031176039036836,1.8951853768809621,1.639996806549548,-1.6031176039037156
2012-05-03 06:00:00,281.7016882487863,280.4524224698496,-1.2492657789367172,1.591536202428872,1.346235102001061,-1.2492657789367194
2012-05-03 09:00:00,281.41225999983294,280.37425723035494,-1.0380027694779983,1.4613712630591944,1.213903443881261,-1.0380027694779959
2012-05-03 12:00:00,281.0441009704103,280.3311020757494,-0.7129988946608705,1.1372530994051773,0.931635991283955,-0.7129988946609176
2012-05-03 15:00:00,281.0847990469285,280.5742079844943,-0.5105910624341732,1.0141390498217566,0.7792789161160616,-0.5105910624341943
2012-05-03 18:00:00,281.5917770179312,280.9015454290106,-0.6902315889205966,1.2498040861657185,0.9022250429471267,-0.6902315889205737
2012-05-03 21:00:00,282.2448389822936,281.14177753196356,-1.1030614503300171,1.550041507548902,1.18561993674369,-1.1030614503300078
2012-05-04 00:00:00,282.6076545901419,281.1508878733174,-1.456766716824518,1.796736036103493,1.4728902202238854,-1.456766716824546
2012-05-04 03:00:00,282.2302615606074,280.70823176756744,-1.5220297930399624,1.751446244600313,1.5398927882677913,-1.5220297930399795
2012-05-04 06:00:00,281.4726831774513,280.4488895296686,-1.0237936477827247,1.364520605705122,1.1387891417272822,-1.0237936477827065
2012-05-04 09:00:00,280.8585065826652,280.2952619947075,-0.5632445879576835,1.0696979520398429,0.8811828074049748,-0.5632445879576548
2012-05-04 12:00:00,280.80484531671124,280.244328533679,-0.5605167830322557,1.0410888832503842,0.8444065349782242,-0.5605167830322748
2012-05-04 15:00:00,281.333600046934,280.3318906073246,-1.0017094396093853,1.3823201567910555,1.1078240592034732,-1.0017094396093837
2012-05-04 18:00:00,281.9484184149547,280.60165529919163,-1.3467631157630535,1.8281383243276872,1.4282752223217734,-1.3467631157630768
2012-05-04 21:00:00,282.24387447188013,280.9187321836862,-1.3251422881939448,1.9222639563769497,1.4480611620848958,-1.3251422881939459
2012-05-05 00:00:00,282.26137609462944,280.90798660667747,-1.3533894879519721,1.7229917391105067,1.3768178315161077,-1.3533894879520052
2012-05-05 03:00:00,281.7190195231293,280.5580420771746,-1.1609774459546998,1.4922344875855886,1.222031494056628,-1.160977445954694
2012-05-05 06:00:00,281.0216998864821,280.2350573757168,-0.7866425107653185,1.2021266488229487,0.977205787432668,-0.7866425107653107
2012-05-05 09:00:00,280.6317663046387,280.06628530389895,-0.5654810007397373,1.109283212055855,0.9036807733847498,-0.5654810007397506
2012-05-05 12:00:00,280.4347066034497,280.00630738525643,-0.428399218193249,1.0097462129306096,0.8253207591966765,-0.4283992181932191
2012-05-05 15:00:00,281.1073827282179,280.2387457874395,-0.8686369407784014,1.2782498261712327,1.0235495064077322,-0.8686369407783835
2012-05-05 18:00:00,282.2194345585169,280.68283777143307,-1.5365967870838517,1.947291154695574,1.5509079334042526,-1.536596787083816
2012-05-05 21:00:00,283.0305511698477,281.1722642347727,-1.8582869350750002,2.2774077887770523,1.8793618436213164,-1.858286935074979
2012-05-06 00:00:00,283.40756203199203,281.18503015660053,-2.222531875391496,2.5664540309355184,2.230104232879395,-2.2225318753915464
2012-05-06 03:00:00,283.031093634114,280.82861722611466,-2.2024764079993133,2.414210186740702,2.207564369961853,-2.2024764079993
2012-05-06 06:00:00,282.2833790340906,280.4791490570207,-1.8042299770698946,2.05967686957215,1.849149137912973,-1.8042299770698667
2012-05-06 09:00:00,281.74766571370037,280.3004873575817,-1.447178356118684,1.8192987088806123,1.5682922024292878,-1.4471783561186717
2012-05-06 12:00:00,280.6055968658551,280.27252641775374,-0.33307044810135267,1.2026168671731339,0.9739568133854736,-0.33307044810134834
2012-05-06 15:00:00,281.3636590600396,280.83080579316305,-0.5328532668765433,1.3900371764355368,1.0238153876619416,-0.5328532668765331
2012-05-06 18:00:00,282.6781029262322,281.39015976583437,-1.2879431603978446,2.004169980440183,1.4249244388920483,-1.2879431603978257
2012-05-06 21:00:00,283.6976771272588,281.7932777757742,-1.904399351484642,2.450156311100193,1.9225707616325929,-1.9043993514846467
2012-05-07 00:00:00,283.99594194958235,281.93621459209464,-2.059727357487702,2.4405688608842167,2.0753773713796524,-2.059727357487729
2012-05-07 03:00:00,283.6132476597773,281.5240127711409,-2.0892348886363834,2.3581853225230773,2.108568350171316,-2.0892348886363803
2012-05-07 06:00:00,283.0453158053616,281.00150173835937,-2.043814067002245,2.291844717088567,2.0649749930978367,-2.0438140670022458
2012-05-07 09:00:00,282.7316710210073,280.6934981168656,-2.0381729041416747,2.2734689935164107,2.057724861681345,-2.0381729041416965
2012-05-07 12:00:00,282.24956550128,280.7514138964977,-1.498151604782322,1.8445542219581235,1.5782764164308107,-1.4981516047823495
2012-05-07 15:00:00,283.0687547018137,281.6533088911418,-1.4154458106718835,1.8417392740100715,1.4796570419698323,-1.4154458106719108
2012-05-07 18:00:00,284.13280209110707,282.47415012112924,-1.658651969977825,2.2274655765794837,1.791190988109344,-1.658651969977822
2012-05-07 21:00:00,284.8906411551958,282.85675237184165,-2.0338887833541435,2.698830231451324,2.1453335286036346,-2.033888783354176
2012-05-08 00:00:00,285.1709578947104,282.7577143021186,-2.4132435925918116,2.994992702827126,2.44286249154509,-2.4132435925917997
2012-05-08 03:00:00,284.77842257636695,282.39414018679,-2.3842823895769243,2.9731032627770264,2.533759765654999,-2.384282389576908
2012-05-08 06:00:00,284.32796376565597,281.7911220965976,-2.53684166905839,3.031746771579213,2.674609765061619,-2.5368416690583846
2012-05-08 09:00:00,283.9515872302517,281.1134772272772,-2.8381100029744744,3.22421981066144,2.8448931190364446,-2.838110002974458
2012-05-08 12:00:00,283.2583638432117,280.9731768566411,-2.2851869865706362,2.6541385904366313,2.307289178377025,-2.2851869865706127
2012-05-08 15:00:00,283.55755443302775,281.2137398219941,-2.343814611033622,2.679075608243637,2.3477691008787636,-2.343814611033583
2012-05-08 18:00:00,284.2387607138025,281.579240933219,-2.65951978058348,3.033583658480067,2.6838861859682765,-2.6595197805834467
2012-05-08 21:00:00,284.4918166425969,281.90586406698907,-2.5859525756078483,3.074311527057241,2.61471478719894,-2.5859525756078465
2012-05-09 00:00:00,284.3783343432437,281.89109234909307,-2.4872419941506223,3.06228101825096,2.568901490153282,-2.4872419941506325
2012-05-09 03:00:00,283.4568971077266,281.14529256838375,-2.311604539342852,2.763470471892827,2.336412872317828,-2.3116045393428823
2012-05-09 06:00:00,282.1243353394255,280.5564283717811,-1.567906967644376,1.989591511261097,1.6630536964809959,-1.567906967644382
2012-05-09 09:00:00,281.24121676292515,280.26193144270377,-0.9792853202213792,1.4484819811048304,1.1803331547264602,-0.9792853202213752
2012-05-09 12:00:00,280.8680242747953,280.1921313956246,-0.6758928791707035,1.2575604009672094,1.0126866232980745,-0.675892879170673
2012-05-09 15:00:00,281.6302046793337,280.4694853160257,-1.160719363307976,1.5340592352997613,1.2702654436892198,-1.160719363307961
2012-05-09 18:00:00,282.4721434468412,280.81254823459534,-1.659595212245847,2.0170447680658756,1.7121456635551573,-1.659595212245839
2012-05-09 21:00:00,282.3339120399814,281.1476071641088,-1.1863048758725654,1.6591170570694909,1.2778258293377505,-1.186304875872538
2012-05-10 00:00:00,282.22057412342525,281.09432797817306,-1.1262461452521961,1.662252148091746,1.3019883395919987,-1.1262461452522332
2012-05-10 03:00:00,281.85264327592506,280.6412888633518,-1.2113544125732574,1.5365772218687082,1.264287533755442,-1.2113544125732312
2012-05-10 06:00:00,281.13280566210955,280.26682064123474,-0.8659850208748026,1.3590322107063302,1.1009159078056987,-0.8659850208748439
2012-05-10 09:00:00,280.5054715460541,280.13197210282897,-0.3734994432251142,1.1352740612543708,0.920815223354578,-0.3734994432250996
2012-05-10 12:00:00,280.1226828592372,280.0788012870506,-0.043881572186592166,1.3139153598560616,1.0110905400501142,-0.043881572186547715
2012-05-10 15:00:00,280.98814528866404,280.3782066923726,-0.6099385962914425,1.2356497120896932,0.946729184527054,-0.6099385962913928
2012-05-10 18:00:00,282.13018701818953,280.6973285639659,-1.4328584542236058,1.874191250939727,1.4770408035922735,-1.4328584542235863
2012-05-10 21:00:00,283.2281563460747,281.1771026907943,-2.051053655280384,2.492316707737002,2.094651551948162,-2.051053655280409
2012-05-11 00:00:00,283.6848799761273,281.2757842988704,-2.4090956772569143,2.8312254850786345,2.456834229133604,-2.4090956772568872
2012-05-11 03:00:00,283.21937841244295,280.7321672643592,-2.487211148083759,2.7974618333264507,2.4908466716207767,-2.487211148083776
2012-05-11 06:00:00,282.35702776389456,280.37299873040155,-1.984029033493016,2.327469455690867,2.0365296932604022,-1.984029033493035
2012-05-11 09:00:00,281.85036031148985,280.2454397128111,-1.6049205986787456,1.9904587903742597,1.6955720994697,-1.604920598678783
2012-05-11 12:00:00,280.6765941789883,280.1775416829851,-0.4990524960031735,1.3084149020632856,1.0480596293624744,-0.4990524960031771
2012-05-11 15:00:00,281.2626156164839,280.87737819279346,-0.3852374236904552,1.318985679437049,1.0530691293915853,-0.38523742369041775
2012-05-11 18:00:00,283.02620970415234,281.58280223105226,-1.4434074731000806,2.001264961443169,1.5304612745564377,-1.4434074731000428
2012-05-11 21:00:00,284.4268000630506,282.0550852353561,-2.371714827694518,2.7671311662126796,2.3832701470508755,-2.3717148276945506
2012-05-12 00:00:00,284.9228384836987,282.1960426659524,-2.7267958177462788,3.075611490692092,2.733652596281337,-2.726795817746268
2012-05-12 03:00:00,284.3769480409244,281.7764482327198,-2.6004998082045745,2.895555574614764,2.6181643549899665,-2.6004998082045794
2012-05-12 06:00:00,283.617441610783,281.17125083241143,-2.4461907783715446,2.8162802299441494,2.4754505551441564,-2.446190778371539
2012-05-12 09:00:00,283.3068908419166,280.72712306639534,-2.5797677755212476,2.977528076246681,2.6250504038959446,-2.5797677755212285
2012-05-12 12:00:00,282.44170440677203,280.7450960802241,-1.6966083265479597,2.237344450729978,1.8828302121424028,-1.6966083265479661
2012-05-12 15:00:00,283.40831583038374,281.73262624523926,-1.6756895851444824,2.0890675899838103,1.7186611227988435,-1.6756895851444713
2012-05-12 18:00:00,284.8173307605356,282.69194647746804,-2.1253842830675467,2.7708080676201203,2.2638502766301105,-2.125384283067554
2012-05-12 21:00:00,285.8834375836821,283.3109213364045,-2.5725162472776333,3.378712002326833,2.6442287325025604,-2.5725162472776533
2012-05-13 00:00:00,286.33717014421535,283.34368018789485,-2.993489956320502,3.7561004906291955,3.0311262609947427,-2.993489956320538
2012-05-13 03:00:00,285.7084605352198,282.52205578864823,-3.1864047465715544,3.6894242252320186,3.262431263057952,-3.1864047465715735
2012-05-13 06:00:00,284.9164248424622,282.23644700117205,-2.6799778412901674,3.418095659648638,2.940225667498702,-2.6799778412901323
2012-05-13 09:00:00,284.3607185639104,281.63900966566246,-2.7217088982479254,3.2928986862427836,2.8793420750494576,-2.7217088982479547
2012-05-13 12:00:00,283.60933418715007,281.5773661239075,-2.031968063242573,2.4442965545616158,2.1189829980322354,-2.0319680632425587
2012-05-13 15:00:00,284.49913561827674,282.3193432107505,-2.179792407526236,2.6190022555762047,2.196261991053659,-2.1797924075262523
2012-05-13 18:00:00,285.90675736509536,283.2808453041327,-2.625912060962662,3.3215340202696977,2.6938930904414256,-2.6259120609626607
2012-05-13 21:00:00,287.22948709029987,283.7477499676851,-3.4817371226147884,4.208286799982303,3.5041985595976115,-3.4817371226147458
2012-05-14 00:00:00,287.8491687178663,283.7580106555775,-4.091158062288798,4.664941710153248,4.104061758140449,-4.091158062288831
2012-05-14 03:00:00,286.95432159970187,283.16244904322303,-3.791872556478836,4.271105480733487,3.815602525445967,-3.7918725564788227
2012-05-14 06:00:00,285.9106150797603,282.9945191628896,-2.916095916870688,3.4896334209386795,2.9744504348272836,-2.9160959168706677
2012-05-14 09:00:00,285.34850274783673,282.7653522737306,-2.5831504741061053,3.1652785178487943,2.665872612405904,-2.5831504741061364
2012-05-14 12:00:00,284.92293877063344,282.4195760806121,-2.5033626900213335,2.861271188053582,2.5461196082879574,-2.5033626900212815
2012-05-14 15:00:00,285.96544399865905,282.753858880125,-3.2115851185340603,3.553982671702094,3.2376004263549745,-3.211585118534094
2012-05-14 18:00:00,287.40716614607254,283.95865437469536,-3.4485117713771842,4.065660843102385,3.4562232093440266,-3.448511771377195
2012-05-14 21:00:00,288.54003132764035,284.3214066142175,-4.218624713422855,5.015275910538464,4.22541403102208,-4.218624713422831
2012-05-15 00:00:00,289.20246662608486,284.14689682110145,-5.055569804983406,5.745653347380399,5.056852764222776,-5.05556980498341
2012-05-15 03:00:00,288.0636360437791,283.32261114039744,-4.741024903381685,5.276717529254434,4.763618914816746,-4.741024903381715
2012-05-15 06:00:00,286.6816729267669,283.0712172577132,-3.6104556690536924,4.1201987275885905,3.6318146198562804,-3.610455669053729
2012-05-15 09:00:00,285.7316345152596,282.7526270346322,-2.979007480627388,3.5807913277041625,3.033212466679543,-2.9790074806273847
2012-05-15 12:00:00,284.68539667840236,282.43663808156725,-2.2487585968351027,2.7594564486158197,2.3844159382456542,-2.2487585968350943
2012-05-15 15:00:00,285.28761226199896,282.7772190874014,-2.5103931745975387,2.928508399632614,2.524038630253828,-2.5103931745975387
2012-05-15 18:00:00,286.53075776413567,283.1390728348705,-3.391684929265182,3.943012033033957,3.3923177328074936,-3.3916849292651863
2012-05-15 21:00:00,287.47203579665904,283.3515236757068,-4.120512120952242,4.769143758894311,4.123287448747358,-4.120512120952203
2012-05-16 00:00:00,287.6449683548806,283.0721375376439,-4.57283081723665,5.061819588022218,4.57680258423915,-4.572830817236645
2012-05-16 03:00:00,286.67174041111696,282.79161929916654,-3.880121111950416,4.229064953785124,3.8981643852439287,-3.8801211119503756
2012-05-16 06:00:00,285.4348373809635,282.304516878603,-3.130320502360462,3.5061963096216218,3.167452054099736,-3.130320502360487
2012-05-16 09:00:00,284.62312370611437,281.7095592092809,-2.9135644968334873,3.2311157944538467,2.9221779866063473,-2.9135644968335006
2012-05-16 12:00:00,283.57010256607657,281.45513524716546,-2.1149673189111127,2.3433511307119392,2.1290896479587165,-2.1149673189110922
2012-05-16 15:00:00,283.95710814336223,281.699116953367,-2.2579911899952094,2.6164910565827544,2.3471352402477184,-2.2579911899952183
2012-05-16 18:00:00,285.0910140878527,282.3023488053516,-2.7886652825011424,3.1490666555821836,2.802774747990045,-2.788665282501149
2012-05-16 21:00:00,285.92404860543667,282.768561218276,-3.15548738716069,3.598008375155699,3.1602347850559336,-3.155487387160671
2012-05-17 00:00:00,286.1414150592728,282.7375199522406,-3.4038951070322128,3.7876873384945924,3.4099895697178004,-3.4038951070322483
2012-05-17 03:00:00,285.2544855263785,282.40446018039796,-2.850025345980555,3.208487797255028,2.8857414645248007,-2.8500253459805314
2012-05-17 06:00:00,284.0734431656056,281.6757300998797,-2.397713065725952,2.7139510381306864,2.4938287635730942,-2.3977130657259935
2012-05-17 09:00:00,283.36784334987675,280.90675667924387,-2.4610866706328807,2.6952649251550276,2.4791199197702722,-2.4610866706328505
2012-05-17 12:00:00,282.60950261299735,280.67304916009664,-1.9364534529007074,2.1773999892339395,1.9786214396201354,-1.9364534529007518
2012-05-17 15:00:00,283.2741113668837,281.17940611415264,-2.094705252731046,2.373629524351324,2.1088000149742863,-2.09470525273101
2012-05-17 18:00:00,284.54431418359627,281.8873857051208,-2.6569284784754927,3.0180346915328715,2.7004716622700973,-2.6569284784754745
2012-05-17 21:00:00,285.4013551976613,282.31851876890715,-3.082836428754149,3.454327534421529,3.10316135552786,-3.082836428754148
2012-05-18 00:00:00,285.4214907041829,282.3430727758565,-3.0784179283263597,3.442631647827568,3.117642914002478,-3.078417928326387
2012-05-18 03:00:00,284.3873255504343,281.81052909311,-2.576796457324292,2.89685142790653,2.630109698466904,-2.576796457324328
2012-05-18 06:00:00,283.2130868261445,281.0486706127783,-2.1644162133661666,2.3700309763538017,2.176280816112884,-2.164416213366217
2012-05-18 09:00:00,282.52202907681453,280.5625680451658,-1.9594610316487433,2.1553463856216917,1.974456998977107,-1.9594610316487704
2012-05-18 12:00:00,281.8656950961954,280.4582522876135,-1.4074428085818909,1.691726818573628,1.4984328275102852,-1.4074428085818944
2012-05-18 15:00:00,282.5652744383257,280.93555765925504,-1.629716779070634,1.9300719036733367,1.6664617228220604,-1.6297167790706109
2012-05-18 18:00:00,283.8611239733782,281.68050149920157,-2.18062247417663,2.5244120259226075,2.2091962269826295,-2.180622474176646
2012-05-18 21:00:00,284.69882103751814,282.1191813924765,-2.5796396450416523,3.0398877686307344,2.640270785650969,-2.5796396450416164
2012-05-19 00:00:00,285.1204792537047,282.12438904883305,-2.9960902048716207,3.405123089802394,3.0287708055462867,-2.9960902048716123
2012-05-19 03:00:00,284.579308709144,281.84380126411645,-2.735507445027565,3.0801306312467323,2.768006107943473,-2.7355074450276056
2012-05-19 06:00:00,283.6440949502168,280.97427195107497,-2.669822999141843,3.023459195233294,2.6878939337364973,-2.6698229991418376
2012-05-19 09:00:00,282.875142841225,280.5713672566926,-2.3037755845323886,2.747960234264654,2.3717145412043785,-2.303775584532348
2012-05-19 12:00:00,281.89622076616786,280.5360443129109,-1.3601764532569405,1.8226485553553884,1.5343981835047131,-1.3601764532569476
2012-05-19 15:00:00,282.65504752949954,281.43770043512427,-1.2173470943752704,1.730920954672782,1.355463674174121,-1.2173470943752744
2012-05-19 18:00:00,283.9917447849369,281.96535168882565,-2.026393096111235,2.4771686851796875,2.0430960491331307,-2.026393096111231
2012-05-19 21:00:00,284.9917772010749,282.3028309975605,-2.6889462035144334,3.172555761543052,2.691764918821225,-2.6889462035144347
2012-05-20 00:00:00,285.37452009896253,282.44481205529223,-2.9297080436703027,3.3756208556094487,2.934335577677343,-2.92970804367027
2012-05-20 03:00:00,284.91232272768116,282.076906220934,-2.8354165067471513,3.227258705350342,2.8688982749385765,-2.8354165067471526
2012-05-20 06:00:00,284.1525641126907,281.57789485576984,-2.5746692569208562,2.987874136229782,2.6850090223254983,-2.5746692569208105
2012-05-20 09:00:00,283.7394260583535,280.99347584030477,-2.7459502180487334,3.066210318084896,2.755774610282769,-2.74595021804872
2012-05-20 12:00:00,283.4593789203405,281.06616265310635,-2.393216267234152,2.6709626653084655,2.4140761529066506,-2.393216267234169
2012-05-20 15:00:00,284.0457028243353,281.73619335912304,-2.3095094652122725,2.629165887435227,2.363837346548664,-2.3095094652123054
2012-05-20 18:00:00,284.0975069342471,282.11314363759567,-1.984363296651452,2.37670660500987,2.0565420378819326,-1.9843632966514717
2012-05-20 21:00:00,284.0095702222031,282.25974363462933,-1.7498265875737502,2.1655049553039323,1.8373609912935547,-1.7498265875737398
2012-05-21 00:00:00,283.74707358163784,282.28148043972,-1.46559314191785,1.961874636745502,1.618423799964966,-1.4655931419178596
2012-05-21 03:00:00,283.4076465034693,281.8779729216419,-1.52967358182741,1.95683066642041,1.6344034684234192,-1.529673581827449
2012-05-21 06:00:00,283.41541595044623,281.84657242242963,-1.5688435280166004,2.021716612710626,1.6703477175168984,-1.5688435280166149
2012-05-21 09:00:00,283.5854910328156,281.72574842505105,-1.859742607764531,2.2251890698643075,1.9258682248914134,-1.8597426077645833
2012-05-21 12:00:00,283.72586136367676,281.5984170377769,-2.1274443258998303,2.429779059190487,2.171355473321843,-2.127444325899844
2012-05-21 15:00:00,284.13192756748174,281.67105064290377,-2.460876924577974,2.735850637161895,2.501628801625589,-2.4608769245779794
2012-05-21 18:00:00,284.37726076444676,281.76688379619327,-2.6103769682534903,2.8214620564800206,2.6387398845420007,-2.610376968253481
2012-05-21 21:00:00,284.50092646496853,281.97611907133637,-2.524807393632159,2.7836401243892293,2.576642209740637,-2.5248073936321687
2012-05-22 00:00:00,284.66886444014926,282.08699681241137,-2.5818676277378927,2.925024261261134,2.62595209421436,-2.581867627737898
2012-05-22 03:00:00,284.5476735981049,281.71028678969697,-2.8373868084079277,3.1260898818655125,2.872188754811955,-2.8373868084079246
2012-05-22 06:00:00,284.001519823614,281.389922428976,-2.611597394638011,2.8610900623252284,2.6581300703810657,-2.6115973946379745
2012-05-22 09:00:00,283.43584216537033,281.10558267896675,-2.330259486403577,2.6379144270745045,2.365869467088801,-2.3302594864035786
2012-05-22 12:00:00,282.90557362895225,280.88524576902915,-2.0203278599231,2.274259001282588,2.044003761744957,-2.020327859923093
2012-05-22 15:00:00,283.4533677010494,281.0230689832666,-2.4302987177827617,2.6878787666038693,2.4365415726278927,-2.4302987177827853
2012-05-22 18:00:00,283.82975194843914,281.4942019245222,-2.3355500239169373,2.7676705917208686,2.402446319856444,-2.3355500239169795
2012-05-22 21:00:00,283.6991584100699,281.7840964808543,-1.9150619292155966,2.377673271134963,2.052001969624434,-1.9150619292155802
2012-05-23 00:00:00,283.4652235909699,281.82878076512964,-1.6364428258402768,2.12615890202193,1.827104673126293,-1.6364428258403023
2012-05-23 03:00:00,283.23338458472523,281.43363109871876,-1.7997534860064661,2.2165892702848105,1.9085546341918287,-1.799753486006416
2012-05-23 06:00:00,282.99653968095276,281.1550439483724,-1.8414957325803698,2.108619692852614,1.8685580119859568,-1.8414957325803896
2012-05-23 09:00:00,283.10688054056993,281.0176541540169,-2.0892263865530367,2.311222095039094,2.095999085472372,-2.089226386553036
2012-05-23 12:00:00,283.0511495136171,280.941053462852,-2.110096050765094,2.309213894718015,2.1133896182825342,-2.1100960507650743
2012-05-23 15:00:00,283.3296460490719,281.00220533309823,-2.327440715973694,2.5447943194208054,2.3335574386456246,-2.327440715973679
2012-05-23 18:00:00,283.99702787895563,281.48607170804615,-2.5109561709094805,2.8551128417833276,2.5380214494621978,-2.510956170909513
2012-05-23 21:00:00,284.66955435460744,281.81848936654075,-2.851064988066696,3.282892693882576,2.94097433156653,-2.8510649880666494
2012-05-24 00:00:00,284.70923081992095,281.88468885425857,-2.8245419656623767,3.2480024645796655,2.898977593222642,-2.82454196566241
2012-05-24 03:00:00,283.9236974877314,281.36861138203017,-2.555086105701207,2.8424073287472718,2.574302239010993,-2.55508610570123
2012-05-24 06:00:00,283.18797613541665,280.92769408675707,-2.260282048659576,2.5219856349632654,2.264189538367076,-2.2602820486596027
2012-05-24 09:00:00,282.77042341527016,280.7581907821484,-2.012232633121755,2.325499174877214,2.038053831101378,-2.0122326331217533
2012-05-24 12:00:00,282.4506472049983,280.74218479334286,-1.7084624116554323,2.005052135592859,1.7381968838940949,-1.7084624116554306
2012-05-24 15:00:00,282.9214038747865,281.011043056929,-1.9103608178575087,2.277664651585702,1.9479565061750121,-1.9103608178575042
2012-05-24 18:00:00,283.73396278264073,281.4573871757903,-2.276575606850429,2.752795149489416,2.315963107451562,-2.2765756068503826
2012-05-24 21:00:00,284.64040298961584,281.8921546220279,-2.748248367587962,3.283779327465877,2.8024183508408926,-2.748248367587998
2012-05-25 00:00:00,285.35993670035646,282.1701559610949,-3.1897807392615505,3.6394754105665625,3.2281466504073046,-3.1897807392615203
2012-05-25 03:00:00,285.4461811363273,282.318887826372,-3.1272933099552915,3.5406261738399647,3.1616984502213636,-3.127293309955295
2012-05-25 06:00:00,284.91016835608474,282.4509372114249,-2.4592311446598387,2.9781016584099573,2.5945070401554946,-2.4592311446598134
2012-05-25 09:00:00,284.54478064584475,281.9911463823395,-2.5536342635052733,3.040411199927991,2.672902294134702,-2.553634263505225
2012-05-25 12:00:00,283.94493204367615,281.9223058418454,-2.0226262018307466,2.7036456681790746,2.436623172078705,-2.0226262018307724
2012-05-25 15:00:00,284.98678904306365,282.11363561246895,-2.873153430594698,3.1590354105958647,2.8932070166765,-2.873153430594717
2012-05-25 18:00:00,286.3900757439667,283.0172062855056,-3.372869458461082,3.7777014973311647,3.3733807414220465,-3.3728694584610968
2012-05-25 21:00:00,287.5896394562581,283.53089062282805,-4.058748833430059,4.544875578423622,4.058872985671099,-4.058748833430018
2012-05-26 00:00:00,288.4668737387383,283.6071365585375,-4.859737180200796,5.27744408224194,4.859958303365361,-4.859737180200771
2012-05-26 03:00:00,287.78950583679176,283.2631553905925,-4.526350446199274,4.934399031497538,4.5372923893468755,-4.526350446199293
2012-05-26 06:00:00,286.56271052677806,283.0354614452806,-3.527249081497473,3.95019208892754,3.562627838364633,-3.527249081497508
2012-05-26 09:00:00,285.6401585032527,282.7791340162117,-2.861024487040993,3.3237218874084182,2.892641686444588,-2.8610244870409964
2012-05-26 12:00:00,284.58850371209365,282.2053574724173,-2.383146239676364,2.6969701422707635,2.4193501437376694,-2.3831462396763943
2012-05-26 15:00:00,285.243331593628,282.4134275766554,-2.8299040169725913,3.1567840684437622,2.8370639883569435,-2.829904016972602
2012-05-26 18:00:00,286.032858382826,283.3803334847901,-2.6525248980358924,3.369996496255797,2.695340791279496,-2.6525248980358977
2012-05-26 21:00:00,286.7170809093815,283.7112564239346,-3.005824485446851,3.9521620176950227,3.044126444036464,-3.005824485446851
2012-05-27 00:00:00,287.4598225837461,283.4516178700756,-4.008204713670466,4.8074203878400175,4.010597354343356,-4.008204713670502
2012-05-27 03:00:00,287.35712132731,283.0487780915914,-4.30834323571861,4.9425346665134,4.33825834451075,-4.308343235718642
2012-05-27 06:00:00,285.99285182683593,282.38500516190794,-3.6078466649279903,4.074999364414251,3.635379271949455,-3.6078466649280063
2012-05-27 09:00:00,284.8808740501216,282.0206248429854,-2.860249207136178,3.277907045202685,2.887814601532909,-2.8602492071361985
2012-05-27 12:00:00,283.97202209762895,281.80920552088884,-2.162816576740113,2.510676713084415,2.213389396890129,-2.1628165767401515
2012-05-27 15:00:00,284.4387641630091,282.11376625798727,-2.32499790502186,2.7681423409712926,2.385092886773612,-2.324997905021866
2012-05-27 18:00:00,285.3962697732367,282.31771856960717,-3.0785512036295586,3.5686069804637293,3.0849525977860854,-3.0785512036295106
2012-05-27 21:00:00,286.210486560719,282.24894067858895,-3.9615458821300535,4.355626537105751,3.962370841830642,-3.9615458821300593
2012-05-28 00:00:00,286.41363337109584,282.2538463094312,-4.159787061664645,4.483881113131944,4.162266583107133,-4.159787061664637
2012-05-28 03:00:00,285.73968699690226,282.33544722344345,-3.404239773458812,3.6838408992885885,3.4247498628807036,-3.4042397734588112
2012-05-28 06:00:00,284.9500952171837,282.0996766645667,-2.8504185526169863,3.1397951611220103,2.9260290441246704,-2.850418552616971
2012-05-28 09:00:00,284.5002884044816,281.7203502366055,-2.7799381678760824,3.054949116467634,2.815308735024154,-2.779938167876089
2012-05-28 12:00:00,284.23832036303327,281.4874064166353,-2.7509139463979864,3.041745773023652,2.7695186946806976,-2.750913946397983
2012-05-28 15:00:00,284.29947844756634,281.64613932983644,-2.6533391177298995,3.0507357744365526,2.7192197625102668,-2.6533391177299053
2012-05-28 18:00:00,284.8184981723637,282.0364500242434,-2.7820481481203387,3.2022438891316773,2.865256321497147,-2.7820481481203267
2012-05-28 21:00:00,285.0886718563256,282.1338786574265,-2.9547931988990968,3.3458661178610654,3.0028403404399615,-2.9547931988991047
2012-05-29 00:00:00,284.9697344518544,282.2503188680615,-2.719415583792852,3.1349946428825985,2.8009882462742,-2.719415583792814
2012-05-29 03:00:00,284.323714930783,282.18835483192584,-2.135360098857177,2.4639309820116493,2.208001647711477,-2.1353600988571686
2012-05-29 06:00:00,283.598320400592,281.6481855236438,-1.9501348769481979,2.212899533336301,2.0285006381891075,-1.9501348769481812
2012-05-29 09:00:00,283.1436123653964,281.219346344293,-1.9242660211033922,2.159444510750459,1.9479101345157455,-1.9242660211034122
2012-05-29 12:00:00,282.6258454321233,281.1458440293414,-1.4800014027819088,1.746800320103551,1.5197995675456348,-1.4800014027818789
2012-05-29 15:00:00,283.14965737365344,281.609031454785,-1.540625918868443,1.8824300304995505,1.6138858455099556,-1.5406259188684792
2012-05-29 18:00:00,284.0654308799591,282.071868528247,-1.9935623517120575,2.4638992829161266,2.0930302703146073,-1.9935623517120868
2012-05-29 21:00:00,284.89567159900645,282.2981376431863,-2.597533955820154,3.1039353518891377,2.6619373350266593,-2.5975339558201798
2012-05-30 00:00:00,285.11687664916343,282.3316111875348,-2.785265461628626,3.2407400651929206,2.8455513388318727,-2.785265461628604
2012-05-30 03:00:00,284.97039320638146,282.15892060851246,-2.811472597868999,3.206740005755251,2.8496391156047784,-2.8114725978690025
2012-05-30 06:00:00,284.5341695260986,281.70717804433934,-2.8269914817592507,3.210945161773908,2.8638282981090617,-2.82699148175921
2012-05-30 09:00:00,284.1632196357886,281.3960885085798,-2.7671311272088133,3.0787519952094784,2.7769970170193283,-2.7671311272088124
2012-05-30 12:00:00,283.1515901263523,281.36436820871296,-1.7872219176393287,2.0447783128756405,1.8113148081568209,-1.7872219176393374
2012-05-30 15:00:00,282.65422895283,281.73459098471585,-0.9196379681141593,1.3506090474329933,1.087352950819375,-0.9196379681141418
2012-05-30 18:00:00,282.90059975532597,281.9240496295265,-0.9765501257994629,1.4648215464584935,1.134190968838005,-0.9765501257994845
2012-05-30 21:00:00,283.40348618393494,281.95431841343617,-1.449167770498775,1.8271995723157897,1.54851342904533,-1.4491677704988009
2012-05-31 00:00:00,283.6727606427439,281.98857058782454,-1.6841900549193838,2.072722954445167,1.7812164877746033,-1.684190054919356
2012-05-31 03:00:00,283.7398858289565,282.01696356308196,-1.7229222658745584,2.036890367989088,1.7819822501308915,-1.7229222658745915
2012-05-31 06:00:00,283.7357035156766,282.0322133745774,-1.7034901410992234,2.0373930171515706,1.7954084459336708,-1.7034901410991998
2012-05-31 09:00:00,283.61049807634896,282.07062621048846,-1.5398718658605048,1.8844623503281615,1.659352571944372,-1.5398718658605135
2012-05-31 12:00:00,283.8595383357719,282.1056641895456,-1.7538741462262806,2.068141960196644,1.8256891191854554,-1.753874146226288
2012-05-31 15:00:00,284.44659039578806,282.1098901535782,-2.336700242209872,2.7480319945654204,2.3758795259537417,-2.3367002422098913
2012-05-31 18:00:00,284.904755305024,282.4506862831577,-2.454069021866303,2.9725725251576747,2.513718016417165,-2.4540690218662737
2012-05-31 21:00:00,285.23504614147714,282.66175649410525,-2.573289647371894,3.11101945549815,2.628151998623839,-2.5732896473719364
2012-06-01 00:00:00,285.364322498531,282.67796269116786,-2.6863598073631465,3.1992366439075877,2.7284051207907365,-2.6863598073631683
2012-06-01 03:00:00,285.302720703719,282.5564086774567,-2.7463120262622738,3.1471617198274946,2.7833294259173735,-2.746312026262251
2012-06-01 06:00:00,285.22037429240527,282.38304983123356,-2.837324461171704,3.149845018300254,2.8606962859246075,-2.837324461171684
2012-06-01 09:00:00,285.25860227840747,282.3130107043558,-2.9455915740516616,3.248178969533006,2.949480238654893,-2.945591574051644
2012-06-01 12:00:00,285.5659742820682,282.28176038786665,-3.284213894201571,3.5072082324936367,3.2895958775780154,-3.2842138942015735
2012-06-01 15:00:00,286.12574062884346,282.38516098856246,-3.7405796402809983,4.010717280639179,3.7472388125947727,-3.7405796402810196
2012-06-01 18:00:00,286.6247876507844,282.6057223234264,-4.019065327358021,4.321764484014611,4.0249675731373715,-4.01906532735801
2012-06-01 21:00:00,286.61632252954695,282.69714475952117,-3.919177770025783,4.232189206527404,3.9248085738666822,-3.919177770025777
2012-06-02 00:00:00,286.29742122013744,282.59408707556196,-3.7033341445754786,4.086124202940752,3.712627630771754,-3.7033341445755044
2012-06-02 03:00:00,285.60039636875297,282.417529909304,-3.1828664594489737,3.566250415407972,3.199324058387501,-3.182866459448975
2012-06-02 06:00:00,284.5923967381723,282.08090368468,-2.511493053492302,2.8616031586780992,2.546756035330964,-2.511493053492293
2012-06-02 09:00:00,283.6850471795166,281.78400414064697,-1.9010430388696022,2.1627388746702194,1.9477657520936402,-1.9010430388695947
2012-06-02 12:00:00,283.341240991444,281.51493813081237,-1.8263028606316425,2.097076476162312,1.9093592122165841,-1.826302860631669
2012-06-02 15:00:00,284.07142693439545,281.5836921546493,-2.48773477974612,2.791282157787727,2.549854099554969,-2.487734779746116
2012-06-02 18:00:00,284.8053954438397,282.19386420930715,-2.611531234532549,3.0569868032904512,2.6966506280968536,-2.6115312345325306
2012-06-02 21:00:00,285.2400074856582,282.3468617673789,-2.8931457182792997,3.341368681060878,2.9594905596358423,-2.89314571827928
2012-06-03 00:00:00,285.427958664181,282.37543415185684,-3.052524512324169,3.4077474976977684,3.0931840840381812,-3.0525245123241294
2012-06-03 03:00:00,284.690430679716,282.15115235961946,-2.539278320096514,2.8447647688694477,2.5919939494895567,-2.5392783200965074
2012-06-03 06:00:00,283.48228016023637,281.47151298246865,-2.0107671777677183,2.2462663184743525,2.0505054368364948,-2.010767177767734
2012-06-03 09:00:00,282.8237205210912,281.1613914306284,-1.6623290904628334,1.9243802315614118,1.7112005512262907,-1.6623290904628807
2012-06-03 12:00:00,282.7757767713786,281.0885843774515,-1.6871923939270914,1.8772705809739496,1.6991534868637865,-1.6871923939271187
2012-06-03 15:00:00,283.3022087386564,281.5734725364731,-1.7287362021833133,1.962584511814318,1.7653352879382826,-1.7287362021833204
2012-06-03 18:00:00,283.9506174591437,282.08911723904725,-1.8615002200964454,2.210271945943443,1.9941483159861684,-1.8615002200964499
2012-06-03 21:00:00,284.48260663528697,282.2844123501437,-2.198194285143245,2.5421922571136544,2.2904246385232,-2.1981942851432423
2012-06-04 00:00:00,284.7711844452888,282.37199836146823,-2.3991860838205525,2.7114487049173297,2.4652613341751923,-2.3991860838205805
2012-06-04 03:00:00,284.44217302819646,282.3442584218091,-2.0979146063873486,2.4614811765753437,2.1709882761681745,-2.0979146063873424
2012-06-04 06:00:00,283.54352785132056,281.9552349558701,-1.5882928954504791,2.093355682062565,1.816282552243328,-1.5882928954505144
2012-06-04 09:00:00,282.83776872830657,281.44351219350773,-1.394256534798842,1.906392299334959,1.616422562615412,-1.3942565347988303
2012-06-04 12:00:00,282.6411750266319,281.4990126558699,-1.142162370762037,1.7022743943226362,1.4339763103766487,-1.1421623707620334
2012-06-04 15:00:00,283.36928883266586,281.97778299125724,-1.391505841408616,1.8311995474758802,1.5901767847005777,-1.3915058414086163
2012-06-04 18:00:00,284.20065551621315,282.32700541178133,-1.8736501044318175,2.295215910904559,1.984466651730979,-1.8736501044318177
2012-06-04 21:00:00,284.73570213347404,282.63531914726195,-2.1003829862120824,2.789120121595644,2.2823390016428875,-2.100382986212041
2012-06-05 00:00:00,284.8768350869242,282.6835887094229,-2.193246377501282,2.925397038297658,2.4174901062943936,-2.193246377501266
2012-06-05 03:00:00,284.4677637035839,282.72500188603533,-1.742761817548569,2.55427121599712,2.13796566172594,-1.7427618175486108
2012-06-05 06:00:00,283.8204515339806,282.1933299531343,-1.6271215808462784,2.1449428944102116,1.8443114153662072,-1.6271215808462907
2012-06-05 09:00:00,283.2654587063295,281.5643898552954,-1.7010688510341083,1.9916010033014027,1.744456637159519,-1.701068851034134
2012-06-05 12:00:00,283.4393698377321,281.5001995370301,-1.939170300702017,2.118999825759549,1.9580073812647931,-1.9391703007020047
2012-06-05 15:00:00,283.92504985296483,281.87853249282136,-2.0465173601434685,2.343237325935616,2.1183818351545267,-2.046517360143478
2012-06-05 18:00:00,284.62386416921356,282.30061747549314,-2.323246693720421,2.751245516022646,2.4212663017557845,-2.3232466937204186
2012-06-05 21:00:00,285.09367548180626,282.3973218663957,-2.696353615410544,3.2000570780089173,2.7583621692691453,-2.696353615410577
2012-06-06 00:00:00,284.92129264647707,282.3923169565841,-2.5289756898929454,2.9553519306394263,2.5988625494941022,-2.528975689892934
2012-06-06 03:00:00,284.3126644022353,282.02238138885383,-2.2902830133814973,2.603199188503472,2.3452883524783568,-2.290283013381509
2012-06-06 06:00:00,283.6223699740954,281.217406919448,-2.4049630546473963,2.643885438080287,2.4139340744055118,-2.4049630546473733
2012-06-06 09:00:00,283.08659169655846,280.89155949419313,-2.1950322023653257,2.5051750004086615,2.248073204346798,-2.19503220236533
2012-06-06 12:00:00,282.6952206499008,280.8630628559918,-1.8321577939090048,2.2050862224122687,1.9144782347386355,-1.8321577939090377
2012-06-06 15:00:00,283.5646301875511,281.3840693335106,-2.1805608540404933,2.475077449705045,2.189331788912313,-2.180560854040463
2012-06-06 18:00:00,284.95790743219345,281.8997094064935,-3.0581980256999373,3.369852213834578,3.0706920226058565,-3.0581980256999266
2012-06-06 21:00:00,285.86379034716094,282.07783624790534,-3.785954099255605,4.172672625207815,3.800422424434152,-3.785954099255579
2012-06-07 00:00:00,286.16188114357925,282.2187268561689,-3.943154287410323,4.34602153610142,3.95851422925288,-3.9431542874103247
2012-06-07 03:00:00,285.67845009457295,282.25374172064403,-3.4247083739289224,3.748940473847874,3.4369231389136425,-3.4247083739289406
2012-06-07 06:00:00,284.78463809427484,282.21554132282046,-2.569096771454383,2.9110133960757048,2.630181675747795,-2.569096771454352
2012-06-07 09:00:00,284.5593604745733,282.07772943731936,-2.481631037253919,2.7138503249592403,2.5229908756960002,-2.481631037253898
2012-06-07 12:00:00,284.32315773439706,282.09901400492356,-2.2241437294734965,2.54379081923965,2.2944890573473766,-2.224143729473504
2012-06-07 15:00:00,284.15023703889364,282.3238958808257,-1.826341158067919,2.4217721457735943,1.979957528161954,-1.8263411580679136
2012-06-07 18:00:00,283.77345477865725,282.4084564629345,-1.3649983157227439,1.8627693753848222,1.626699032591386,-1.3649983157227774
2012-06-07 21:00:00,284.6419087883359,282.17304207583965,-2.468866712496265,2.751747977055637,2.514853889952159,-2.4688667124962946
2012-06-08 00:00:00,285.05494688797694,282.12214956340637,-2.932797324570572,3.3413895901145763,2.9960313663900076,-2.932797324570578
2012-06-08 03:00:00,284.3548115291703,281.83357527828366,-2.521236250886659,2.95792704668943,2.617816603544232,-2.5212362508866497
2012-06-08 06:00:00,283.4391538155175,281.23358237469023,-2.2055714408272706,2.515494075687334,2.2266763730936976,-2.2055714408272937
2012-06-08 09:00:00,282.89245898033715,280.9393242895446,-1.9531346907925808,2.3001957060322473,1.9822860790333448,-1.953134690792567
2012-06-08 12:00:00,282.5250058105757,280.89771625499156,-1.6272895555841274,1.994576050857372,1.6725568049863617,-1.6272895555840852
2012-06-08 15:00:00,283.15646836550917,281.20730569821035,-1.9491626672988218,2.2788702220393944,1.9823800418100457,-1.949162667298861
2012-06-08 18:00:00,284.0829482334188,281.6474653300993,-2.435482903319496,2.8132901582210414,2.4538564487833807,-2.4354829033194845
2012-06-08 21:00:00,284.7447148049283,282.12924533699294,-2.615469467935384,3.11325115714707,2.676263658201469,-2.615469467935372
2012-06-09 00:00:00,285.0100215484708,282.24391473349897,-2.766106814971806,3.219680630304196,2.811665826115501,-2.766106814971819
2012-06-09 03:00:00,284.7327392607374,282.16596169435,-2.5667775663873726,3.0255944145103824,2.6427607358607172,-2.5667775663873624
2012-06-09 06:00:00,284.0037532376239,281.5499384787854,-2.4538147588385186,2.834205374874654,2.4883273486686313,-2.453814758838513
2012-06-09 09:00:00,283.56238879681473,281.32800097787947,-2.234387818935261,2.603411565845698,2.278786918368552,-2.234387818935259
2012-06-09 12:00:00,283.2572828692935,281.39069989693076,-1.8665829723627212,2.2337048593442397,1.9494321840533582,-1.866582972362716
2012-06-09 15:00:00,284.20602147376434,281.686153451942,-2.519868021822333,2.7766379635637577,2.5385906008130297,-2.5198680218223792
2012-06-09 18:00:00,285.8687868625105,282.25715147980065,-3.611635382709835,3.9934644127258676,3.6117046000853987,-3.6116353827098315
2012-06-09 21:00:00,287.02092180692335,282.7007757003404,-4.320146106582968,4.716410009318786,4.327574861996934,-4.32014610658296
2012-06-10 00:00:00,287.37058096859045,282.73397595743876,-4.636605011151687,4.975678157821746,4.63680449305867,-4.636605011151698
2012-06-10 03:00:00,286.5994196746325,282.462125642242,-4.137294032390514,4.492513188117544,4.14316432251608,-4.137294032390513
2012-06-10 06:00:00,285.3297537195034,281.9664843115972,-3.363269407906216,3.7272012272461437,3.411293466738917,-3.3632694079062313
2012-06-10 09:00:00,284.4048521529517,281.6743635522577,-2.7304886006940023,3.1092454814954498,2.789665604186114,-2.730488600694042
2012-06-10 12:00:00,283.71275696008524,281.6348767685623,-2.0778801915229224,2.3895220352872824,2.121729372320612,-2.07788019152291
2012-06-10 15:00:00,284.2353463340544,281.9291283409314,-2.3062179931229707,2.5644298839843036,2.337734620976562,-2.306217993122964
2012-06-10 18:00:00,284.86201574903674,282.44953482478235,-2.412480924254396,2.81216855908032,2.4544328388858947,-2.4124809242543743
2012-06-10 21:00:00,285.2241630225617,282.8491317973828,-2.3750312251788728,2.8621137641551004,2.457352143742061,-2.3750312251788515
2012-06-11 00:00:00,285.5367571593324,282.9389427967563,-2.5978143625761163,3.00073742403955,2.635916973504141,-2.597814362576106
2012-06-11 03:00:00,285.44187199564806,282.69556387787674,-2.7463081177713207,3.126092064626947,2.7967624209869104,-2.7463081177713278
2012-06-11 06:00:00,284.846934730876,282.5620934445715,-2.284841286304527,2.8096951400606436,2.415095697557191,-2.2848412863045144
2012-06-11 09:00:00,284.46263849564906,282.21369917976335,-2.248939315885707,2.8242846882033663,2.4330291978663965,-2.248939315885708
2012-06-11 12:00:00,284.00945124403455,282.0816585026617,-1.9277927413728548,2.4126304366804048,2.0137591828799906,-1.9277927413728
2012-06-11 15:00:00,284.7057710667293,282.45639047085626,-2.249380595873049,2.7611708438902087,2.311194197669243,-2.2493805958730393
2012-06-11 18:00:00,285.7800390814144,282.8832637122716,-2.8967753691427447,3.572887206216147,2.9369474748288233,-2.896775369142737
2012-06-11 21:00:00,286.6884415372015,283.0124790506687,-3.6759624865328533,4.34949054285215,3.6847418646150762,-3.675962486532862
2012-06-12 00:00:00,287.26177098045827,282.8585846006139,-4.403186379844385,4.885866601999627,4.4044581629671775,-4.403186379844426
2012-06-12 03:00:00,286.6185779234279,282.7875375589366,-3.8310403644912867,4.242443395709252,3.842245618356308,-3.8310403644913364
2012-06-12 06:00:00,285.701630772633,282.5261910099186,-3.1754397627144044,3.537295715147995,3.1953309868658266,-3.17543976271438
2012-06-12 09:00:00,285.2691219770397,282.3995915292872,-2.8695304477524815,3.1894199837726167,2.886615967900837,-2.86953044775252
2012-06-12 12:00:00,285.31645362512484,282.36702063447416,-2.9494329906506778,3.2425577789745934,2.967229672403318,-2.949432990650689
2012-06-12 15:00:00,285.528064015917,282.4212164573406,-3.106847558576362,3.448196646252401,3.1134735077797893,-3.1068475585763506
2012-06-12 18:00:00,285.5648377680552,282.64522346237936,-2.91961430567585,3.2553106722656375,2.9351221431949996,-2.919614305675858
2012-06-12 21:00:00,285.60346504336013,282.73902209296114,-2.8644429503989954,3.2260008096688617,2.8861331873371414,-2.8644429503990296
2012-06-13 00:00:00,285.5671978448451,282.7412067852674,-2.8259910595776887,3.1894565730741453,2.8527783271672646,-2.8259910595776923
2012-06-13 03:00:00,285.3380778598271,282.5885969706445,-2.749480889182564,3.1227303218023805,2.8045228075246107,-2.7494808891825775
2012-06-13 06:00:00,284.9390799786754,282.411909981965,-2.527169996710427,2.869996718122234,2.5858323528569676,-2.5271699967104326
2012-06-13 09:00:00,284.3879060481459,282.2356564499161,-2.152249598229787,2.482703052890694,2.201335303393752,-2.1522495982297825
2012-06-13 12:00:00,284.1499822557587,282.00712257541716,-2.1428596803415303,2.4460063863320323,2.2075342517450283,-2.1428596803415254
2012-06-13 15:00:00,284.7773908397596,282.1547960443765,-2.6225947953831223,2.9523626931480482,2.6799731393264286,-2.622594795383139
2012-06-13 18:00:00,285.78822926883316,282.4372624216499,-3.3509668471832583,3.766715187753212,3.424831486330693,-3.3509668471832743
2012-06-13 21:00:00,286.6358583926387,282.60709028624984,-4.0287681063888385,4.458361955846006,4.049174501367905,-4.0287681063888785
2012-06-14 00:00:00,286.72969981187765,282.55341606149045,-4.176283750387199,4.63090787362364,4.184239561471084,-4.176283750387227
2012-06-14 03:00:00,286.09070352838114,282.4638014376305,-3.6269020907506615,4.043837538341663,3.6370634839242473,-3.626902090750679
2012-06-14 06:00:00,285.10112849438815,281.9535515126189,-3.147576981769248,3.524608694643089,3.1599244779507085,-3.1475769817692174
2012-06-14 09:00:00,284.56293593867053,281.7659396430815,-2.7969962955890537,3.1747996127940463,2.8360364883543037,-2.796996295589076
2012-06-14 12:00:00,283.7692008882077,281.6951075556554,-2.0740933325523088,2.442880158294716,2.19779207469067,-2.0740933325523203
2012-06-14 15:00:00,283.5457823917308,282.06632194426703,-1.4794604474637936,1.8408354009202375,1.6825722269173278,-1.4794604474638102
2012-06-14 18:00:00,284.1703726650361,282.3901909587644,-1.7801817062717191,2.2188351921622522,2.013518105899895,-1.780181706271748
2012-06-14 21:00:00,284.9772619323817,282.7774251222086,-2.1998368101730534,2.65626335738457,2.3779425079352077,-2.1998368101730637
2012-06-15 00:00:00,285.6865265033948,282.7706118714304,-2.9159146319644265,3.227882645326829,2.9378470175959084,-2.915914631964465
2012-06-15 03:00:00,285.63422231663765,282.62893265321924,-3.0052896634184094,3.4087967369998218,3.0507948504084514,-3.005289663418386
2012-06-15 06:00:00,284.82520274512,282.5853675709258,-2.2398351741941838,2.8071841407879154,2.37308713736884,-2.2398351741941847
2012-06-15 09:00:00,284.2181139636936,281.7923165412484,-2.425797422445214,2.779282776081548,2.47445398408053,-2.4257974224452203
2012-06-15 12:00:00,283.45895630083805,281.66350386403843,-1.7954524367996214,2.218374769531266,1.8901153977313963,-1.795452436799608
2012-06-15 15:00:00,284.3277292685752,282.21322475616296,-2.114504512412225,2.5370221119081733,2.1833103755958754,-2.114504512412206
2012-06-15 18:00:00,285.6402758611019,282.6326466739385,-3.0076291871633885,3.464272191986194,3.010806401422206,-3.0076291871633636
2012-06-15 21:00:00,286.4418878767283,282.78689443799817,-3.6549934387301164,4.1706682798071,3.6561974541775317,-3.6549934387300778
2012-06-16 00:00:00,286.80520201272515,282.7273367685645,-4.077865244160648,4.541791618086982,4.07979048361725,-4.077865244160664
2012-06-16 03:00:00,286.77727932720995,282.5306459947198,-4.246633332490148,4.626025822306175,4.250349578008076,-4.246633332490163
2012-06-16 06:00:00,286.35603247866186,282.3840685032891,-3.9719639753727733,4.24648569670655,3.9747508062733417,-3.971963975372789
2012-06-16 09:00:00,286.22133548418253,282.40231987981883,-3.819015604363699,4.0820837042719,3.8217434850364893,-3.819015604363708
2012-06-16 12:00:00,285.98929739239225,282.50072894724417,-3.4885684451480756,3.8106635106202305,3.4947309537493627,-3.488568445148058
2012-06-16 15:00:00,286.059365992134,282.58377069832994,-3.4755952938040764,3.864704765722202,3.4820365063446865,-3.4755952938040413
2012-06-16 18:00:00,286.4481942483945,282.8555049820071,-3.5926892663873673,3.998481735696888,3.603185986557917,-3.592689266387406
2012-06-16 21:00:00,286.82642929204457,283.0247786452434,-3.8016506468011926,4.176198112726971,3.8097199169929676,-3.801650646801212
2012-06-17 00:00:00,286.80730401474307,282.95842465757556,-3.8488793571675046,4.220942567601736,3.856200237032069,-3.8488793571675317
2012-06-17 03:00:00,286.8870405902096,282.79320786092256,-4.093832729287044,4.402836354797167,4.100908846797919,-4.093832729287055
2012-06-17 06:00:00,286.4770978147616,282.58487378598966,-3.8922240287719205,4.168434499291712,3.8996081029686356,-3.892224028771917
2012-06-17 09:00:00,286.15103812241324,282.4953840995938,-3.6556540228194194,3.9776226424789747,3.6731248894987907,-3.655654022819401
2012-06-17 12:00:00,285.86746733715046,282.4532962555003,-3.4141710816501813,3.772316203465591,3.4341574917864017,-3.414171081650215
2012-06-17 15:00:00,286.26405306592363,282.6994639529636,-3.56458911296005,4.017916687223688,3.581368080374371,-3.564589112960069
2012-06-17 18:00:00,286.66930648961016,282.78353231308256,-3.8857741765276046,4.4036724164741035,3.9093019696802322,-3.8857741765276486
2012-06-17 21:00:00,286.84720362140195,282.76443726461906,-4.082766356782884,4.525990864280756,4.098851736740023,-4.082766356782897
2012-06-18 00:00:00,286.60404199294345,282.6515493570009,-3.9524926359425763,4.338508177782643,3.9615346985137023,-3.9524926359426167
2012-06-18 03:00:00,285.93621514332574,282.52020259359523,-3.4160125497305103,3.781801142689452,3.4342228925428944,-3.416012549730494
2012-06-18 06:00:00,285.2295724647462,282.4167042146286,-2.8128682501175604,3.191615571433996,2.8623215739207284,-2.812868250117548
2012-06-18 09:00:00,284.6366687124665,282.30667453433676,-2.3299941781297093,2.6854291697870414,2.4258356846326743,-2.3299941781297133
2012-06-18 12:00:00,284.4062675520229,282.22388150509386,-2.1823860469290253,2.518952151634306,2.281783867686203,-2.182386046929046
2012-06-18 15:00:00,285.0224576466129,282.28846654794353,-2.733991098669378,3.0826696087536716,2.8160788217320993,-2.7339910986693514
2012-06-18 18:00:00,285.9471816751298,282.57094131405415,-3.376240361075645,3.8125817912761897,3.4250305291277288,-3.3762403610756535
2012-06-18 21:00:00,286.43289309891014,282.818818271883,-3.614074827027139,4.051177646168375,3.6382110758072557,-3.6140748270271335
2012-06-19 00:00:00,286.4039398591221,282.8510314364676,-3.5529084226544683,3.9668356588411697,3.5836270006343702,-3.552908422654469
2012-06-19 03:00:00,285.78594509506445,282.64171496723475,-3.144230127829701,3.5341483136609777,3.1838571139655625,-3.144230127829695
2012-06-19 06:00:00,285.0660123046389,282.5714311889995,-2.4945811156393916,2.908965492606972,2.583924480554619,-2.4945811156394093
2012-06-19 09:00:00,284.6654977700145,282.4915501606133,-2.173947609401182,2.746640900751439,2.4009454109686224,-2.173947609401207
2012-06-19 12:00:00,284.20164542825523,282.4480850322661,-1.7535603959891546,2.3946648979873206,2.0978449386522247,-1.753560395989176
2012-06-19 15:00:00,284.60053854175084,282.32971525032303,-2.270823291427803,2.814406978557993,2.4468606861410227,-2.270823291427811
2012-06-19 18:00:00,285.39728417868855,282.58658629186885,-2.810697886819696,3.368891527245296,2.890432635348877,-2.8106978868196903
2012-06-19 21:00:00,286.11557255302415,282.8082704555903,-3.307302097433876,3.871081787935116,3.3488757565410476,-3.30730209743385
2012-06-20 00:00:00,286.5694576451999,282.84976368595653,-3.7196939592433864,4.223108503786013,3.7444459264019407,-3.719693959243422
2012-06-20 03:00:00,286.42484757890367,282.7434241374534,-3.6814234414502494,4.115668936754619,3.7009557414142464,-3.6814234414502645
2012-06-20 06:00:00,285.6268923474599,282.58942973157747,-3.0374626158824185,3.4975387436818295,3.0777295940640053,-3.0374626158824247
2012-06-20 09:00:00,285.0611695025164,282.49543206719835,-2.5657374353180558,3.098374918733647,2.682339016417381,-2.565737435318019
2012-06-20 12:00:00,284.4901086088143,282.6044777624948,-1.8856308463194864,2.386963582701386,2.0582238461891804,-1.8856308463194478
2012-06-20 15:00:00,285.2542750798477,282.4571460643114,-2.7971290155362567,3.2436814244459433,2.8439037792247577,-2.797129015536251
2012-06-20 18:00:00,286.2822753168275,282.78768791790367,-3.4945873989238407,3.9756758339259934,3.495062575123423,-3.4945873989238674
2012-06-20 21:00:00,286.96515032785817,283.0599936797268,-3.905156648131367,4.4015484102632545,3.9067054080026837,-3.9051566481313427
2012-06-21 00:00:00,287.3233518659876,283.0448052615003,-4.278546604487303,4.644660719886034,4.278657218192787,-4.278546604487279
2012-06-21 03:00:00,287.08120613617973,282.97294499047007,-4.108261145709662,4.410888501599421,4.1092585949931575,-4.108261145709657
2012-06-21 06:00:00,286.4465800667674,282.7206540834323,-3.7259259833351166,4.048450560047322,3.729054722256808,-3.7259259833350677
2012-06-21 09:00:00,286.02196065591164,282.75597908664344,-3.265981569268206,3.657058662436297,3.2801455436372713,-3.2659815692682477
2012-06-21 12:00:00,285.65705579673295,282.70131601105555,-2.9557397856773946,3.3090859268160413,2.9782750666271145,-2.955739785677392
2012-06-21 15:00:00,286.48312678594374,282.6835840067092,-3.799542779234514,4.182816192544535,3.7999428417607564,-3.799542779234501
2012-06-21 18:00:00,287.01231551765346,283.1490550711898,-3.8632604464636415,4.284114810296646,3.8641074434082614,-3.8632604464636446
2012-06-21 21:00:00,287.58761678351885,283.39002896319647,-4.197587820322383,4.598173104876341,4.197817608689752,-4.197587820322411
2012-06-22 00:00:00,287.90725927187793,283.3213408782225,-4.585918393655447,4.963142421412189,4.585921116812009,-4.585918393655424
2012-06-22 03:00:00,287.6057431239629,283.0620704481104,-4.54367267585252,4.902832560933448,4.5437668621215614,-4.543672675852528
2012-06-22 06:00:00,286.9737871062071,283.0167119898369,-3.95707511637022,4.378419306043883,3.986242682306026,-3.9570751163702083
2012-06-22 09:00:00,286.4885561489449,282.775581477703,-3.712974671241909,4.15003880882222,3.739799082057289,-3.7129746712418776
2012-06-22 12:00:00,286.0040305679854,282.60223738084886,-3.4017931871365477,3.8761115657344276,3.4189026547133325,-3.4017931871365086
2012-06-22 15:00:00,286.5397561928286,282.6234932278133,-3.916262965015278,4.364861927810798,3.9176652909098606,-3.9162629650152483
2012-06-22 18:00:00,287.0164675668466,282.9222933787729,-4.09417418807368,4.566072967257566,4.0943834751442685,-4.094174188073652
2012-06-22 21:00:00,286.86777108910553,283.1021946240656,-3.765576465039942,4.218197114685955,3.7675977874504993,-3.7655764650399433
2012-06-23 00:00:00,285.9895439490594,283.01840309220034,-2.9711408568590514,3.522894110253571,3.0260704598039467,-2.9711408568590465
2012-06-23 03:00:00,285.5715469715277,282.8091494078137,-2.7623975637139893,3.2056096397920637,2.8108368045542567,-2.762397563713974
2012-06-23 06:00:00,285.4953280228925,282.6996234079936,-2.7957046148989093,3.175954386945343,2.835412655254274,-2.7957046148988907
2012-06-23 09:00:00,285.36934553447077,282.6138179533389,-2.755527581131844,3.098016054336776,2.788255745924892,-2.7555275811318567
2012-06-23 12:00:00,285.3728180717239,282.57884878667124,-2.79396928505264,3.130120293814827,2.823042477225861,-2.7939692850526456
2012-06-23 15:00:00,285.7427546376699,282.5995406631071,-3.143213974562798,3.5160098417864765,3.1718131882453906,-3.1432139745628165
2012-06-23 18:00:00,286.25012680789996,282.6892558093937,-3.560870998506232,4.022240412081274,3.57486391499326,-3.5608709985062674
2012-06-23 21:00:00,286.92320526911647,282.77395515886724,-4.149250110249227,4.664299052439812,4.151595477793729,-4.149250110249218
2012-06-24 00:00:00,286.9516841235528,282.70742884098604,-4.244255282566769,4.853715655351346,4.251349629702303,-4.244255282566787
2012-06-24 03:00:00,285.84439431114754,282.6107257051654,-3.233668605982132,3.873735057245883,3.2714353881804437,-3.2336686059821402
2012-06-24 06:00:00,284.61904035156476,282.6793453002388,-1.9396950513259412,2.5959173793608414,2.149692158585192,-1.9396950513259592
2012-06-24 09:00:00,284.2669161969568,282.6478746533079,-1.6190415436489047,2.1408633783909425,1.8157647422562817,-1.6190415436488867
2012-06-24 12:00:00,284.40037659860616,282.6477471269326,-1.752629471673572,2.3530722323356157,1.99796380072478,-1.7526294716736037
2012-06-24 15:00:00,285.27388841678174,282.53607793350756,-2.7378104832741883,3.2052579152287457,2.779555098266909,-2.7378104832741816
2012-06-24 18:00:00,286.0001995932781,282.9635552829496,-3.0366443103285405,3.652099314017709,3.064859898671036,-3.0366443103285783
2012-06-24 21:00:00,286.603544456636,283.0544103398827,-3.5491341167532937,4.152018063864612,3.564656551021674,-3.549134116753259
2012-06-25 00:00:00,286.8573633920062,283.0003411906708,-3.8570222013354396,4.280674347686189,3.862507782408032,-3.8570222013354054
2012-06-25 03:00:00,286.300914441306,282.83850098706216,-3.4624134542438583,3.8934971498621773,3.49514149604112,-3.462413454243866
2012-06-25 06:00:00,285.600945108804,282.9144362283046,-2.686508880499389,3.2575251601181026,2.8039204945613547,-2.6865088804993635
2012-06-25 09:00:00,285.04367989173,282.79787198954926,-2.2458079021807293,2.8551593983948793,2.4358117827876034,-2.2458079021807236
2012-06-25 12:00:00,284.6807213091612,282.7461998076118,-1.9345215015493977,2.5221672739282317,2.1609240440365935,-1.9345215015494108
2012-06-25 15:00:00,285.66625468004946,282.6337869813214,-3.0324676987280554,3.3907108178434364,3.0511680882299013,-3.032467698728063
2012-06-25 18:00:00,286.9333975732296,283.02404281511025,-3.9093547581193775,4.332001849935697,3.910167488739466,-3.9093547581193775
2012-06-25 21:00:00,287.833410010578,283.2654609750017,-4.567949035576305,5.039182359802771,4.568315020771528,-4.567949035576284
2012-06-26 00:00:00,288.20607078607276,283.2114988654929,-4.994571920579858,5.419274870975272,4.995467860845501,-4.994571920579836
2012-06-26 03:00:00,287.4597883222964,283.13198680832454,-4.327801513971849,4.7877898661241245,4.33328351766721,-4.327801513971865
2012-06-26 06:00:00,286.37938494245395,282.7281742839594,-3.6512106584945627,4.1525462261419985,3.6777215028165675,-3.651210658494571
2012-06-26 09:00:00,285.5831278635068,282.61792744449195,-2.9652004190148205,3.462029038442408,3.008983336585622,-2.9652004190148262
2012-06-26 12:00:00,284.9730569968778,282.59661821998355,-2.376438776894247,2.8900926267063283,2.5143364182035097,-2.3764387768941972
2012-06-26 15:00:00,285.3718530704523,282.68457691077367,-2.6872761596786177,3.295676071520885,2.9182651825811767,-2.6872761596786185
2012-06-26 18:00:00,286.2650844162942,283.0447345434262,-3.2203498728679847,3.894586342048175,3.3634832068220732,-3.220349872867961
2012-06-26 21:00:00,286.72591639678893,283.2499220731732,-3.475994323615737,4.1603715173065465,3.5781665032012744,-3.4759943236157227
2012-06-27 00:00:00,286.789695895272,283.19728609292287,-3.5924098023491524,4.10079320290075,3.6607857285313683,-3.5924098023491404
2012-06-27 03:00:00,286.34961352123275,282.9183738482285,-3.4312396730042565,3.8355242977514448,3.472757652521488,-3.4312396730042574
2012-06-27 06:00:00,285.5182830483183,282.85283886546557,-2.6654441828527524,3.142908012122811,2.7407871720368506,-2.6654441828527515
2012-06-27 09:00:00,284.85981313459524,282.3906078735875,-2.469205261007744,2.987045507282411,2.5467695142435836,-2.469205261007726
2012-06-27 12:00:00,284.59306127200114,282.50290001401794,-2.0901612579831976,2.642522320690593,2.2187034224727955,-2.090161257983206
2012-06-27 15:00:00,285.2799546358112,282.5496611742981,-2.7302934615130994,3.2226850918609373,2.778699132004976,-2.7302934615130963
2012-06-27 18:00:00,286.16188871231964,282.85126410248625,-3.3106246098333827,3.722727819193019,3.3195792314040458,-3.3106246098333845
2012-06-27 21:00:00,286.84609806782686,283.0146513875238,-3.8314466803030314,4.266601039494411,3.83717112668167,-3.831446680303079
2012-06-28 00:00:00,287.2923980379527,283.0481962304265,-4.244201807526167,4.69329581033466,4.247841387674037,-4.244201807526195
2012-06-28 03:00:00,287.1517659146971,283.0179006446863,-4.133865270010801,4.592253776143863,4.14163453999374,-4.133865270010777
2012-06-28 06:00:00,286.6109387556069,282.88085621085855,-3.7300825447483703,4.166673641838934,3.737067308643044,-3.730082544748385
2012-06-28 09:00:00,286.2803310805226,282.8100997515881,-3.470231328934517,3.856974626539106,3.479725227005813,-3.470231328934492
2012-06-28 12:00:00,286.028351738297,282.75619340154157,-3.2721583367554103,3.64751598989666,3.3024371650704896,-3.272158336755416
2012-06-28 15:00:00,286.64765932931937,282.88519596061275,-3.7624633687066193,4.1991101807605355,3.766458816896745,-3.7624633687066
2012-06-28 18:00:00,287.2454840441653,283.10047906841606,-4.145004975749259,4.545055344931515,4.145847868084733,-4.145004975749312
2012-06-28 21:00:00,287.3848551280547,283.0966291189847,-4.2882260090700015,4.685488469665028,4.29102237289352,-4.288226009069985
2012-06-29 00:00:00,287.4204700544453,282.95019569648684,-4.470274357958431,4.798177253887956,4.473738236383539,-4.4702743579584245
2012-06-29 03:00:00,287.1213865797048,282.8942299782098,-4.227156601494983,4.498177490966123,4.233631489380389,-4.227156601494943
2012-06-29 06:00:00,286.7154769439039,282.78831020343176,-3.9271667404721597,4.227692423398512,3.9337892907921685,-3.927166740472135
2012-06-29 09:00:00,286.44905918022386,282.81748428026924,-3.6315748999546145,3.9695711161143916,3.645271072621125,-3.631574899954632
2012-06-29 12:00:00,286.8185298936505,282.79007645246736,-4.02845344118316,4.382723729066436,4.040006105630552,-4.028453441183154
2012-06-29 15:00:00,287.3746128936543,282.8043129564733,-4.570299937180948,4.957162606407283,4.575518088677486,-4.5702999371809545
2012-06-29 18:00:00,287.7892562502286,282.97312121417485,-4.816135036053765,5.188829344429972,4.819593579911834,-4.816135036053724
2012-06-29 21:00:00,288.2082510696553,283.0771061914492,-5.131144878206101,5.494462011278295,5.132940210119032,-5.131144878206098
2012-06-30 00:00:00,288.39364334533366,283.0616988744818,-5.331944470851852,5.683983641242757,5.333143116483532,-5.331944470851872
2012-06-30 03:00:00,288.09597653599593,283.01454187178064,-5.081434664215294,5.415760107116243,5.082713369600569,-5.081434664215279
2012-06-30 06:00:00,287.6668678162664,282.9256592321857,-4.741208584080709,5.055630922173333,4.742888071967579,-4.741208584080732
2012-06-30 09:00:00,287.22566779606694,282.888770785357,-4.336897010709947,4.697047835738931,4.339736759795192,-4.3368970107099445
2012-06-30 12:00:00,286.9063122347401,282.91193481773803,-3.994377417002056,4.363556067549354,4.002957805910426,-3.994377417002087
2012-06-30 15:00:00,287.0574051225247,282.9119480911577,-4.145457031367016,4.509459181640085,4.15019267491548,-4.145457031366996
2012-06-30 18:00:00,287.17317051530864,283.0685607329676,-4.104609782341015,4.545877380354191,4.108728866789954,-4.104609782341027
2012-06-30 21:00:00,287.2822775633755,283.1323670220317,-4.149910541343786,4.659506875817947,4.153877681755005,-4.14991054134379
2012-07-01 00:00:00,287.22848828768775,283.03346223098663,-4.195026056701124,4.692148068120554,4.2007775996502215,-4.195026056701151
2012-07-01 03:00:00,286.9058315878532,282.9337501121362,-3.9720814757170047,4.374520091966944,3.979609224735155,-3.972081475717057
2012-07-01 06:00:00,286.42508720130866,282.71215050688903,-3.712936694419625,4.004194100138042,3.727815130279771,-3.7129366944196347
2012-07-01 09:00:00,286.08333147289716,282.63301657474943,-3.450314898147724,3.709919296052326,3.4813704808170263,-3.450314898147734
2012-07-01 12:00:00,285.766690299081,282.52969332377523,-3.2369969753057717,3.4882439236416345,3.266679502076361,-3.2369969753057592
2012-07-01 15:00:00,286.1861035381542,282.7031517508323,-3.4829517873218947,3.774352199588329,3.5113652788754735,-3.4829517873218876
2012-07-01 18:00:00,287.01253756291146,283.05280735049666,-3.9597302124147973,4.327273597262968,3.9642938411140745,-3.9597302124147933
2012-07-01 21:00:00,287.7482076353603,283.2541010456927,-4.494106589667581,4.87790601504143,4.497056516723251,-4.494106589667548
2012-07-02 00:00:00,288.02896812265254,283.1791771455072,-4.8497909771453465,5.188086075323674,4.854050692270052,-4.84979097714532
2012-07-02 03:00:00,287.5268593416171,282.8824561246001,-4.644403217017043,4.9996609642648675,4.650662032064652,-4.644403217017043
2012-07-02 06:00:00,286.7589334614215,282.53995567511055,-4.2189777863109725,4.562667896541492,4.230402635642987,-4.218977786311019
2012-07-02 09:00:00,286.2617112603819,282.4512523176155,-3.810458942766388,4.16079672180719,3.820530617267705,-3.8104589427664273
2012-07-02 12:00:00,285.42807911117416,282.4478846376404,-2.980194473533743,3.280405262821955,2.992952602378928,-2.9801944735337798
2012-07-02 15:00:00,285.0672042949989,282.3696892915535,-2.6975150034453463,2.98207022152081,2.714357554428453,-2.697515003445322
2012-07-02 18:00:00,285.3147208710652,282.51545455447194,-2.7992663165932754,3.116767484435346,2.8303229072279903,-2.7992663165932754
2012-07-02 21:00:00,285.5807388320851,282.6926582885501,-2.888080543535011,3.259632250229244,2.9228353180572495,-2.8880805435350347
2012-07-03 00:00:00,285.74196121888735,282.5730915375429,-3.168869681344461,3.5520855363384816,3.2141819052039238,-3.168869681344451
2012-07-03 03:00:00,285.7209122193272,282.4966343667047,-3.2242778526224924,3.589517172947595,3.259452248250076,-3.2242778526225435
2012-07-03 06:00:00,285.50092409092497,282.51781768665705,-2.9831064042679145,3.21881363735251,3.002780576115117,-2.983106404267908
2012-07-03 09:00:00,284.9908478449555,282.57027902152345,-2.4205688234320633,2.6521643726479507,2.470937255343393,-2.420568823432081
2012-07-03 12:00:00,284.8644933096715,282.58421545369805,-2.280277855973452,2.5862347715002367,2.3500012016837775,-2.2802778559734285
2012-07-03 15:00:00,285.32713210306036,282.5471359809223,-2.7799961221380727,3.140492672956624,2.844911433033201,-2.779996122138026
2012-07-03 18:00:00,285.8355196732081,282.78006078379485,-3.0554588894132735,3.515799689427067,3.1179849480193433,-3.0554588894132575
2012-07-03 21:00:00,286.33625680492156,283.0349306228649,-3.3013261820566413,3.778433027411245,3.351519606721411,-3.3013261820566506
2012-07-04 00:00:00,286.6397882529538,283.0525455719767,-3.5872426809771127,3.9306181816334633,3.631348793210998,-3.587242680977072
2012-07-04 03:00:00,286.3287956682434,282.8229855733029,-3.5058100949405,3.780987149907531,3.5380247163501304,-3.5058100949405033
2012-07-04 06:00:00,285.5301338384138,282.6379461023969,-2.892187736016922,3.122477398475827,2.9189000151788793,-2.8921877360169037
2012-07-04 09:00:00,284.9686671465922,282.564239271711,-2.4044278748812076,2.7829528311200997,2.487642288043951,-2.40442787488118
2012-07-04 12:00:00,284.4123997815379,282.52249363450335,-1.8899061470345373,2.414791070568674,2.1062341103700777,-1.8899061470345322
2012-07-04 15:00:00,284.8335681711525,282.4446301782814,-2.3889379928710923,2.8060508178695085,2.49435913450425,-2.3889379928710928
2012-07-04 18:00:00,285.63712441820894,282.7259557888126,-2.911168629396343,3.2981818609035147,2.93242975280476,-2.9111686293963372
2012-07-04 21:00:00,286.5114331541721,282.9793793917444,-3.532053762427722,3.951852630011142,3.535184264538989,-3.5320537624277337
2012-07-05 00:00:00,287.153601970588,283.14042989231797,-4.013172078270031,4.407361774360376,4.016176090470393,-4.013172078270027
2012-07-05 03:00:00,286.96124406360866,283.0314708404243,-3.929773223184384,4.33932865256462,3.9588278144956517,-3.929773223184352
2012-07-05 06:00:00,286.15046437672004,283.0849935250071,-3.0654708517129166,3.6217455760674886,3.1802044126428286,-3.065470851712903
2012-07-05 09:00:00,285.62240390555644,283.1770499691029,-2.4453539364535573,3.05615601990808,2.6528468083680856,-2.445353936453564
2012-07-05 12:00:00,284.9180894909831,283.1255019090325,-1.7925875819506132,2.4097360052616534,2.063905479911417,-1.7925875819505888
2012-07-05 15:00:00,285.76702485810426,282.8564950354193,-2.910529822684964,3.2607673831632997,2.9168340299254374,-2.9105298226849627
2012-07-05 18:00:00,286.8704504636923,283.42726403538455,-3.4431864283077402,3.917691952819537,3.451691676543728,-3.4431864283077633
2012-07-05 21:00:00,287.7459664778659,283.81765713546463,-3.928309342401292,4.453004101947754,3.9388684739308704,-3.9283093424013185
2012-07-06 00:00:00,288.1193143002922,283.8444475900699,-4.274866710222341,4.748986443434366,4.275734340459185,-4.274866710222373
2012-07-06 03:00:00,287.642006792724,283.43216696744435,-4.20983982527963,4.593398488545121,4.215612728995945,-4.209839825279634
2012-07-06 06:00:00,286.8356140945941,283.28541752716217,-3.5501965674319536,4.161199274422052,3.5910264260544804,-3.550196567431951
2012-07-06 09:00:00,286.253269211353,283.11289844513175,-3.140370766221224,3.8520996561432104,3.2779093160988206,-3.1403707662212357
2012-07-06 12:00:00,285.99892518524547,282.90605990739596,-3.092865277849512,3.54653824146359,3.172694322143973,-3.0928652778495085
2012-07-06 15:00:00,287.073841125954,283.11805560459555,-3.9557855213584503,4.285924593239847,3.956062256615349,-3.955785521358475
2012-07-06 18:00:00,288.0108526350862,283.8498832821039,-4.160969352982306,4.669076617914288,4.173477258161136,-4.160969352982315
2012-07-06 21:00:00,288.89108137959437,284.109551888182,-4.781529491412357,5.3527674409259935,4.78599873134952,-4.781529491412327
2012-07-07 00:00:00,289.4021200551736,284.03040476399497,-5.371715291178646,5.882419633859823,5.371715291178651,-5.371715291178651
2012-07-07 03:00:00,288.88441009069624,283.6056345584371,-5.2787755322591465,5.677842221715665,5.279114627126831,-5.278775532259141
2012-07-07 06:00:00,287.8636158562717,283.2072648932351,-4.656350963036573,5.14950828138369,4.677548940861133,-4.656350963036564
2012-07-07 09:00:00,287.2063268284145,283.07248817499067,-4.1338386534238225,4.670448539993882,4.169856348622817,-4.133838653423833
2012-07-07 12:00:00,286.5519279910372,282.97147582724324,-3.58045216379395,4.03582668668364,3.6164843072473243,-3.5804521637939732
2012-07-07 15:00:00,287.4079531087016,283.15408910775227,-4.2538640009493065,4.620002089435293,4.25391420272719,-4.253864000949312
2012-07-07 18:00:00,288.44906312171366,283.96463396194656,-4.484429159767103,4.970989431328858,4.4861212232225585,-4.484429159767103
2012-07-07 21:00:00,289.3726253114613,284.29159875062146,-5.0810265608398595,5.656485649871598,5.081557421129226,-5.081026560839857
2012-07-08 00:00:00,289.7923181518181,284.287031046562,-5.505287105256116,6.078857731751318,5.505487791621796,-5.505287105256142
2012-07-08 03:00:00,289.28501672478626,283.8671209566577,-5.417895768128574,5.864782137177086,5.418014297812528,-5.41789576812857
2012-07-08 06:00:00,288.39037577117455,283.5768313371278,-4.813544434046719,5.325674616570376,4.830826916938442,-4.813544434046735
2012-07-08 09:00:00,287.73164353820005,283.3426308943898,-4.389012643810247,4.96126114467147,4.4185610204327554,-4.389012643810267
2012-07-08 12:00:00,287.41032714701254,283.28366303622323,-4.1266641107893065,4.61951021279736,4.149496810536411,-4.126664110789344
2012-07-08 15:00:00,288.39803381772293,283.78619485412173,-4.611838963601201,5.0758208187339235,4.612820600427123,-4.611838963601192
2012-07-08 18:00:00,289.5859176736801,284.39643447246186,-5.189483201218252,5.800967593297488,5.1918442477249265,-5.189483201218265
2012-07-08 21:00:00,290.6040729620061,284.58330855068345,-6.020764411322659,6.772004018503802,6.021529321333161,-6.020764411322634
2012-07-09 00:00:00,291.12866918875716,284.51228087259193,-6.616388316165228,7.364856090587942,6.616906231898621,-6.616388316165202
2012-07-09 03:00:00,290.78526318620663,284.13177198569383,-6.6534912005128035,7.208396470537385,6.653522407692327,-6.653491200512858
2012-07-09 06:00:00,289.77845054928235,283.8468523822009,-5.931598167081461,6.395926337922541,5.931717051503266,-5.931598167081477
2012-07-09 09:00:00,288.8306659507102,283.4598771949977,-5.3707887557125105,5.868779444693329,5.383141248222621,-5.370788755712524
2012-07-09 12:00:00,287.8002895518672,283.32928270416113,-4.4710068477060645,4.965246149714234,4.477328728090312,-4.4710068477060965
2012-07-09 15:00:00,287.9235401877524,283.8288269792943,-4.094713208458074,4.544828874682005,4.099511685601137,-4.094713208458097
2012-07-09 18:00:00,288.40734618189657,284.3265294282345,-4.080816753662077,4.635762022463858,4.09846741692373,-4.0808167536620825
2012-07-09 21:00:00,289.1916151234598,284.4585042515952,-4.733110871864653,5.267601587852578,4.738902677182562,-4.7331108718646515
2012-07-10 00:00:00,289.7924322266549,284.328923478859,-5.463508747795913,5.956017472678175,5.4643018275901065,-5.463508747795916
2012-07-10 03:00:00,289.32001595267275,283.91096532562045,-5.409050627052295,5.840812968623003,5.409764340069079,-5.40905062705229
2012-07-10 06:00:00,288.2595142126244,283.5668341609459,-4.692680051678508,5.181806994775835,4.705226841523428,-4.692680051678507
2012-07-10 09:00:00,287.51218312732,283.20009979502663,-4.312083332293355,4.84986309188269,4.3173570861325175,-4.312083332293369
2012-07-10 12:00:00,287.2153481643216,283.10754216299864,-4.107806001322956,4.636320782645611,4.112459909675258,-4.10780600132293
2012-07-10 15:00:00,287.9545948333288,283.44692943778256,-4.507665395546269,4.880039561542395,4.5076653955462715,-4.5076653955462715
2012-07-10 18:00:00,288.8773772766999,283.97903182291736,-4.898345453782554,5.314816573159352,4.8986975584539545,-4.898345453782554
2012-07-10 21:00:00,289.7884086923032,284.20740560115826,-5.581003091144964,6.057140219481319,5.581749599036755,-5.581003091144962
2012-07-11 00:00:00,290.2854780515859,284.1538046406356,-6.131673410950327,6.552706030947198,6.1317834786745475,-6.13167341095031
2012-07-11 03:00:00,289.94625273862107,283.80271796781284,-6.14353477080823,6.53096956381119,6.143571347803485,-6.143534770808222
2012-07-11 06:00:00,288.95543599434865,283.64439738596707,-5.31103860838158,5.775075149235844,5.323959522142553,-5.311038608381578
2012-07-11 09:00:00,288.2286152875812,283.33080148006104,-4.897813807520151,5.352499008407264,4.9077459208089325,-4.897813807520147
2012-07-11 12:00:00,287.70101025179434,283.180200909138,-4.520809342656321,4.964567814598229,4.5338376197342924,-4.520809342656309
2012-07-11 15:00:00,288.3240667474643,283.52427387055917,-4.799792876905144,5.214916984476229,4.799872168685125,-4.79979287690515
2012-07-11 18:00:00,289.36464153383685,284.1261813973483,-5.238460136488527,5.78849815009619,5.246611240872993,-5.238460136488478
2012-07-11 21:00:00,290.2148593565896,284.3498346155233,-5.865024741066293,6.502614290680613,5.870448635255016,-5.865024741066282
2012-07-12 00:00:00,290.7457222333695,284.27565328436475,-6.470068949004769,7.0638202629641516,6.470590393367146,-6.470068949004773
2012-07-12 03:00:00,290.27164948521107,283.88044624267206,-6.391203242539007,6.891425155559241,6.391340766071361,-6.3912032425389675
2012-07-12 06:00:00,289.1152609342139,283.6286121884625,-5.486648745751381,5.986931997331409,5.4928924765664835,-5.486648745751426
2012-07-12 09:00:00,288.4188545922371,283.39059068680206,-5.02826390543504,5.560615113023102,5.035000120355871,-5.028263905434988
2012-07-12 12:00:00,288.061465368117,283.2116590618725,-4.8498063062444885,5.302577893583012,4.856753386931815,-4.849806306244471
2012-07-12 15:00:00,288.80298987136047,283.6401501324149,-5.162839738945593,5.647126069818385,5.1628844741609985,-5.162839738945595
2012-07-12 18:00:00,289.8776676551138,284.32536719385377,-5.5523004612600175,6.1816185966303445,5.552427449153784,-5.552300461259977
2012-07-12 21:00:00,290.8898219245487,284.57489987063485,-6.314922053913847,7.06299354094456,6.315105268128882,-6.314922053913863
2012-07-13 00:00:00,291.47981342810516,284.5136163855285,-6.966197042576653,7.679593079008517,6.966781406030647,-6.966197042576652
2012-07-13 03:00:00,290.8468237905567,284.0455887974969,-6.801234993059779,7.370971894128509,6.801285956811538,-6.801234993059798
2012-07-13 06:00:00,289.55949013087553,283.68650275658445,-5.872987374291085,6.401171208520554,5.875753218661587,-5.872987374291112
2012-07-13 09:00:00,288.8352831646963,283.50111131187754,-5.33417185281877,5.853127541775269,5.338029259994265,-5.334171852818761
2012-07-13 12:00:00,288.18740104314463,283.25088021293016,-4.9365208302144765,5.345963982272175,4.937149958132836,-4.93652083021444
2012-07-13 15:00:00,288.81002004844726,283.8710408374401,-4.938979211007165,5.379927467288634,4.939091866892598,-4.938979211007146
2012-07-13 18:00:00,289.84561495277467,284.5513529733876,-5.294261979387045,5.95053351896723,5.294876427309037,-5.294261979387059
2012-07-13 21:00:00,290.8599216483728,284.75994623155447,-6.0999754168183244,6.898747772246428,6.100270574443214,-6.099975416818301
2012-07-14 00:00:00,291.5635018711318,284.7872650501597,-6.776236820972088,7.669624957792907,6.776501970626399,-6.776236820972094
2012-07-14 03:00:00,290.7722869382189,284.4837590536294,-6.2885278845894845,7.114185704738484,6.290473182107961,-6.288527884589447
2012-07-14 06:00:00,289.6604966921965,284.1159835760494,-5.544513116147073,6.21449047045291,5.552752637998506,-5.544513116147064
2012-07-14 09:00:00,289.23906515160905,283.90854608748504,-5.330519064124019,5.902781369886345,5.331622133034348,-5.330519064124024
2012-07-14 12:00:00,288.6101628175997,283.76189870970165,-4.848264107898046,5.321708463965049,4.852568956474517,-4.848264107898043
2012-07-14 15:00:00,289.1091975095886,284.2748569530571,-4.834340556531515,5.425366189458839,4.8478100239749375,-4.834340556531549
2012-07-14 18:00:00,290.17473971685376,284.689532881764,-5.485206835089741,6.296246150020447,5.501490500744862,-5.485206835089729
2012-07-14 21:00:00,291.33376791442544,284.84278555970917,-6.490982354716266,7.372565815108116,6.4915158376657045,-6.490982354716304
2012-07-15 00:00:00,291.93794986944266,284.7320151965757,-7.205934672866988,7.941669464562196,7.206178859240413,-7.205934672866982
2012-07-15 03:00:00,290.9001269966685,284.1263304768593,-6.773796519809196,7.221922509095828,6.773856735993529,-6.773796519809184
2012-07-15 06:00:00,289.4951487257931,283.68092537828585,-5.814223347507266,6.125647344332744,5.816676625100053,-5.814223347507287
2012-07-15 09:00:00,288.6075354447291,283.3979416008863,-5.209593843842754,5.498655775833059,5.212876879471526,-5.2095938438427805
2012-07-15 12:00:00,288.05659230790747,283.2203374135454,-4.836254894362071,5.114705290892326,4.83922054162854,-4.836254894362104
2012-07-15 15:00:00,288.5882955102358,283.44337921931924,-5.144916290916569,5.534468384052328,5.147235951592917,-5.144916290916556
2012-07-15 18:00:00,289.4446217755696,284.0647844246351,-5.379837350934508,5.934176357906441,5.382297359546378,-5.379837350934514
2012-07-15 21:00:00,289.97762793632626,284.2942204473118,-5.683407489014485,6.396093576110225,5.684643881601286,-5.683407489014497
2012-07-16 00:00:00,290.1135504588901,284.298587424507,-5.814963034383084,6.515358877227097,5.8158470950562515,-5.8149630343830685
2012-07-16 03:00:00,289.5844926884378,283.98166202581587,-5.602830662621955,6.165599998731501,5.607233721829406,-5.602830662621949
2012-07-16 06:00:00,288.6372984351145,283.67677590225446,-4.960522532860011,5.466274601892476,4.966937348556195,-4.960522532860033
2012-07-16 09:00:00,288.17591065393594,283.30078585409206,-4.8751247998438885,5.358075766142047,4.875586257514022,-4.875124799843866
2012-07-16 12:00:00,288.07277076567163,283.1870192709909,-4.885751494680733,5.321731907087642,4.887517523598871,-4.885751494680727
2012-07-16 15:00:00,288.82139407989746,283.85206077503216,-4.969333304865302,5.450016409621176,4.969546124314752,-4.96933330486531
2012-07-16 18:00:00,289.9136567372943,284.4716457590389,-5.442010978255382,6.120688668530542,5.446398226505238,-5.442010978255402
2012-07-16 21:00:00,291.14550107023126,284.67980169483263,-6.4656993753986285,7.210697480409101,6.471163841695574,-6.465699375398627
2012-07-17 00:00:00,292.0821652340288,284.6242293628109,-7.457935871217899,8.125164063258097,7.457958554939731,-7.457935871217874
2012-07-17 03:00:00,291.77527995767133,284.1159693209134,-7.659310636757937,8.234280288265149,7.659310636757916,-7.659310636757916
2012-07-17 06:00:00,290.4723443308251,283.7708664280731,-6.7014779027520035,7.185535262761677,6.702582295366939,-6.701477902752024
2012-07-17 09:00:00,289.5405416311349,283.52763175024546,-6.012909880889424,6.475627208876832,6.013968024840876,-6.012909880889446
2012-07-17 12:00:00,288.6460575965152,283.4028367095895,-5.243220886925712,5.716044550303795,5.245178736763614,-5.243220886925695
2012-07-17 15:00:00,289.1594606571116,284.0411540582512,-5.118306598860386,5.681523078606902,5.118760873277003,-5.118306598860433
2012-07-17 18:00:00,290.0645405809999,284.5790936772705,-5.4854469037293825,6.246015790549186,5.49140982917722,-5.4854469037294145
2012-07-17 21:00:00,291.22129222154166,284.70380731646884,-6.51748490507282,7.324346323843596,6.520083897416983,-6.517484905072816
2012-07-18 00:00:00,291.91280115614416,284.51146745387047,-7.401333702273689,8.018643063675132,7.401558610558423,-7.401333702273678
2012-07-18 03:00:00,290.88331061791257,284.03238628939573,-6.8509243285168395,7.30598717650086,6.850944967808824,-6.850924328516834
2012-07-18 06:00:00,289.6569082235453,283.45970048230964,-6.1972077412356725,6.576466249351778,6.197619346615934,-6.197207741235645
2012-07-18 09:00:00,288.93073669600835,283.1359847141804,-5.794751981827972,6.14520703842378,5.797403927605667,-5.794751981828015
2012-07-18 12:00:00,288.1238819259794,282.9681753907114,-5.155706535267996,5.411755680256494,5.1594751192405095,-5.155706535268014
2012-07-18 15:00:00,288.4124005251374,283.1356548256219,-5.276745699515516,5.511870724014779,5.277523449085603,-5.276745699515524
2012-07-18 18:00:00,289.14426086215036,283.7017917309865,-5.442469131163875,5.769149911217451,5.442663592743115,-5.442469131163924
2012-07-18 21:00:00,289.7885713695977,283.9927089462373,-5.795862423360404,6.218416549238925,5.796163175043444,-5.795862423360429
2012-07-19 00:00:00,290.1676323396652,283.90344051950143,-6.264191820163774,6.684327137300212,6.264191820163801,-6.264191820163801
2012-07-19 03:00:00,289.8403907444859,283.41168264263865,-6.428708101847235,6.816126520401457,6.428951297504691,-6.428708101847274
2012-07-19 06:00:00,288.9447395076559,283.21360320255576,-5.731136305100165,6.152690936750206,5.731456878603236,-5.73113630510019
2012-07-19 09:00:00,288.296300459334,283.1842261883048,-5.112074271029201,5.590525874073268,5.115436375695568,-5.112074271029207
2012-07-19 12:00:00,287.55060316185916,282.9982480683483,-4.552355093510869,4.985973081432775,4.5571118908336965,-4.552355093510872
2012-07-19 15:00:00,288.06850403866247,283.275347976213,-4.793156062449441,5.151453665575511,4.793231194872091,-4.793156062449434
2012-07-19 18:00:00,289.17027298295557,284.1491261110029,-5.021146871952681,5.501975331564622,5.023297301684363,-5.021146871952705
2012-07-19 21:00:00,290.2860341481346,284.4629063613352,-5.823127786799432,6.348605382641504,5.823857733009326,-5.823127786799402
2012-07-20 00:00:00,290.6854419460995,284.42966182013095,-6.255780125968556,6.7332359385929275,6.255832741913621,-6.255780125968559
2012-07-20 03:00:00,290.2555106572124,283.8279313517679,-6.42757930544451,6.784939846866989,6.427579305444506,-6.427579305444506
2012-07-20 06:00:00,289.91031826469225,283.54730575259845,-6.363012512093803,6.693236576273165,6.3630125120937855,-6.3630125120937855
2012-07-20 09:00:00,289.5767411234725,283.399496939157,-6.177244184315498,6.558277527922314,6.177493634008379,-6.1772441843155015
2012-07-20 12:00:00,288.91256672806094,283.14426524125014,-5.768301486810799,6.129276812248351,5.768357893875809,-5.768301486810796
2012-07-20 15:00:00,289.2884184198445,283.81646222995465,-5.471956189889852,5.743756645675564,5.476282839468475,-5.471956189889862
2012-07-20 18:00:00,289.8848878449324,284.1129509553304,-5.771936889601989,6.034044734401837,5.778457398422405,-5.771936889601939
2012-07-20 21:00:00,290.29630308911885,284.0283938163535,-6.267909272765337,6.550063591004243,6.272969676923203,-6.267909272765307
2012-07-21 00:00:00,290.39865872703604,283.767783057345,-6.630875669691022,6.875673965828528,6.633941660515278,-6.630875669691027
2012-07-21 03:00:00,289.84490711168144,283.27924546313864,-6.5656616485428,6.806943727767193,6.568206746235777,-6.565661648542808
2012-07-21 06:00:00,289.27421773048496,283.11400872091986,-6.160209009565108,6.405905513053011,6.162751933832662,-6.160209009565136
2012-07-21 09:00:00,288.8579751482705,283.0390733296285,-5.8189018186420185,6.0805538255602185,5.822063619429599,-5.818901818642013
2012-07-21 12:00:00,288.153309585243,282.9797522710781,-5.173557314164896,5.4944855763605815,5.177435857115357,-5.173557314164895
2012-07-21 15:00:00,288.37625467770954,282.98264338740125,-5.393611290308286,5.746539918468997,5.396689898699715,-5.393611290308297
2012-07-21 18:00:00,289.01603115231734,283.0836559413916,-5.932375210925727,6.316636334841678,5.934194197027265,-5.932375210925764
2012-07-21 21:00:00,289.58859850284193,283.08928669123435,-6.499311811607583,6.851902259892304,6.499757213828537,-6.4993118116076145
2012-07-22 00:00:00,289.83813690117677,283.0230639726885,-6.815072928488291,7.1288102720134,6.815360163384955,-6.815072928488261
2012-07-22 03:00:00,289.3230208190938,282.927020114127,-6.396000704966809,6.657675385920734,6.398541720549818,-6.396000704966816
2012-07-22 06:00:00,288.3669082722036,282.83179595832144,-5.535112313882166,5.775957844916577,5.541737241620663,-5.535112313882185
2012-07-22 09:00:00,287.70842636226706,282.7809182631299,-4.927508099137185,5.177065903879756,4.935067924554916,-4.927508099137167
2012-07-22 12:00:00,287.2094083658304,282.8104435581692,-4.39896480766123,4.654139618398226,4.406809607553223,-4.398964807661238
2012-07-22 15:00:00,287.3141453903065,282.9374909898091,-4.3766544004974435,4.639158729884855,4.3879562547986355,-4.376654400497445
2012-07-22 18:00:00,287.86523631893334,283.0050973103919,-4.860139008541466,5.177742910192659,4.873594285721623,-4.860139008541451
2012-07-22 21:00:00,287.897418638576,283.08313522525424,-4.814283413321789,5.040012190870369,4.820697546541363,-4.81428341332179
2012-07-23 00:00:00,287.4122724287816,283.2283222711328,-4.1839501576487805,4.463507520479823,4.189416646626354,-4.183950157648792
2012-07-23 03:00:00,287.2490841951658,283.1092695453675,-4.139814649798268,4.461082435135846,4.154925996168627,-4.139814649798254
2012-07-23 06:00:00,287.0335412565257,282.96741830930733,-4.066122947218389,4.355352870445835,4.088952306580075,-4.066122947218418
2012-07-23 09:00:00,286.82885786960964,283.02607587086834,-3.8027819987412954,4.042629899274432,3.831492026372527,-3.8027819987413154
2012-07-23 12:00:00,286.5148786229787,283.0699037981451,-3.4449748248335936,3.701421339358971,3.4797251160096203,-3.4449748248336087
2012-07-23 15:00:00,287.02944232613544,283.2160225651869,-3.813419760948534,4.13201149275894,3.8398665544677155,-3.8134197609485203
2012-07-23 18:00:00,288.0132565216233,283.43592501277834,-4.5773315088449635,4.8923973201051565,4.587260388994616,-4.577331508844921
2012-07-23 21:00:00,288.85185837160043,283.60314181269825,-5.248716558902174,5.5758902832136545,5.254804452563059,-5.248716558902164
2012-07-24 00:00:00,288.92719908048775,283.51443486845125,-5.412764212036507,5.748861397677181,5.4184508124633295,-5.41276421203647
2012-07-24 03:00:00,288.1924218482859,283.2270112887297,-4.965410559556176,5.314974389999178,4.97133713300099,-4.965410559556165
2012-07-24 06:00:00,287.28474984944114,283.10445595061805,-4.180293898823095,4.601094712360547,4.189765465660466,-4.180293898823095
2012-07-24 09:00:00,286.68482198399164,283.025015275626,-3.659806708365636,4.09681499729536,3.682796687467433,-3.659806708365676
2012-07-24 12:00:00,286.1501051064194,282.91144333484783,-3.2386617715715715,3.600573016485245,3.2761434510500553,-3.238661771571588
2012-07-24 15:00:00,286.8113939056935,283.0340727355439,-3.7773211701496052,4.0896887538843325,3.7816973682784787,-3.777321170149579
2012-07-24 18:00:00,287.9816445544152,283.5361770249833,-4.44546752943188,4.796606093651977,4.445642853917539,-4.445467529431871
2012-07-24 21:00:00,288.9552538987203,283.8871495093482,-5.068104389372081,5.470649270631699,5.06894110191944,-5.068104389372027
2012-07-25 00:00:00,289.29296594659615,283.8781650373016,-5.41480090929457,5.8450102001215605,5.414946099813992,-5.414800909294607
2012-07-25 03:00:00,288.77380475565167,283.42665535963954,-5.347149396012128,5.778053786589516,5.348623049709903,-5.347149396012119
2012-07-25 06:00:00,287.90285934081317,283.33012483039784,-4.57273451041533,5.028511905619396,4.584158204036969,-4.572734510415355
2012-07-25 09:00:00,287.4002680128311,283.2729171202261,-4.127350892604966,4.606888691527114,4.149682650786348,-4.12735089260498
2012-07-25 12:00:00,286.93273081197725,283.2789126834293,-3.6538181285479254,4.0775636473821555,3.6867321152165196,-3.6538181285479183
2012-07-25 15:00:00,287.7854465196676,283.46739873535375,-4.318047784313819,4.673452225562419,4.318104924853658,-4.318047784313807
2012-07-25 18:00:00,288.86065480334764,284.21683882181105,-4.643815981536591,5.127454233524759,4.645367968547207,-4.643815981536569
2012-07-25 21:00:00,289.58766206171566,284.47339462029595,-5.114267441419713,5.723488358113923,5.118402672814712,-5.114267441419689
2012-07-26 00:00:00,289.85654502232956,284.4107180238539,-5.4458269984756384,6.047353656129275,5.446995078905813,-5.445826998475645
2012-07-26 03:00:00,289.3482309954089,283.86537124005497,-5.482859755353957,5.925685278819069,5.483218525046717,-5.482859755353952
2012-07-26 06:00:00,288.4742057545958,283.54104378053415,-4.9331619740616475,5.4019422206213825,4.9355998096841285,-4.933161974061642
2012-07-26 09:00:00,287.85666067736213,283.38812136238477,-4.468539314977363,5.000007021244099,4.473488232459673,-4.468539314977339
2012-07-26 12:00:00,287.40915037475554,283.1724521483265,-4.236698226429041,4.696174410906626,4.243601894105624,-4.2366982264290405
2012-07-26 15:00:00,288.0138106671139,283.81888831423026,-4.194922352883623,4.629690636372652,4.19657362523836,-4.194922352883607
2012-07-26 18:00:00,288.8665150059442,284.3615345265446,-4.504980479399649,5.083880097879089,4.539220775320524,-4.504980479399634
2012-07-26 21:00:00,289.8200373070652,284.45296042939543,-5.367076877669774,5.978933832996356,5.3858101040451904,-5.367076877669788
2012-07-27 00:00:00,290.27577271926765,284.25338295995095,-6.022389759316695,6.530454405288848,6.022597391944067,-6.022389759316696
2012-07-27 03:00:00,289.5300511634999,283.8638028398574,-5.666248323642492,6.1019445638529755,5.666309955778277,-5.666248323642506
2012-07-27 06:00:00,288.5173635551106,283.47152219102776,-5.045841364082833,5.48534342775981,5.049089493659009,-5.045841364082847
2012-07-27 09:00:00,287.87523476444665,283.1089182664178,-4.766316498028857,5.212489738921602,4.772847535738134,-4.766316498028852
2012-07-27 12:00:00,287.65222120045394,282.9336626801354,-4.718558520318538,5.100728964788644,4.724139557366624,-4.718558520318519
2012-07-27 15:00:00,287.941752215007,283.02757992852315,-4.914172286483847,5.218528096041068,4.9149861495651255,-4.914172286483884
2012-07-27 18:00:00,288.496607946236,283.4993292770085,-4.997278669227512,5.323597422967547,4.997582150816898,-4.997278669227531
2012-07-27 21:00:00,289.1016003695759,283.68773040634613,-5.413869963229786,5.767443912231342,5.413913490236631,-5.413869963229781
2012-07-28 00:00:00,289.446004430389,283.5210424065363,-5.924962023852686,6.261729196202662,5.925081470005253,-5.924962023852734
2012-07-28 03:00:00,289.03344826946557,283.2176403061919,-5.815807963273642,6.135361256805146,5.817015007117196,-5.8158079632736275
2012-07-28 06:00:00,288.36655057872395,283.08501089441125,-5.2815396843126905,5.573936339116273,5.285034557674534,-5.281539684312669
2012-07-28 09:00:00,287.9569596863299,283.0605038216019,-4.896455864728011,5.20079886291055,4.901399800131256,-4.896455864728017
2012-07-28 12:00:00,287.4670287977941,282.9913588061775,-4.4756699916165985,4.791393418617791,4.484856755723851,-4.475669991616607
2012-07-28 15:00:00,287.7062150008756,282.9857017052387,-4.72051329563692,5.018804474566486,4.7223134468845185,-4.7205132956369065
2012-07-28 18:00:00,288.5270381347338,283.1452030702039,-5.381835064529923,5.717143276512857,5.381986915570848,-5.381835064529946
2012-07-28 21:00:00,289.3558780432096,283.32358506936276,-6.032292973846836,6.404097046843955,6.032292973846825,-6.032292973846825
2012-07-29 00:00:00,289.80876370766975,283.3534140946079,-6.4553496130618555,6.8216204999797165,6.455352846200964,-6.455349613061873
2012-07-29 03:00:00,289.43377919463853,283.2276423043334,-6.2061368903051175,6.543186464443454,6.207425491600936,-6.206136890305115
2012-07-29 06:00:00,288.59346677859065,283.26429794302334,-5.329168835567316,5.726295270220939,5.333379527873676,-5.329168835567264
2012-07-29 09:00:00,287.903290986256,283.2867509735446,-4.616540012711425,5.110830267572395,4.667315697152325,-4.616540012711404
2012-07-29 12:00:00,287.36063713695364,283.1517218139599,-4.208915322993732,4.653327925116278,4.242107178880335,-4.20891532299376
2012-07-29 15:00:00,287.919987989732,282.9290152208119,-4.99097276892013,5.350723067168798,4.9916549245194695,-4.990972768920135
2012-07-29 18:00:00,288.9378515766895,283.20258672246507,-5.735264854224454,6.1412067729506035,5.73526485422444,-5.73526485422444
2012-07-29 21:00:00,289.9564365863993,283.4584940628197,-6.497942523579638,6.92720401195802,6.497942523579671,-6.497942523579671
2012-07-30 00:00:00,290.41518532435765,283.4523159420039,-6.962869382353745,7.386942567977739,6.962869382353707,-6.962869382353707
2012-07-30 03:00:00,289.85631675753496,283.21838949824166,-6.637927259293292,7.044429868346575,6.638244461661987,-6.637927259293297
2012-07-30 06:00:00,288.9090875614103,283.331049847916,-5.578037713494268,6.042215303988919,5.581074244579114,-5.578037713494276
2012-07-30 09:00:00,288.1182627429899,283.31757071892906,-4.800692024060822,5.3305942012813725,4.831662723141945,-4.800692024060806
2012-07-30 12:00:00,287.4247284829891,283.1944391347099,-4.2302893482792,4.735528176231178,4.2778644875116205,-4.230289348279197
2012-07-30 15:00:00,287.85960454987554,282.95205556968574,-4.907548980189802,5.2712860169807385,4.908433286854528,-4.907548980189784
2012-07-30 18:00:00,288.82283706977216,283.35238587950477,-5.470451190267397,5.788311521191482,5.470468476424385,-5.470451190267369
2012-07-30 21:00:00,289.70219201100525,283.55389939441017,-6.148292616595086,6.455546003690231,6.14829261659508,-6.14829261659508
2012-07-31 00:00:00,290.12240278771975,283.40807834240553,-6.714324445314219,7.059164811990137,6.714332703280947,-6.714324445314228
2012-07-31 03:00:00,289.53808934763305,283.17229392287925,-6.365795424753799,6.762311202866895,6.366671443452804,-6.365795424753749
2012-07-31 06:00:00,288.59367162618855,283.2160773009343,-5.377594325254279,5.746057428784371,5.382611272902895,-5.377594325254266
2012-07-31 09:00:00,287.82342362877586,283.27770645893264,-4.545717169843215,4.882648548976237,4.569446769823008,-4.545717169843206
2012-07-31 12:00:00,287.2513881378813,283.21778977643953,-4.033598361441761,4.344650420965548,4.063625670884986,-4.033598361441809
2012-07-31 15:00:00,287.7915423236821,282.87654180385994,-4.915000519822172,5.173826598284083,4.916134319678298,-4.9150005198221685
2012-07-31 18:00:00,288.9023687953908,283.3024040702058,-5.599964725185032,5.885988082521028,5.6000596089301755,-5.5999647251850675
2012-07-31 21:00:00,289.8665355312401,283.69300274498386,-6.17353278625626,6.5084068420277905,6.1735327862563,-6.1735327862563
2012-08-01 00:00:00,290.2776002835749,283.6612392379742,-6.616361045600684,6.961537966947423,6.616420454812718,-6.616361045600692
2012-08-01 03:00:00,289.7899176214159,283.34496437971694,-6.444953241698954,6.796388376302487,6.4463673969378155,-6.444953241698997
2012-08-01 06:00:00,288.80899100912245,283.3274366574879,-5.481554351634543,5.902256039164357,5.489228122893472,-5.4815543516345215
2012-08-01 09:00:00,288.1038191272137,283.2697111384541,-4.83410798875957,5.323462351528348,4.868965083021792,-4.834107988759554
2012-08-01 12:00:00,287.4086864474201,283.15921485679354,-4.24947159062657,4.7403555534085395,4.312849762501747,-4.249471590626555
2012-08-01 15:00:00,287.99248102343097,282.97817787558614,-5.014303147844828,5.393836998939494,5.0145354291266395,-5.014303147844816
2012-08-01 18:00:00,288.97402989050363,283.2597586314899,-5.714271259013742,6.1022464502509814,5.714271259013731,-5.714271259013731
2012-08-01 21:00:00,289.8469212478385,283.4694201458863,-6.377501101952191,6.7696514306770625,6.377501101952198,-6.377501101952198
2012-08-02 00:00:00,290.0192439483556,283.4215110318606,-6.597732916495033,6.973811965039933,6.598046183748712,-6.5977329164950325
2012-08-02 03:00:00,289.4802918775674,283.2353747877033,-6.2449170898641455,6.592771232026369,6.246097891357935,-6.244917089864149
2012-08-02 06:00:00,288.73466254238616,283.0569131990246,-5.6777493433615405,5.993739721646827,5.682006366828593,-5.677749343361525
2012-08-02 09:00:00,288.14752872354967,283.0082765889549,-5.139252134594756,5.425740990347782,5.147233990035206,-5.139252134594775
2012-08-02 12:00:00,287.5866625286286,283.0549736039355,-4.531688924693128,4.8054711043964575,4.546267147351777,-4.531688924693127
2012-08-02 15:00:00,287.9704874796475,283.0396373624049,-4.930850117242585,5.218060040374793,4.931728115873713,-4.930850117242578
2012-08-02 18:00:00,288.9442608485758,283.4657843489837,-5.478476499592148,5.876683321789883,5.478548202382465,-5.478476499592158
2012-08-02 21:00:00,289.9359261219903,283.85467444587283,-6.081251676117461,6.562606733282864,6.0812612735382725,-6.081251676117502
2012-08-03 00:00:00,290.365558914367,283.9048217354952,-6.4607371788717955,6.95396779754064,6.460814538718064,-6.460737178871816
2012-08-03 03:00:00,289.77673311119736,283.512321828312,-6.264411282885362,6.702671743888867,6.2662029384244,-6.2644112828853515
2012-08-03 06:00:00,288.7177975247987,283.4278431407689,-5.289954384029784,5.728206104448726,5.295325438781148,-5.28995438402981
2012-08-03 09:00:00,288.04020762184274,283.3034288886754,-4.736778733167341,5.22276002826199,4.75134293055711,-4.736778733167338
2012-08-03 12:00:00,287.6350643862513,283.1908955580188,-4.4441688282325345,4.802292099231902,4.454259066096997,-4.444168828232517
2012-08-03 15:00:00,288.7750087223508,283.61981753265434,-5.155191189696438,5.448270556286335,5.155437380001117,-5.155191189696429
2012-08-03 18:00:00,290.2990795516251,284.35682677153943,-5.942252780085653,6.306782768125657,5.942324017141916,-5.9422527800856315
2012-08-03 21:00:00,291.2857353340101,284.6139308773402,-6.671804456669918,7.206283461821454,6.6720569827572636,-6.671804456669919
2012-08-04 00:00:00,291.78245889553006,284.610553170959,-7.171905724571047,7.7900534356808775,7.1719792925473485,-7.171905724571024
2012-08-04 03:00:00,291.1014801974483,284.1915945602902,-6.9098856371581405,7.4657540863165,6.909890620737146,-6.909885637158103
2012-08-04 06:00:00,289.99271153327356,283.87464602751766,-6.118065505755908,6.66451013092266,6.119810939630527,-6.11806550575589
2012-08-04 09:00:00,289.5782759983202,283.74811261549485,-5.830163382825333,6.350646257671083,5.834654102775659,-5.830163382825315
2012-08-04 12:00:00,289.39849009419584,283.7476991869271,-5.650790907268743,6.021164214727777,5.655413410448368,-5.650790907268717
2012-08-04 15:00:00,290.3596510426556,284.3790837580358,-5.980567284619838,6.339983942747373,5.981257419945466,-5.980567284619869
2012-08-04 18:00:00,291.77936262899436,284.77580690459496,-7.003555724399405,7.402498932721648,7.003627381441307,-7.003555724399431
2012-08-04 21:00:00,292.9805161236249,284.9353311081517,-8.045185015473237,8.55332224573658,8.04541934643474,-8.04518501547323
2012-08-05 00:00:00,293.7666172377123,284.90663551865015,-8.859981719062148,9.35352410111855,8.859981719062109,-8.859981719062109
2012-08-05 03:00:00,292.92529953552474,284.57458726748337,-8.350712268041377,8.826048549369977,8.350712268041358,-8.350712268041358
2012-08-05 06:00:00,291.549965835972,284.20091518955536,-7.349050646416629,7.875484009262455,7.349050646416625,-7.349050646416625
2012-08-05 09:00:00,290.8647294139472,283.9925371368811,-6.8721922770661195,7.352316261727496,6.872214807793234,-6.8721922770661275
2012-08-05 12:00:00,290.23411983025335,283.8975218016621,-6.336598028591254,6.640890363776013,6.33666406307598,-6.336598028591228
2012-08-05 15:00:00,290.866032474747,284.5073357158556,-6.358696758891369,6.700462401743144,6.358769430648451,-6.358696758891383
2012-08-05 18:00:00,292.1765880974469,284.854094975251,-7.322493122195908,7.728456482217944,7.322493122195937,-7.322493122195937
2012-08-05 21:00:00,293.02090461113823,284.9849820179269,-8.035922593211353,8.605705600350802,8.035922593211362,-8.035922593211362
2012-08-06 00:00:00,293.19754113104904,284.8515206593103,-8.346020471738711,9.096090853172653,8.346043174959926,-8.346020471738738
2012-08-06 03:00:00,292.2828054826407,284.5068380483026,-7.775967434338099,8.43913862777109,7.776022519198501,-7.775967434338132
2012-08-06 06:00:00,291.16540174143364,284.1150455078539,-7.050356233579748,7.545575061687378,7.050394538515751,-7.050356233579763
2012-08-06 09:00:00,290.3132850370701,283.8282592176458,-6.485025819424322,6.906424555599085,6.485147226009559,-6.4850258194242905
2012-08-06 12:00:00,289.522505596218,283.7376742309482,-5.784831365269838,6.152602434694416,5.784837635804742,-5.784831365269846
2012-08-06 15:00:00,289.8283862171642,284.1915246240643,-5.636861593099923,6.077493498813357,5.637200101487719,-5.63686159309991
2012-08-06 18:00:00,290.4056426209605,284.579566990534,-5.826075630426544,6.399897926915011,5.8274629710852395,-5.8260756304265735
2012-08-06 21:00:00,290.93737084993035,284.55046515796823,-6.386905691962113,6.947562049407256,6.387428092541714,-6.386905691962143
2012-08-07 00:00:00,291.16973039119364,284.2154598677397,-6.954270523453943,7.350574120115705,6.954270523453963,-6.954270523453963
2012-08-07 03:00:00,290.5663812848564,283.90656423847037,-6.659817046386024,7.031514782048083,6.659818784076431,-6.659817046386041
2012-08-07 06:00:00,289.7893904828739,283.6110809724783,-6.178309510395593,6.5827324913288905,6.178875870717131,-6.178309510395556
2012-08-07 09:00:00,289.3413045367642,283.3625437436744,-5.978760793089805,6.397152754683177,5.980140892746816,-5.978760793089754
2012-08-07 12:00:00,288.9523223689085,283.2114134977964,-5.740908871112083,6.119359734968822,5.741655450251435,-5.740908871112086
2012-08-07 15:00:00,289.4811074888387,283.4820821730281,-5.99902531581057,6.4100675148358075,5.999025315810567,-5.999025315810567
2012-08-07 18:00:00,290.3808450013681,284.0215191505571,-6.35932585081099,6.864952349289238,6.361499840984455,-6.359325850811014
2012-08-07 21:00:00,291.2526609574685,284.2922856771821,-6.960375280286371,7.468488712819686,6.960664089379078,-6.960375280286385
2012-08-08 00:00:00,291.7605322974501,284.23071892079315,-7.529813376656932,8.008294763050085,7.529833010233417,-7.529813376656927
2012-08-08 03:00:00,291.3281136772634,283.7870322731449,-7.541081404118472,7.939439631341969,7.541081404118513,-7.541081404118513
2012-08-08 06:00:00,290.51142146207314,283.4279111439361,-7.08351031813703,7.460523809019712,7.083510318137047,-7.083510318137047
2012-08-08 09:00:00,289.8207927790245,283.1660922281222,-6.654700550902305,6.995274373579182,6.654700550902302,-6.654700550902302
2012-08-08 12:00:00,289.19179352021507,283.0335155789066,-6.158277941308484,6.465919947933092,6.1582832608760185,-6.158277941308501
2012-08-08 15:00:00,289.47075622917833,283.11755116739977,-6.353205061778567,6.678174611500113,6.355409924642945,-6.353205061778561
2012-08-08 18:00:00,290.28922697273293,283.4258139818772,-6.86341299085575,7.241665384731537,6.865366094856482,-6.863412990855761
2012-08-08 21:00:00,290.83196858552463,283.59738535216786,-7.234583233356773,7.633548759317236,7.234622763750712,-7.234583233356763
2012-08-09 00:00:00,291.09412063766064,283.4795875347292,-7.614533102931432,7.9795981765040445,7.614598053703366,-7.614533102931437
2012-08-09 03:00:00,290.52156101824585,283.2565467920438,-7.265014226202027,7.619435458221703,7.265907387812969,-7.265014226201984
2012-08-09 06:00:00,289.66099233781887,283.20915535525967,-6.4518369825592,6.788160214005325,6.454166046412944,-6.451836982559151
2012-08-09 09:00:00,288.86645064840195,283.23658389960093,-5.629866748801021,5.994093990941052,5.633733444407923,-5.629866748801049
2012-08-09 12:00:00,288.13361263517714,283.2453481979504,-4.888264437226724,5.297424622839736,4.904580884257347,-4.888264437226745
2012-08-09 15:00:00,288.6621166456256,283.1185097890152,-5.543606856610381,5.871847157967925,5.545131543057547,-5.543606856610391
2012-08-09 18:00:00,289.81564241957744,283.65201628760826,-6.163626131969181,6.536404940471286,6.16368813984205,-6.163626131969169
2012-08-09 21:00:00,290.8621935724367,284.01509398109107,-6.847099591345625,7.274615390790728,6.847122843547975,-6.847099591345619
2012-08-10 00:00:00,291.2766192163544,283.98211203512875,-7.29450718122564,7.703750209202778,7.294507181225655,-7.294507181225655
2012-08-10 03:00:00,290.5011781038363,283.5552068151854,-6.945971288650924,7.294287539107267,6.946748138251865,-6.945971288650914
2012-08-10 06:00:00,289.32675905010757,283.42512606160057,-5.901632988507004,6.215599202276157,5.904547730519652,-5.901632988506962
2012-08-10 09:00:00,288.5897219065547,283.4595302707736,-5.130191635781102,5.491544187109549,5.162205751568898,-5.130191635781126
2012-08-10 12:00:00,287.7758118840491,283.37586194430685,-4.399949939742271,4.741626593806291,4.428205236972551,-4.3999499397422674
2012-08-10 15:00:00,288.25994827223445,283.26377669102936,-4.99617158120509,5.288722595118096,4.996543614192858,-4.996171581205078
2012-08-10 18:00:00,289.53419799099714,284.0169872371448,-5.517210753852339,5.900313034146881,5.517533254039254,-5.5172107538523
2012-08-10 21:00:00,290.62021873739144,284.33069593505667,-6.289522802334773,6.795368107124205,6.289806318859038,-6.289522802334789
2012-08-11 00:00:00,291.01523544986316,284.2777364920274,-6.737498957835783,7.256774107081698,6.737930002549192,-6.737498957835751
2012-08-11 03:00:00,290.2900932428914,283.7622629834556,-6.527830259435746,6.924166245048319,6.52827733034946,-6.52783025943578
2012-08-11 06:00:00,289.3127903949133,283.58742908895755,-5.725361305955744,6.094012312510043,5.728744967132648,-5.725361305955761
2012-08-11 09:00:00,288.7517842649176,283.4863453162853,-5.2654389486323225,5.69079790326862,5.279255786909486,-5.2654389486323065
2012-08-11 12:00:00,287.8076284922372,283.3455467962377,-4.462081695999473,4.840190796918315,4.476845766032842,-4.4620816959995
2012-08-11 15:00:00,288.4345606584562,283.68400925074667,-4.750551407709509,5.026775677588705,4.751156841690703,-4.75055140770951
2012-08-11 18:00:00,289.8127507381487,284.4022171614675,-5.410533576681189,5.749929607331157,5.410540480944341,-5.4105335766811855
2012-08-11 21:00:00,290.86066321543404,284.6208154802958,-6.239847735138255,6.664099473408664,6.23986137417042,-6.2398477351382935
2012-08-12 00:00:00,291.5144245510552,284.5688582856354,-6.945566265419814,7.368640059963474,6.945579682459573,-6.945566265419831
2012-08-12 03:00:00,290.80991112480876,284.0626590380444,-6.747252086764377,7.1036356662053945,6.747336016385294,-6.747252086764416
2012-08-12 06:00:00,289.78770126332086,283.71926155932647,-6.068439703994386,6.415042589149471,6.071218927905897,-6.068439703994394
2012-08-12 09:00:00,289.2069103983957,283.4987055241557,-5.708204874239982,6.039588586116916,5.713277863716163,-5.7082048742399945
2012-08-12 12:00:00,288.6385821012046,283.31496570241654,-5.323616398788033,5.616307375022669,5.330681370181277,-5.323616398788056
2012-08-12 15:00:00,289.391490205945,283.78813758972814,-5.603352616216853,5.894902957374378,5.603352616216854,-5.603352616216854
2012-08-12 18:00:00,290.780509094416,284.4677696310056,-6.3127394634104235,6.6860999128150205,6.3127394634104474,-6.3127394634104474
2012-08-12 21:00:00,292.0337275156363,284.6420776795423,-7.391649836094018,7.823351250962126,7.391649836094023,-7.391649836094023
2012-08-13 00:00:00,292.3732620718679,284.52380453440924,-7.8494575374586475,8.31476479659571,7.849457537458635,-7.849457537458635
2012-08-13 03:00:00,291.18557454980066,283.9927870680574,-7.192787481743267,7.563825361564454,7.192806959325067,-7.192787481743227
2012-08-13 06:00:00,289.89286111129246,283.662395580182,-6.23046553111044,6.549317024603091,6.231634919495722,-6.230465531110421
2012-08-13 09:00:00,289.1201561707877,283.5254536940865,-5.594702476701229,5.915751180879147,5.598081591534084,-5.594702476701239
2012-08-13 12:00:00,288.6786009132743,283.42608080659903,-5.252520106675263,5.580313465030946,5.265025772430903,-5.25252010667526
2012-08-13 15:00:00,289.4126306292439,283.50839012193524,-5.904240507308657,6.167959802061157,5.9042405073086375,-5.9042405073086375
2012-08-13 18:00:00,290.65349803090356,284.160937587447,-6.4925604434565685,6.829687636261757,6.492560443456548,-6.492560443456548
2012-08-13 21:00:00,291.6623651736001,284.32624269919546,-7.336122474404647,7.752731256973204,7.336122474404638,-7.336122474404638
2012-08-14 00:00:00,292.14159828811233,284.09776838127846,-8.043829906833878,8.409714298719281,8.043829906833876,-8.043829906833876
2012-08-14 03:00:00,291.36298584788346,283.6826705455446,-7.68031530233884,7.975175460798231,7.680315302338869,-7.680315302338869
2012-08-14 06:00:00,290.4532464103351,283.49245615428407,-6.960790256051041,7.239419366594251,6.960985380607504,-6.960790256051056
2012-08-14 09:00:00,289.90282993882175,283.41844148315835,-6.484388455663407,6.774040907137013,6.484727190543456,-6.484388455663417
2012-08-14 12:00:00,289.2512642706305,283.3958989507074,-5.855365319923067,6.146957773233713,5.857837029633536,-5.855365319923066
2012-08-14 15:00:00,289.6477856984844,283.5240547884495,-6.123730910034908,6.352279887134473,6.123730910034862,-6.123730910034862
2012-08-14 18:00:00,290.6045269851813,284.11478184614856,-6.4897451390327205,6.741877066574777,6.4897892832684265,-6.489745139032751
2012-08-14 21:00:00,291.4668271447116,284.3563272867988,-7.110499857912828,7.462312697936831,7.110499857912874,-7.110499857912874
2012-08-15 00:00:00,291.7966228361502,284.3106102433262,-7.486012592824011,7.856935349098356,7.486012592824015,-7.486012592824015
2012-08-15 03:00:00,291.0096954412826,283.91899184277884,-7.090703598503751,7.424575505483571,7.09076180475705,-7.090703598503757
2012-08-15 06:00:00,290.2213722164225,283.7022565271671,-6.519115689255386,6.864553195487035,6.520398525498981,-6.519115689255396
2012-08-15 09:00:00,290.08132472436165,283.55807310773514,-6.52325161662651,6.88672992658537,6.525591335364831,-6.523251616626543
2012-08-15 12:00:00,290.0045815384599,283.5061717059108,-6.4984098325491,6.754982242825206,6.501854501883168,-6.498409832549104
2012-08-15 15:00:00,290.90887054098,284.0588223365336,-6.850048204446409,7.050427418877275,6.851437974271731,-6.850048204446395
2012-08-15 18:00:00,292.3587839377758,284.5946466456165,-7.764137292159319,7.961177790644834,7.76425649457021,-7.7641372921593295
2012-08-15 21:00:00,293.5880331812348,284.8025718252011,-8.785461356033693,9.015284568919325,8.785461356033643,-8.785461356033643
2012-08-16 00:00:00,294.1094321326651,284.78153642267455,-9.327895709990571,9.59418323951844,9.327895709990564,-9.327895709990564
2012-08-16 03:00:00,293.1623063403683,284.39077097574244,-8.771535364625834,9.045449209844872,8.771535364625851,-8.771535364625851
2012-08-16 06:00:00,291.9066488348184,284.0265183496895,-7.880130485128859,8.16344830703374,7.880141337256567,-7.880130485128838
2012-08-16 09:00:00,291.05788640763967,283.85809633923816,-7.199790068401512,7.460576418157682,7.199881429517442,-7.1997900684014935
2012-08-16 12:00:00,290.25579350100975,283.78174331995217,-6.474050181057578,6.687453701143193,6.474659933390645,-6.474050181057589
2012-08-16 15:00:00,290.8139760284913,284.31049665972256,-6.503479368768751,6.698452308969483,6.5049207870723205,-6.503479368768733
2012-08-16 18:00:00,292.04499594733403,284.7728730011146,-7.27212294621944,7.578488412410215,7.2721229462194525,-7.2721229462194525
2012-08-16 21:00:00,293.0875403030174,284.9358590472912,-8.151681255726203,8.576069916478438,8.151681255726203,-8.151681255726203
2012-08-17 00:00:00,293.2961054019003,284.8809191258253,-8.41518627607502,8.887894364553071,8.415186276074985,-8.415186276074985
2012-08-17 03:00:00,292.2577718090209,284.4001442809506,-7.857627528070282,8.177134434597145,7.857627528070277,-7.857627528070277
2012-08-17 06:00:00,291.2396938002939,283.9119730686759,-7.327720731618001,7.617360518553644,7.327751437814677,-7.327720731618022
2012-08-17 09:00:00,290.4687031982305,283.6497754664774,-6.818927731753092,7.110609923757905,6.8192539855612795,-6.81892773175309
2012-08-17 12:00:00,289.83388153440285,283.4924754514971,-6.341406082905735,6.602988279155894,6.341707528314949,-6.341406082905732
2012-08-17 15:00:00,290.350139313571,284.34235142435176,-6.00778788921923,6.313349955665993,6.009605577865257,-6.007787889219248
2012-08-17 18:00:00,291.34355575291346,284.85157746723655,-6.4919782856769075,6.986070672437327,6.492009240865001,-6.491978285676888
2012-08-17 21:00:00,292.2694553424789,284.94106757586786,-7.328387766611058,7.937771215651435,7.328387766611054,-7.328387766611054
2012-08-18 00:00:00,292.7452733321436,284.82202512962493,-7.923248202518664,8.52349525933909,7.923248202518661,-7.923248202518661
2012-08-18 03:00:00,291.88826385187184,284.299181377882,-7.5890824739898335,8.00038056836545,7.589082473989812,-7.589082473989812
2012-08-18 06:00:00,290.98879095239016,283.84975071665144,-7.139040235738719,7.499275017428851,7.1390402357387535,-7.1390402357387535
2012-08-18 09:00:00,290.37196575071187,283.70035076866725,-6.671614982044616,7.016429103470319,6.671614982044656,-6.671614982044656
2012-08-18 12:00:00,289.6972522233347,283.5774413587016,-6.119810864633109,6.452467827626522,6.119823341955078,-6.1198108646330995
2012-08-18 15:00:00,290.14266821265966,284.06542346008865,-6.077244752571005,6.408261106472905,6.077386384462468,-6.077244752571008
2012-08-18 18:00:00,291.23030852362143,284.3221621146758,-6.90814640894564,7.280624696835794,6.908146408945588,-6.908146408945588
2012-08-18 21:00:00,291.7288370827227,284.29563131691333,-7.433205765809362,7.78447333222039,7.43320576580941,-7.43320576580941
2012-08-19 00:00:00,291.31244268734105,283.9689825025242,-7.34346018481682,7.641543191478214,7.34346018481682,-7.34346018481682
2012-08-19 03:00:00,290.76556528217355,283.7002332146998,-7.065332067473776,7.295588398178485,7.065332067473757,-7.065332067473757
2012-08-19 06:00:00,290.1770414085215,283.4525469359549,-6.724494472566619,6.967493620355372,6.724494472566613,-6.724494472566613
2012-08-19 09:00:00,289.71755419977075,283.18654378355205,-6.531010416218692,6.797888794702828,6.531010416218682,-6.531010416218682
2012-08-19 12:00:00,289.23522876096257,283.04191585586847,-6.193312905094103,6.421230758608337,6.193839111793109,-6.193312905094103
2012-08-19 15:00:00,289.6258897278538,283.1601757688304,-6.46571395902339,6.679666815249871,6.465830490775844,-6.46571395902335
2012-08-19 18:00:00,290.4765142609048,283.4732684273749,-7.003245833529945,7.254751940269767,7.003245833529927,-7.003245833529927
2012-08-19 21:00:00,291.22321008800117,283.67810787718736,-7.545102210813809,7.814397035238429,7.54510221081376,-7.54510221081376
2012-08-20 00:00:00,291.4549091182976,283.60085765055413,-7.8540514677434885,8.121901322133233,7.85405146774345,-7.85405146774345
2012-08-20 03:00:00,290.7065027247555,283.357098357098,-7.349404367657542,7.610540176278893,7.349477846386957,-7.349404367657572
2012-08-20 06:00:00,289.7008251926426,283.14067697171714,-6.560148220925441,6.8234280780378525,6.5620560347297845,-6.560148220925429
2012-08-20 09:00:00,289.02705767681346,283.01350292342073,-6.013554753392725,6.2612032883271365,6.016521464122695,-6.013554753392739
2012-08-20 12:00:00,288.16198832315257,282.932361416649,-5.229626906503597,5.4750200201899535,5.235883370381862,-5.229626906503599
2012-08-20 15:00:00,288.4761725775009,283.0504830032311,-5.425689574269825,5.670131788339741,5.425979905060337,-5.425689574269844
2012-08-20 18:00:00,289.55187617681463,283.3571726499244,-6.194703526890237,6.468837198513617,6.194703526890214,-6.194703526890214
2012-08-20 21:00:00,290.5157404469147,283.54597022316244,-6.969770223752278,7.268067972484864,6.969770223752245,-6.969770223752245
2012-08-21 00:00:00,290.88524747634557,283.51665856429463,-7.368588912050939,7.66477020580263,7.368588912050961,-7.368588912050961
2012-08-21 03:00:00,290.3078484109431,283.3323850372387,-6.975463373704429,7.215379471011595,6.97611866897518,-6.975463373704429
2012-08-21 06:00:00,289.4550890386256,283.31013499700407,-6.144954041621531,6.405463456688364,6.148416849083409,-6.144954041621556
2012-08-21 09:00:00,288.715149108775,283.18520813712007,-5.5299409716549235,5.797951240555041,5.535604045388827,-5.529940971654908
2012-08-21 12:00:00,287.7817268107685,283.11678935703287,-4.664937453735604,4.9462128883782395,4.683775842253508,-4.664937453735587
2012-08-21 15:00:00,288.19355664748275,283.023469829141,-5.170086818341758,5.402422248990451,5.170616078936028,-5.170086818341783
2012-08-21 18:00:00,289.3563605564075,283.3933656632343,-5.962994893173175,6.20301334298535,5.962994893173184,-5.962994893173184
2012-08-21 21:00:00,290.42384397045646,283.5837402025011,-6.840103767955384,7.077634250237547,6.840103767955344,-6.840103767955344
2012-08-22 00:00:00,290.7132013993392,283.4494777254911,-7.263723673848119,7.5107155606171485,7.263775404073539,-7.263723673848093
2012-08-22 03:00:00,289.84095763616426,283.113175256886,-6.727782379278267,6.976468327547437,6.729856210387559,-6.727782379278262
2012-08-22 06:00:00,288.8811973572809,282.93537162063694,-5.94582573664394,6.176312950822311,5.951180598700742,-5.94582573664393
2012-08-22 09:00:00,288.1696283594438,282.80112772423956,-5.368500635204214,5.5698105817427095,5.377138208900882,-5.36850063520421
2012-08-22 12:00:00,287.23599751721616,282.80390215844034,-4.432095358775825,4.668171488777995,4.444815058189244,-4.432095358775813
2012-08-22 15:00:00,287.4934420783379,282.9557805059055,-4.537661572432398,4.779166336479729,4.539963529966068,-4.53766157243242
2012-08-22 18:00:00,288.55591534325504,283.2533795216939,-5.30253582156115,5.56466370147989,5.302607948836923,-5.302535821561177
2012-08-22 21:00:00,289.4542658949877,283.3676962971712,-6.086569597816492,6.392258630150625,6.0866586992599805,-6.086569597816516
2012-08-23 00:00:00,289.8159450953195,283.1912804590651,-6.6246646362543515,6.920184884062784,6.624807156115317,-6.624664636254318
2012-08-23 03:00:00,289.201204844619,282.96944860853495,-6.231756236084038,6.490486560687245,6.234878813967166,-6.2317562360840775
2012-08-23 06:00:00,288.3159938023986,282.8300880055361,-5.485905796862539,5.688155100621829,5.495066511363394,-5.485905796862545
2012-08-23 09:00:00,287.66254424683217,282.90293748963234,-4.759606757199833,4.916961894133879,4.773193997603106,-4.759606757199801
2012-08-23 12:00:00,286.9423697749472,283.0942800750663,-3.8480896998809158,4.053455641195211,3.8841986736986973,-3.8480896998809353
2012-08-23 15:00:00,287.2476476633196,282.9428195412685,-4.304828122051106,4.564535263242871,4.312802895484474,-4.304828122051101
2012-08-23 18:00:00,288.45569187394597,282.9885780871923,-5.467113786753657,5.69443232709919,5.4680214881158715,-5.467113786753659
2012-08-23 21:00:00,289.50380592519156,283.15277818684706,-6.351027738344499,6.610474568426761,6.351482499494337,-6.351027738344464
2012-08-24 00:00:00,289.54700352871595,283.0612055102812,-6.485798018434764,6.734887429571399,6.486900161126873,-6.485798018434775
2012-08-24 03:00:00,288.692143832073,283.072436421891,-5.619707410182002,5.827571260639368,5.625616602973052,-5.619707410182001
2012-08-24 06:00:00,287.8502641902872,283.21420243237475,-4.636061757912444,4.865966894358091,4.659911734762851,-4.636061757912457
2012-08-24 09:00:00,287.1513562937487,283.16361964394173,-3.9877366498069478,4.225271258750436,4.018633285928759,-3.987736649806965
2012-08-24 12:00:00,286.21448403946454,283.07915200989447,-3.1353320295700655,3.4455439945004076,3.236728616511539,-3.1353320295700575
2012-08-24 15:00:00,286.50758256051284,282.8283040027345,-3.679278557778332,3.9483687769682523,3.702970458051407,-3.6792785577783538
2012-08-24 18:00:00,287.58300885571424,282.9196591837614,-4.663349671952858,4.91434490911671,4.665397931189369,-4.6633496719528535
2012-08-24 21:00:00,288.4504395209977,283.2145357828145,-5.235903738183197,5.558200701336735,5.236727554922956,-5.235903738183166
2012-08-25 00:00:00,288.9593289023063,283.1646122438916,-5.7947166584147,6.1219024171952325,5.795880930475561,-5.79471665841475
2012-08-25 03:00:00,288.4806444663472,283.1215761027034,-5.359068363643814,5.712961227795075,5.364822974737675,-5.359068363643853
2012-08-25 06:00:00,287.69323201174404,283.41650456885225,-4.276727442891797,4.692017127476003,4.334692937193482,-4.276727442891799
2012-08-25 09:00:00,287.1668882373159,283.41845526656056,-3.7484329707553457,4.144918456090158,3.8251660942523027,-3.7484329707553714
2012-08-25 12:00:00,286.42881076470053,283.3376583575927,-3.0911524071078134,3.5166764033656954,3.2504190878736097,-3.0911524071078267
2012-08-25 15:00:00,287.1388784861624,282.7985371901052,-4.340341296057204,4.5336325415377745,4.343823988336904,-4.34034129605718
2012-08-25 18:00:00,288.66290019362174,283.52794900023747,-5.134951193384268,5.392668019186562,5.134951906609795,-5.134951193384262
2012-08-25 21:00:00,289.85587600702945,283.9871031829124,-5.868772824117059,6.1791419878353855,5.868812472256952,-5.868772824117041
2012-08-26 00:00:00,290.1476991195794,283.9179488295583,-6.229750290021059,6.518354507488187,6.229750290021051,-6.229750290021051
2012-08-26 03:00:00,289.266784515724,283.0943932701833,-6.172391245540723,6.442490386116771,6.174057926116903,-6.172391245540713
2012-08-26 06:00:00,288.4989831916306,283.1985192249965,-5.300463966634084,5.605850017368185,5.30468889195225,-5.300463966634089
2012-08-26 09:00:00,288.0975213442528,283.37029137014986,-4.727229974102954,4.982123751800626,4.736327523520633,-4.727229974102968
2012-08-26 12:00:00,287.3995111327951,283.30492840898586,-4.094582723809253,4.300843993392405,4.105288292315421,-4.094582723809243
2012-08-26 15:00:00,287.9808515721177,282.9885329061172,-4.992318666000472,5.254905762805997,4.993037855329411,-4.9923186660004815
2012-08-26 18:00:00,288.8162125342702,283.68605437471575,-5.130158159554469,5.4038646743109515,5.130179065837326,-5.130158159554495
2012-08-26 21:00:00,289.5022334818826,283.9303492244252,-5.571884257457441,5.827169916115317,5.5718846466940795,-5.571884257457432
2012-08-27 00:00:00,289.88088224846535,283.66191540877884,-6.218966839686516,6.455714391975579,6.21928749943662,-6.218966839686531
2012-08-27 03:00:00,289.4579955009223,283.1019412553822,-6.356054245540122,6.562853540748211,6.3583585789923065,-6.356054245540161
2012-08-27 06:00:00,288.44859391193444,282.9945388534642,-5.45405505847026,5.659159350474665,5.457676180251313,-5.454055058470274
2012-08-27 09:00:00,287.78349393052423,282.8951921712028,-4.88830175932145,5.119483468651423,4.895543438152898,-4.888301759321449
2012-08-27 12:00:00,287.1016777545463,282.75312522566725,-4.348552528879054,4.633404861043089,4.358818128727912,-4.34855252887905
2012-08-27 15:00:00,287.6185519615685,282.8500854496687,-4.768466511899817,5.068724629755237,4.771415660482183,-4.768466511899776
2012-08-27 18:00:00,288.74632184942527,283.11772975539844,-5.628592094026828,6.020302018591048,5.628761052730847,-5.628592094026806
2012-08-27 21:00:00,289.2799625570394,283.2853270888895,-5.994635468149909,6.426288321362145,5.994680659349662,-5.994635468149901
2012-08-28 00:00:00,289.47515416418656,283.1874917472831,-6.2876624169034585,6.646636357803875,6.287757092905685,-6.2876624169034505
2012-08-28 03:00:00,288.97801025183634,283.0417799605302,-5.936230291306117,6.179494199574478,5.939361244901855,-5.936230291306087
2012-08-28 06:00:00,288.3191991046939,283.2111367449151,-5.108062359778785,5.359381430192865,5.116609218837357,-5.10806235977881
2012-08-28 09:00:00,287.89881295062054,283.38327338918964,-4.515539561430899,4.763698432887315,4.534187307988587,-4.515539561430884
2012-08-28 12:00:00,286.8827854439281,283.0838126020175,-3.798972841910654,4.064621395981525,3.8224530739447515,-3.798972841910631
2012-08-28 15:00:00,287.1628372152822,282.8925335495291,-4.27030366575309,4.500416350473703,4.274177110378406,-4.27030366575305
2012-08-28 18:00:00,288.42620132821463,283.1034967668969,-5.322704561317721,5.6612138794132285,5.323026282281413,-5.322704561317728
2012-08-28 21:00:00,289.27678854629573,283.1765713767705,-6.100217169525251,6.44379589065944,6.100251810086907,-6.100217169525217
2012-08-29 00:00:00,289.5955087365433,283.0826874561145,-6.5128212804287955,6.809536255689094,6.513350404527723,-6.512821280428796
2012-08-29 03:00:00,288.9781647592861,282.99465584345097,-5.9835089158351025,6.213286479260029,5.987751938032518,-5.983508915835151
2012-08-29 06:00:00,288.1263877152708,283.0266526115838,-5.09973510368701,5.299354140999724,5.106258726400649,-5.099735103687003
2012-08-29 09:00:00,287.63923463582006,282.96841081963527,-4.670823816184793,4.884480983600148,4.6831645970966616,-4.67082381618481
2012-08-29 12:00:00,286.8482183294684,282.9353343165416,-3.9128840129267815,4.110731458994603,3.9314721807783104,-3.9128840129268205
2012-08-29 15:00:00,287.1118648879619,282.98222507200114,-4.129639815960729,4.4102276934868145,4.135556928480125,-4.129639815960753
2012-08-29 18:00:00,288.1160083461997,283.1348628351653,-4.981145511034413,5.3414655792344,4.983372283647181,-4.98114551103439
2012-08-29 21:00:00,288.8451037144372,283.21062996817454,-5.634473746262643,5.956203483375005,5.635975733238447,-5.634473746262608
2012-08-30 00:00:00,289.13950990412724,283.15900693317616,-5.980502970951079,6.274086238208753,5.98213445223475,-5.980502970951084
2012-08-30 03:00:00,288.6201561291642,282.9510100924248,-5.6691460367393915,5.939915681464614,5.6730903996819295,-5.669146036739356
2012-08-30 06:00:00,287.8847721224021,282.83817881161406,-5.046593310788069,5.275632078567363,5.053084060629384,-5.046593310788067
2012-08-30 09:00:00,287.2872504916591,282.8528977301963,-4.434352761462833,4.703030595143288,4.445377480020925,-4.434352761462871
2012-08-30 12:00:00,286.2652825681218,282.7960894098239,-3.4691931582979123,3.780936042363692,3.500528952354818,-3.4691931582978977
2012-08-30 15:00:00,286.4307950593813,282.7760296870776,-3.6547653723037,3.936243796799476,3.6596317341179927,-3.6547653723036686
2012-08-30 18:00:00,287.46073746911185,282.92300464762354,-4.537732821488305,4.880762346324265,4.538396400974861,-4.537732821488292
2012-08-30 21:00:00,288.3722056408577,283.0092345963414,-5.362971044516314,5.696033162920626,5.363012824083083,-5.362971044516289
2012-08-31 00:00:00,288.66102898043687,283.0715367475034,-5.58949223293348,5.8682518024338854,5.589940843544303,-5.589492232933441
2012-08-31 03:00:00,287.9500836698298,283.05223608759326,-4.897847582236523,5.159728472111245,4.904267377011899,-4.897847582236539
2012-08-31 06:00:00,287.1206671972575,283.18113255042897,-3.9395346468285197,4.2538751064902,3.9822824476579157,-3.9395346468284753
2012-08-31 09:00:00,286.476840396592,283.10271639879164,-3.374123997800382,3.6998451760025963,3.4104395640311953,-3.3741239978003796
2012-08-31 12:00:00,285.7260237968547,282.9467863246919,-2.7792374721627766,3.0945394953231715,2.848405085436949,-2.779237472162755
2012-08-31 15:00:00,286.10683893987203,282.8570140742392,-3.2498248656328315,3.5295290887461688,3.269139932548754,-3.2498248656328093
2012-08-31 18:00:00,287.46629048412126,282.91725980269473,-4.5490306814265296,4.865484445802729,4.549264421408288,-4.549030681426505
2012-08-31 21:00:00,288.6403542011645,283.205295767159,-5.435058434005498,5.783527196858302,5.435120754617634,-5.43505843400548
2012-09-01 00:00:00,289.01546602345354,283.16846539608804,-5.847000627365503,6.181713010041569,5.847531084918663,-5.847000627365479
2012-09-01 03:00:00,288.2893371282042,283.2372798689764,-5.052057259227809,5.386097262806121,5.058184441040934,-5.052057259227779
2012-09-01 06:00:00,287.4052930898258,283.3857850159058,-4.019508073920008,4.335047016285632,4.056425061019707,-4.019508073920032
2012-09-01 09:00:00,286.7642566374403,283.21029200314314,-3.553964634297188,3.8688764419915187,3.5899441085573,-3.553964634297185
2012-09-01 12:00:00,285.71937342698897,283.00499556438217,-2.7143778626067956,3.0979930384319494,2.8281796787493003,-2.714377862606801
2012-09-01 15:00:00,285.9370838561504,282.88485110856755,-3.0522327475828774,3.3460511120913936,3.071481438775724,-3.052232747582827
2012-09-01 18:00:00,287.34739782349004,283.092690123983,-4.254707699507037,4.54731623969409,4.256098658041634,-4.254707699507076
2012-09-01 21:00:00,288.545495541196,283.37732141336625,-5.1681741278297295,5.47208019548283,5.168583685780243,-5.168174127829719
2012-09-02 00:00:00,289.0681097100645,283.26106923328103,-5.80704047678347,6.054844945459726,5.807788231132519,-5.8070404767834845
2012-09-02 03:00:00,288.4675981212641,283.26226105227187,-5.205337068992208,5.47327016480494,5.208406755689653,-5.205337068992185
2012-09-02 06:00:00,287.6680441876622,283.1376670429698,-4.530377144692409,4.839264791275219,4.5585459038913125,-4.530377144692428
2012-09-02 09:00:00,287.0820557572843,283.0568319348123,-4.0252238224720145,4.372335776038456,4.073728812056832,-4.025223822471994
2012-09-02 12:00:00,286.1246752885139,282.97485180568367,-3.149823482830243,3.586363703914234,3.2467236275176816,-3.149823482830245
2012-09-02 15:00:00,286.3399061129857,282.9062434789737,-3.4336626340120233,3.8048528178578516,3.452335126720813,-3.433662634012003
2012-09-02 18:00:00,287.41244514748166,283.08853356706953,-4.32391158041213,4.680120733162133,4.324891463048251,-4.323911580412146
2012-09-02 21:00:00,288.42150090870786,283.2419157895708,-5.179585119137073,5.519753777999239,5.179988570797067,-5.179585119137073
2012-09-03 00:00:00,288.88110832596,283.1110031795219,-5.770105146438084,6.064394800284817,5.770906114461649,-5.770105146438056
2012-09-03 03:00:00,288.25917732568104,283.0808960668163,-5.178281258864729,5.459148705034096,5.183604978239827,-5.178281258864696
2012-09-03 06:00:00,287.39884201699846,283.2401358985031,-4.158706118495331,4.529391445168756,4.233707063912879,-4.158706118495311
2012-09-03 09:00:00,286.76803908356226,283.2192115416673,-3.5488275418949797,3.839050965529611,3.618254535271422,-3.548827541895003
2012-09-03 12:00:00,286.16264008379454,283.0606788637223,-3.101961220072269,3.471402330299901,3.2055886369873967,-3.101961220072307
2012-09-03 15:00:00,286.63344343835627,282.8578215287903,-3.7756219095659844,4.083029211962385,3.7864555136800586,-3.775621909566014
2012-09-03 18:00:00,288.00386103817596,283.135946769607,-4.8679142685689385,5.138456906069732,4.8683408449356556,-4.867914268568931
2012-09-03 21:00:00,289.00904427237026,283.62328349675795,-5.385760775612312,5.747336108308681,5.385867003468313,-5.385760775612353
2012-09-04 00:00:00,289.26372196728164,283.55699166470794,-5.706730302573703,6.107318720394255,5.706904116611184,-5.706730302573701
2012-09-04 03:00:00,288.3375245891815,283.21336447861995,-5.124160110561547,5.443114050987483,5.127060578313921,-5.124160110561568
2012-09-04 06:00:00,287.47071945981463,283.3135846791662,-4.157134780648448,4.526449310972904,4.173921666291159,-4.157134780648485
2012-09-04 09:00:00,287.02925384335117,283.01641207175027,-4.012841771600904,4.429216778652305,4.031540030425797,-4.012841771600867
2012-09-04 12:00:00,286.3791630944392,282.91432093813455,-3.4648421563046554,3.843205464415564,3.508008337781981,-3.46484215630467
2012-09-04 15:00:00,286.90907630954626,282.8956594959217,-4.013416813624588,4.260228332932206,4.015941479768478,-4.013416813624626
2012-09-04 18:00:00,288.4061095684424,283.66225389879224,-4.743855669650145,5.011366340113511,4.744549759590047,-4.743855669650109
2012-09-04 21:00:00,289.33542683164296,284.1129593426677,-5.222467488975269,5.613304790529365,5.222592454938426,-5.2224674889752585
2012-09-05 00:00:00,289.6632637031519,283.94949150064355,-5.71377220250838,6.135534129824176,5.713778803031941,-5.713772202508365
2012-09-05 03:00:00,288.8197609441706,283.4456816440869,-5.374079300083679,5.783635505464918,5.3759812663386395,-5.3740793000836895
2012-09-05 06:00:00,287.92589530571246,283.42652968795056,-4.499365617761896,4.957245152832715,4.509593100918266,-4.499365617761848
2012-09-05 09:00:00,287.41436534073637,283.27854164903226,-4.135823691704104,4.63984142555339,4.180837160312053,-4.13582369170408
2012-09-05 12:00:00,286.72337807023865,283.1975407789361,-3.525837291302537,4.032516360555205,3.624027054250931,-3.525837291302559
2012-09-05 15:00:00,287.20047669722237,282.9831197069366,-4.2173569902857935,4.521454275354604,4.219406990962582,-4.217356990285805
2012-09-05 18:00:00,288.56121584155176,283.596571448963,-4.9646443925887525,5.321951803673514,4.96474669657932,-4.964644392588757
2012-09-05 21:00:00,289.5113833491306,283.9546117564983,-5.556771592632288,6.010206135523093,5.5568473010351855,-5.556771592632287
2012-09-06 00:00:00,289.7194876889443,283.7357513010374,-5.983736387906902,6.456484350968091,5.98373638790695,-5.98373638790695
2012-09-06 03:00:00,288.8355172215422,283.259373105715,-5.576144115827219,6.004580559043333,5.578171256538216,-5.57614411582725
2012-09-06 06:00:00,288.1467436339814,283.046821798325,-5.099921835656346,5.561770207730857,5.1051148517651255,-5.09992183565635
2012-09-06 09:00:00,287.9925924898572,283.01634363472294,-4.9762488551342585,5.397723289114083,4.982267225430099,-4.976248855134274
2012-09-06 12:00:00,287.6447847300546,283.0750865733552,-4.569698156699417,4.826992783762774,4.579475254055885,-4.569698156699433
2012-09-06 15:00:00,288.4456090927007,283.0739696224211,-5.371639470279604,5.5322797016571865,5.372787574395048,-5.371639470279612
2012-09-06 18:00:00,289.83576690635203,283.94902818378716,-5.886738722564871,6.110512294172658,5.8871258570346,-5.8867387225648615
2012-09-06 21:00:00,290.80257220318816,284.3644390674072,-6.438133135780959,6.748354175169593,6.4381911042923585,-6.43813313578091
2012-09-07 00:00:00,291.0678013011442,284.26223111254893,-6.805570188595254,7.08732135478294,6.805570188595251,-6.805570188595251
2012-09-07 03:00:00,290.207288859788,283.55952257251266,-6.647766287275317,6.866118620523884,6.6480910478846935,-6.647766287275282
2012-09-07 06:00:00,289.3359907995466,283.38198085240384,-5.954009947142765,6.197432544557232,5.955556681333603,-5.954009947142773
2012-09-07 09:00:00,288.7086421609893,283.2495456712103,-5.459096489779029,5.748053531040324,5.46484869345542,-5.459096489779014
2012-09-07 12:00:00,287.81339485430294,283.2241643335167,-4.589230520786259,4.8715355186771125,4.606285163743743,-4.589230520786215
2012-09-07 15:00:00,288.11192200787747,283.58320832487163,-4.528713683005833,4.768531269923215,4.534545274458905,-4.528713683005818
2012-09-07 18:00:00,289.3604000517116,284.4848392168255,-4.87556083488613,5.287554360463461,4.877168806726254,-4.87556083488612
2012-09-07 21:00:00,290.40816704298777,284.69357236394364,-5.714594679044126,6.264380661002728,5.7147139992009715,-5.71459467904413
2012-09-08 00:00:00,290.6975989476907,284.58625203921,-6.111346908480698,6.607225359983988,6.111346908480652,-6.111346908480652
2012-09-08 03:00:00,289.5701716090831,283.6877464505458,-5.88242515853733,6.188706249508609,5.882468979534126,-5.8824251585373615
2012-09-08 06:00:00,288.8114987985952,283.12851536640886,-5.682983432186347,6.026402369588775,5.68430157271885,-5.682983432186342
2012-09-08 09:00:00,288.2390662334469,282.95257799576444,-5.286488237682477,5.64807621322251,5.288343303546315,-5.286488237682494
2012-09-08 12:00:00,287.5459655005745,283.09375924493287,-4.452206255641613,4.691945025397172,4.456577533189302,-4.452206255641607
2012-09-08 15:00:00,287.9522351127767,283.5196410417337,-4.432594071043013,4.649620468790897,4.432837751183784,-4.4325940710429865
2012-09-08 18:00:00,289.2190744111214,284.50907959578353,-4.709994815337893,5.1779025366404445,4.710477330785645,-4.709994815337855
2012-09-08 21:00:00,290.25340895068433,284.6562854329095,-5.597123517774833,6.244930647886047,5.597207550892175,-5.597123517774846
2012-09-09 00:00:00,290.3128282532396,284.43045722822023,-5.882371025019381,6.502418788466683,5.882396537644173,-5.882371025019358
2012-09-09 03:00:00,289.5864061795474,283.6899641244707,-5.8964420550767045,6.2752764615902725,5.896445258966836,-5.896442055076743
2012-09-09 06:00:00,288.8166740219394,283.3298601176035,-5.486813904335861,5.844859184894895,5.487871295313085,-5.4868139043358255
2012-09-09 09:00:00,288.103793640463,283.0979986267551,-5.005795013707882,5.297039270827855,5.008424674749957,-5.00579501370785
2012-09-09 12:00:00,287.35932004226026,282.7857283869984,-4.5735916552618505,4.792067886334313,4.5798651683052665,-4.573591655261858
2012-09-09 15:00:00,287.6261431531603,282.8590550755997,-4.767088077560572,4.95276973798265,4.771276662875357,-4.7670880775605875
2012-09-09 18:00:00,288.5626250424605,283.2705810459878,-5.292043996472728,5.49198051928798,5.294969247124946,-5.292043996472745
2012-09-09 21:00:00,289.22440305707755,283.3368791373231,-5.8875239197544715,6.047323088866749,5.89191793727208,-5.887523919754456
2012-09-10 00:00:00,288.9954300197686,283.0478423100674,-5.947587709701224,6.096814959059816,5.952781070798148,-5.947587709701207
2012-09-10 03:00:00,287.78993069684236,282.8238506855011,-4.966080011341262,5.134734283630327,4.971516532096883,-4.966080011341291
2012-09-10 06:00:00,286.74847050059293,282.7173047538277,-4.031165746765225,4.266064735299745,4.043931775089387,-4.031165746765223
2012-09-10 09:00:00,285.95212849568406,282.71237193266825,-3.239756563015817,3.545382008627521,3.283884551999328,-3.2397565630158622
2012-09-10 12:00:00,285.5877569799596,282.59461846645814,-2.9931385135014352,3.316765152066617,3.055618301694779,-2.993138513501433
2012-09-10 15:00:00,285.9346273094198,282.71017850878644,-3.224448800633354,3.5197486193495906,3.24990416191263,-3.224448800633343
2012-09-10 18:00:00,286.9071101514934,282.89216351259785,-4.0149466388955375,4.338439743971391,4.020054620671292,-4.014946638895499
2012-09-10 21:00:00,286.8617295153557,282.98155739878,-3.880172116575693,4.219989805526795,3.8879675929096926,-3.880172116575713
2012-09-11 00:00:00,286.49472938067834,282.913301159867,-3.581428220811347,4.004392620968005,3.6301484200136,-3.581428220811313
2012-09-11 03:00:00,285.78868340412953,282.8882348901153,-2.900448514014215,3.3509625011349042,3.0265033393294476,-2.900448514014175
2012-09-11 06:00:00,285.3563827788951,282.6072626498371,-2.749120129058042,3.1236217046517942,2.8547962206954454,-2.7491201290580927
2012-09-11 09:00:00,285.0026828049691,282.33043182524165,-2.672250979727437,3.051664831012821,2.7907061889898928,-2.6722509797273912
2012-09-11 12:00:00,284.3119907854681,281.93719071435976,-2.374800071108325,2.732029086221019,2.4878178783954996,-2.3748000711083606
2012-09-11 15:00:00,284.6199960831544,282.287527082921,-2.3324690002334023,2.7467410838613646,2.5349679404597705,-2.332469000233416
2012-09-11 18:00:00,285.81655104190804,282.6087155059983,-3.2078355359097372,3.546504757695263,3.2928771458923873,-3.2078355359097763
2012-09-11 21:00:00,286.9066726588761,282.69380006513256,-4.212872593743555,4.420751906618013,4.218329268557771,-4.212872593743544
2012-09-12 00:00:00,287.401237639569,282.7377659921754,-4.663471647393578,4.865790449079038,4.670102229938104,-4.6634716473936075
2012-09-12 03:00:00,286.7394201935547,282.87241618938504,-3.867004004169644,4.152054299042235,3.9165398446421693,-3.867004004169641
2012-09-12 06:00:00,286.0633462218462,282.60463443212046,-3.458711789725726,3.7269575336720324,3.4988947002912014,-3.4587117897257653
2012-09-12 09:00:00,285.61607519028166,282.51859034315186,-3.097484847129806,3.4804572386709536,3.1932125015383472,-3.097484847129804
2012-09-12 12:00:00,284.6166473025309,282.2895247867667,-2.327122515764188,2.77894698064611,2.505901150441935,-2.327122515764219
2012-09-12 15:00:00,285.05421342063784,282.36363726428726,-2.6905761563505735,2.9501280712644715,2.7321847687586924,-2.6905761563505326
2012-09-12 18:00:00,286.87156284278325,282.8115413438857,-4.060021498897527,4.193863589321435,4.060437716619569,-4.060021498897502
2012-09-12 21:00:00,288.2279186184797,283.5132205322329,-4.714698086246813,4.892430920768584,4.714914297829927,-4.714698086246849
2012-09-13 00:00:00,288.59016516347424,283.410684934614,-5.179480228860257,5.330450520835758,5.179829278886417,-5.179480228860229
2012-09-13 03:00:00,287.76872239262207,283.0778794835472,-4.690842909074888,4.884067269258006,4.6965136287964775,-4.690842909074847
2012-09-13 06:00:00,287.3627638086253,283.0547793755983,-4.307984433027002,4.557889364862135,4.319625349197021,-4.307984433027009
2012-09-13 09:00:00,287.04502827797495,282.9860212456522,-4.059007032322768,4.334130530489138,4.080022805397683,-4.059007032322763
2012-09-13 12:00:00,286.1394056438288,282.9656002996723,-3.1738053441565057,3.490362141730007,3.2183943160763815,-3.173805344156474
2012-09-13 15:00:00,286.543889576287,282.8911153155552,-3.6527742607317464,3.8218942057678214,3.6609336493320934,-3.6527742607317597
2012-09-13 18:00:00,288.07033450724504,284.0107051162717,-4.059629390973328,4.339949325937216,4.063622903479919,-4.059629390973372
2012-09-13 21:00:00,289.1067695436276,284.39351292968246,-4.713256613945134,5.079327818724001,4.713299408977075,-4.7132566139451155
2012-09-14 00:00:00,289.1141467293106,284.1295441994908,-4.984602529819824,5.275766830181159,4.984606608179913,-4.984602529819817
2012-09-14 03:00:00,288.01358516447453,283.07320170951357,-4.9403834549609655,5.113267205210412,4.941065162825654,-4.940383454960961
2012-09-14 06:00:00,287.4116331237123,283.21097994441897,-4.20065317929334,4.571817615301539,4.221692356065417,-4.2006531792933375
2012-09-14 09:00:00,286.9129884400945,283.0944403828171,-3.8185480572774395,4.294665697861681,3.871071842501515,-3.818548057277443
2012-09-14 12:00:00,286.2685751576728,283.02980133319505,-3.2387738244777324,3.7975791492679787,3.3787104853405108,-3.2387738244777253
2012-09-14 15:00:00,286.8293974461,282.86308393626865,-3.966313509831366,4.183763926057951,3.9702169729269605,-3.966313509831359
2012-09-14 18:00:00,288.23104705178696,283.7794926891578,-4.451554362629167,4.688768803854173,4.451562709092827,-4.451554362629144
2012-09-14 21:00:00,289.0846507815146,284.1572506246746,-4.927400156840008,5.228434123010301,4.92740015684002,-4.92740015684002
2012-09-15 00:00:00,289.2550036562296,283.8696857962984,-5.385317859931149,5.640601623153144,5.385317859931133,-5.385317859931133
2012-09-15 03:00:00,288.184232918199,283.10213273243875,-5.0821001857602255,5.271430903600862,5.086595340308446,-5.082100185760227
2012-09-15 06:00:00,287.2842891702443,283.0948365586017,-4.189452611642594,4.4493117190814715,4.207342840686193,-4.1894526116426105
2012-09-15 09:00:00,286.7310238693322,283.0893596472317,-3.6416642221005304,3.972548411508262,3.6812035107447674,-3.641664222100525
2012-09-15 12:00:00,286.1585677996152,282.9249252889879,-3.2336425106273055,3.5935289800444137,3.295830044346159,-3.2336425106273152
2012-09-15 15:00:00,286.60144499553087,282.7421964558178,-3.8592485397130645,4.038487632781305,3.8626353357824414,-3.859248539713094
2012-09-15 18:00:00,287.82718974120814,283.543654442478,-4.283535298730158,4.477898898944055,4.287430410112211,-4.283535298730112
2012-09-15 21:00:00,288.6878980668447,283.9786684401328,-4.709229626711874,4.966770415256697,4.7107161747173425,-4.709229626711886
2012-09-16 00:00:00,288.86047561649445,283.73161251363933,-5.128863102855121,5.374632601697587,5.129484137051163,-5.12886310285512
2012-09-16 03:00:00,287.87084824667176,283.0504831783501,-4.820365068321678,5.046962859446574,4.824935082301937,-4.8203650683216965
2012-09-16 06:00:00,287.1066343341408,283.0583698005574,-4.048264533583392,4.359003259413352,4.060918087515926,-4.04826453358344
2012-09-16 09:00:00,286.803001195972,282.9782988003129,-3.8247023956590738,4.166930297996012,3.8478628206638,-3.824702395659019
2012-09-16 12:00:00,286.2829427605565,282.90802679742376,-3.3749159631327643,3.712949767524629,3.4205043080202175,-3.3749159631328007
2012-09-16 15:00:00,287.0203054236927,282.9986291014023,-4.021676322290432,4.220809015573404,4.025551084620593,-4.02167632229044
2012-09-16 18:00:00,288.65359010487003,284.02308648691616,-4.630503617953877,4.880506538530759,4.632610315935722,-4.63050361795389
2012-09-16 21:00:00,289.72365088725496,284.40588357082,-5.317767316434981,5.629020951842465,5.31816160040946,-5.317767316434977
2012-09-17 00:00:00,289.96122841352053,284.18670243048484,-5.774525983035687,6.026078522212887,5.774525983035678,-5.774525983035678
2012-09-17 03:00:00,288.9993806457463,283.4012314729056,-5.598149172840749,5.80421195705525,5.599160237157225,-5.598149172840775
2012-09-17 06:00:00,288.27595394830075,283.20815385236523,-5.0678000959355245,5.360842952001484,5.070925921957174,-5.067800095935509
2012-09-17 09:00:00,287.93104998463633,283.1090868238856,-4.821963160750727,5.158101764889252,4.836143678802243,-4.821963160750734
2012-09-17 12:00:00,287.16724749261704,283.16704479819526,-4.000202694421773,4.357833995851913,4.0639121764317,-4.000202694421771
2012-09-17 15:00:00,287.5882414824642,283.316597423692,-4.27164405877221,4.477061304223624,4.277783960899005,-4.271644058772208
2012-09-17 18:00:00,289.03296982750305,284.3402342402296,-4.692735587273432,5.032548195421045,4.695237514947287,-4.692735587273414
2012-09-17 21:00:00,289.9862125295904,284.63127024990536,-5.3549422796850195,5.79759796615431,5.355047009842375,-5.354942279685038
2012-09-18 00:00:00,290.07581522848443,284.42078924724564,-5.6550259812387935,6.075064939888184,5.655025981238739,-5.655025981238739
2012-09-18 03:00:00,289.19413089603376,283.4292165701548,-5.764914325878976,6.022976203144113,5.76496079728481,-5.764914325878965
2012-09-18 06:00:00,288.51405169759556,283.20126533229404,-5.31278636530152,5.60110208985285,5.3154296788752955,-5.312786365301525
2012-09-18 09:00:00,288.01224698762934,283.1175123618559,-4.894734625773424,5.266072811107635,4.901001239053495,-4.894734625773397
2012-09-18 12:00:00,287.16052300354386,283.0847412359116,-4.075781767632236,4.4734303149839185,4.106354854353076,-4.075781767632243
2012-09-18 15:00:00,287.429552443508,283.1461145521864,-4.283437891321569,4.475745087838179,4.284196398801735,-4.283437891321576
2012-09-18 18:00:00,288.6140452330423,284.3345367768004,-4.279508456241899,4.6221489353758765,4.280852890872431,-4.279508456241917
2012-09-18 21:00:00,289.1998708683797,284.614801975833,-4.585068892546701,5.082673682710813,4.585304619960317,-4.58506889254671
2012-09-19 00:00:00,289.10140182888665,284.27900860701374,-4.822393221872915,5.267607303711239,4.822434572454426,-4.822393221872917
2012-09-19 03:00:00,288.31072472764896,283.27426108162285,-5.036463646026107,5.312253334361519,5.037045724308474,-5.036463646026086
2012-09-19 06:00:00,287.7562336279116,283.143453532095,-4.612780095816618,5.038095205502438,4.621982268145273,-4.612780095816593
2012-09-19 09:00:00,287.3684514886401,283.1796949776185,-4.188756511021609,4.677077597708577,4.2233102984385225,-4.188756511021646
2012-09-19 12:00:00,286.54641890352093,283.2511331256293,-3.2952857778916496,3.719701563002866,3.3417354254829643,-3.2952857778916753
2012-09-19 15:00:00,286.72002057041436,282.83030940506615,-3.889711165348217,4.120368703366335,3.8909471147001775,-3.8897111653481837
2012-09-19 18:00:00,287.8845200324248,284.20426203262025,-3.680257999804553,4.113025797738481,3.6823954167326245,-3.680257999804575
2012-09-19 21:00:00,288.73710045038115,284.52266229396764,-4.214438156413507,4.7660151389963605,4.215883746073975,-4.2144381564134825
2012-09-20 00:00:00,288.8956056207698,284.2847008648715,-4.610904755898275,5.058007833636253,4.610969185438063,-4.610904755898254
2012-09-20 03:00:00,288.03625769409103,283.2825828850267,-4.753674809064307,4.971462432430564,4.754285841603489,-4.75367480906435
2012-09-20 06:00:00,287.55829235521406,283.1060162687179,-4.45227608649617,4.727818210069155,4.458362681201584,-4.452276086496129
2012-09-20 09:00:00,287.26649302284835,282.9830500879498,-4.283442934898574,4.619769719300923,4.3071037382383635,-4.283442934898561
2012-09-20 12:00:00,286.5897648530815,282.7599877096316,-3.82977714344986,4.135018367782791,3.8719658827073595,-3.829777143449871
2012-09-20 15:00:00,286.9095288361478,283.0518727603068,-3.857656075840964,4.174305516578604,3.871877361743983,-3.8576560758409744
2012-09-20 18:00:00,288.09229489991577,284.41305265964155,-3.6792422402742204,4.153890504950051,3.6822903487118777,-3.67924224027419
2012-09-20 21:00:00,288.8485614344485,284.69491928998866,-4.153642144459866,4.715780034354893,4.154237187547518,-4.153642144459877
2012-09-21 00:00:00,288.82993745682546,284.4050006591074,-4.42493679771809,4.920729337781773,4.4251558884524025,-4.424936797718091
2012-09-21 03:00:00,287.90528473398746,283.3380743128238,-4.567210421163679,4.9616678092499304,4.568988865905944,-4.567210421163712
2012-09-21 06:00:00,287.3336535568484,283.19362105377337,-4.14003250307502,4.605161055339015,4.14666791395388,-4.140032503075014
2012-09-21 09:00:00,286.8823783500181,283.11892025593454,-3.7634580940835463,4.24457220137325,3.7766267393463333,-3.7634580940835405
2012-09-21 12:00:00,286.10812668019736,282.76207995748416,-3.346046722713197,3.6778342338177326,3.3581419282992915,-3.3460467227132242
2012-09-21 15:00:00,286.1311434206311,282.88804299344815,-3.243100427182924,3.466259322263578,3.25087119636448,-3.243100427182946
2012-09-21 18:00:00,286.95285769041976,283.7934547745774,-3.1594029158423496,3.4292510243702963,3.165598989542263,-3.159402915842375
2012-09-21 21:00:00,287.6682674553782,284.0927405140044,-3.5755269413738233,3.8853239867889537,3.5779957449339657,-3.575526941373803
2012-09-22 00:00:00,287.9387064397393,283.7621646055804,-4.176541834158911,4.388864630550447,4.177093495734722,-4.176541834158921
2012-09-22 03:00:00,287.2956008904571,283.1401962389582,-4.155404651498884,4.328143399671035,4.159694752581207,-4.155404651498835
2012-09-22 06:00:00,286.7666357512022,283.0316047445808,-3.735031006621398,3.994702807863093,3.7459829019275324,-3.735031006621349
2012-09-22 09:00:00,286.5011812942269,283.02566896670174,-3.4755123275251663,3.814612773765803,3.4916904058023195,-3.4755123275251165
2012-09-22 12:00:00,285.8053073582364,282.9415473565345,-2.8637600017019054,3.336107403155489,2.9565232215524078,-2.863760001701902
2012-09-22 15:00:00,285.78522262047323,282.68319186916113,-3.1020307513120997,3.3446694418249145,3.110597137450797,-3.102030751312107
2012-09-22 18:00:00,286.4429978225277,283.4245795017248,-3.01841832080288,3.1966395001383994,3.0479348055194313,-3.0184183208029234
2012-09-22 21:00:00,287.0554160242587,283.90473800761737,-3.1506780166413364,3.342396040570697,3.171972921140913,-3.1506780166413173
2012-09-23 00:00:00,287.29716217602373,283.64384859904266,-3.653313576981077,3.809724583991806,3.669314343340766,-3.653313576981055
2012-09-23 03:00:00,286.7554068855222,283.0993167616628,-3.6560901238593715,3.868946534232935,3.669189961982544,-3.656090123859391
2012-09-23 06:00:00,286.24500847197936,282.9550291426803,-3.289979329299058,3.604283068287441,3.3308942575033904,-3.2899793292990878
2012-09-23 09:00:00,285.90008770626633,282.88472442703824,-3.0153632792280973,3.549670902748253,3.221569770520592,-3.0153632792280693
2012-09-23 12:00:00,285.0324405815333,282.58483393873155,-2.447606642801759,2.992628820187868,2.678592638058144,-2.447606642801725
2012-09-23 15:00:00,285.2496324743576,282.6792359712392,-2.5703965031183884,2.84191733424759,2.5883586441950697,-2.570396503118357
2012-09-23 18:00:00,286.4407501653813,283.857432195396,-2.5833179699853304,2.854323904989769,2.608827283663861,-2.5833179699853575
2012-09-23 21:00:00,287.36850172791674,284.30682418870305,-3.06167753921369,3.3861312995772788,3.0830303454770287,-3.061677539213695
2012-09-24 00:00:00,287.56806188720503,284.00902498153204,-3.559036905672997,3.8085576246226385,3.5643077938604395,-3.5590369056729876
2012-09-24 03:00:00,286.9449660943831,283.3134990909772,-3.6314670034059304,3.8809098571435263,3.6424981792424593,-3.6314670034059153
2012-09-24 06:00:00,286.4574168488974,283.24646654046177,-3.210950308435656,3.6474736306394115,3.283934783776177,-3.2109503084356192
2012-09-24 09:00:00,286.0254335595272,283.10187202225717,-2.923561537270018,3.5391828076251057,3.0990976829280847,-2.9235615372700257
2012-09-24 12:00:00,285.2665713599111,283.0964059607649,-2.1701653991461853,2.854931814684831,2.4385153316700623,-2.1701653991461476
2012-09-24 15:00:00,285.48023444266266,282.888757462439,-2.5914769802236606,2.94076402788295,2.618764145414756,-2.5914769802236703
2012-09-24 18:00:00,286.5007333582179,283.17701076082284,-3.323722597395033,3.6134710197291593,3.325645881668675,-3.323722597395019
2012-09-24 21:00:00,287.3101207752419,283.31135900414074,-3.998761771101158,4.294474516023487,3.999889294422644,-3.9987617711012042
2012-09-25 00:00:00,287.44088255233993,283.00895597452427,-4.431926577815659,4.7162729051517465,4.435557477011309,-4.431926577815674
2012-09-25 03:00:00,286.63981095092515,282.833344741067,-3.806466209858172,4.079199307431207,3.8239157907677135,-3.806466209858137
2012-09-25 06:00:00,285.86124078299616,282.73990400383303,-3.12133677916313,3.418896121390012,3.1686671177931913,-3.1213367791631277
2012-09-25 09:00:00,285.3247570924077,282.57423519768577,-2.750521894721942,3.1880915279326825,2.9071238261492676,-2.7505218947219237
2012-09-25 12:00:00,284.9695280548096,282.40369592811487,-2.5658321266947155,3.1041400018894314,2.8332622802707377,-2.5658321266947257
2012-09-25 15:00:00,285.28869523272374,282.24375877222406,-3.0449364604996845,3.307377343286647,3.0621015049199753,-3.044936460499659
2012-09-25 18:00:00,286.25663635022164,282.7584236581598,-3.498212692061827,3.6908852028146266,3.50229135814725,-3.4982126920618115
2012-09-25 21:00:00,286.9014249602682,283.3201596777424,-3.5812652825257487,3.8488457465362558,3.58405081972068,-3.5812652825257483
2012-09-26 00:00:00,287.01197020587404,283.0097288537614,-4.002241352112662,4.256723823306715,4.005560505752411,-4.002241352112657
2012-09-26 03:00:00,286.31183860406355,282.86604492019507,-3.4457936838684873,3.8255641755103222,3.4709842187323607,-3.4457936838684686
2012-09-26 06:00:00,285.68615755655117,283.0061348892988,-2.6800226672523877,3.3039573254565973,2.9073064137607822,-2.6800226672524228
2012-09-26 09:00:00,285.2329894967783,282.83920451730324,-2.393784979475072,2.948886945663543,2.5588418688635306,-2.3937849794750643
2012-09-26 12:00:00,284.6406858146638,282.60516374821276,-2.035522066451051,2.595359157059165,2.234270824073651,-2.0355220664510325
2012-09-26 15:00:00,284.9527042250593,282.5295290872842,-2.423175137775104,2.822981345460328,2.447836733783684,-2.4231751377750737
2012-09-26 18:00:00,286.1124217828582,283.038591651527,-3.073830131331192,3.3430424992031726,3.075603396751078,-3.073830131331175
2012-09-26 21:00:00,287.0290915965419,283.6417228832132,-3.3873687133286694,3.6782897932867398,3.3901229638468484,-3.387368713328658
2012-09-27 00:00:00,287.1567143889446,283.31067068412784,-3.8460437048167364,4.1019648441711665,3.8484766176081098,-3.84604370481675
2012-09-27 03:00:00,286.37748121563436,282.77573053508974,-3.601750680544626,3.9147502745936356,3.6150185894023092,-3.6017506805446544
2012-09-27 06:00:00,285.9489853722558,282.9899221494606,-2.95906322279518,3.607808534973056,3.0939893887880072,-2.9590632227952054
2012-09-27 09:00:00,285.77185527177676,282.89913511369406,-2.8727201580827,3.522932531034628,3.036444039448671,-2.8727201580826973
2012-09-27 12:00:00,284.92016341508923,282.8550341744077,-2.0651292406815287,2.766875293505851,2.3166522449363898,-2.065129240681528
2012-09-27 15:00:00,285.1248351939035,282.7458196314034,-2.379015562500115,2.8886689771731824,2.4406524366088145,-2.379015562500144
2012-09-27 18:00:00,286.4209372194196,283.63378557699457,-2.7871516424250444,3.154099189955869,2.7978533838125217,-2.787151642425058
2012-09-27 21:00:00,287.15609025960475,284.11519958219355,-3.0408906774111983,3.544527210637729,3.06196778188221,-3.040890677411202
2012-09-28 00:00:00,287.1286522655877,283.69815954783485,-3.430492717752827,3.807216060507049,3.4325309903319075,-3.43049271775281
2012-09-28 03:00:00,286.4538183737145,283.1153285777685,-3.338489795946032,3.723651837435008,3.348784672540593,-3.33848979594604
2012-09-28 06:00:00,286.230080223203,283.2946591916361,-2.935421031566932,3.543744364406568,3.009033112378113,-2.9354210315669333
2012-09-28 09:00:00,286.31221134615197,283.18096133280244,-3.131250013349529,3.7090388624711315,3.219013543959388,-3.131250013349542
2012-09-28 12:00:00,286.1277162095731,283.0864749263141,-3.041241283259012,3.571612185666935,3.1013325668876255,-3.041241283259019
2012-09-28 15:00:00,286.30920249961747,283.122332322012,-3.1868701776054422,3.662771683144634,3.198314572766896,-3.1868701776054276
2012-09-28 18:00:00,287.0274410040388,283.07962157028663,-3.9478194337521586,4.232967341725217,3.9478774870106856,-3.9478194337521444
2012-09-28 21:00:00,287.55245430723244,283.2371930590793,-4.315261248153149,4.52493919152883,4.315289939918901,-4.315261248153143
2012-09-29 00:00:00,287.36509536051875,283.0645226194911,-4.300572741027679,4.508168440577607,4.301354421962909,-4.3005727410276915
2012-09-29 03:00:00,286.5445579788581,282.8396185923488,-3.704939386509295,3.928416874593892,3.710066473129706,-3.704939386509285
2012-09-29 06:00:00,286.05101652405415,282.70371188861736,-3.3473046354367852,3.5785677205925204,3.3709232684731982,-3.347304635436786
2012-09-29 09:00:00,285.6736568833743,282.39504253521085,-3.278614348163444,3.5051633659200374,3.2915169183036346,-3.2786143481634005
2012-09-29 12:00:00,285.36501095578916,282.21920180550126,-3.145809150287903,3.3330988904080425,3.154410613473315,-3.1458091502879086
2012-09-29 15:00:00,285.4791007301786,282.1944910865528,-3.2846096436257994,3.4884589213955506,3.299895360514553,-3.2846096436257852
2012-09-29 18:00:00,286.403349229258,282.613382171038,-3.789967058220043,4.052452947944371,3.7907421108826282,-3.789967058220035
2012-09-29 21:00:00,287.1284889688144,282.9298882373639,-4.198600731450483,4.485679458580402,4.198824001791443,-4.198600731450508
2012-09-30 00:00:00,287.1523596772036,282.73071176716354,-4.421647910040065,4.666104197773532,4.424297907384585,-4.421647910040094
2012-09-30 03:00:00,286.35340548752816,282.8570164029093,-3.4963890846188406,3.8833202161738707,3.547368253579429,-3.496389084618841
2012-09-30 06:00:00,285.7981624733345,282.7807189570919,-3.017443516242622,3.4535855417774664,3.1258732419193094,-3.017443516242619
2012-09-30 09:00:00,285.3968052736169,282.50993379548106,-2.886871478135845,3.3273176307010504,2.975033929811072,-2.8868714781358142
2012-09-30 12:00:00,284.55760744645914,282.2140237360048,-2.343583710454368,2.716730842779538,2.4162056369818288,-2.3435837104543964
2012-09-30 15:00:00,284.61108918019676,282.5762333878899,-2.034855792306871,2.6480061041424214,2.3566648982173315,-2.034855792306901
2012-09-30 18:00:00,285.88566472490726,282.743459625486,-3.1422050994212327,3.372317547492609,3.145103740986269,-3.1422050994212696
2012-09-30 21:00:00,286.77338107306065,283.08217682675615,-3.691204246304494,3.976233475720355,3.6928250164556355,-3.691204246304535
2012-10-01 00:00:00,286.91567368285496,282.88025925758643,-4.035414425268527,4.301791604286977,4.038849502431669,-4.035414425268556
2012-10-01 03:00:00,286.3170421610607,282.8906911889795,-3.426350972081252,3.7649745797349565,3.4505563002416766,-3.426350972081254
2012-10-01 06:00:00,285.902120189044,282.8318538015872,-3.0702663874567975,3.5976817880065464,3.222157194994583,-3.0702663874568445
2012-10-01 09:00:00,285.6351385868309,282.5229928646278,-3.112145722203138,3.524247113785653,3.1891124799354884,-3.1121457222031457
2012-10-01 12:00:00,285.13314000439027,282.43916559686335,-2.693974407526923,3.1376684170396163,2.7730681657946405,-2.693974407526924
2012-10-01 15:00:00,285.38926580737575,283.0142473992572,-2.3750184081185353,2.935898941648425,2.484612130615471,-2.3750184081185277
2012-10-01 18:00:00,286.4324223378091,283.30002560854655,-3.1323967292625525,3.623475011435316,3.1328041760355454,-3.132396729262599
2012-10-01 21:00:00,287.44671085215595,283.37536690541367,-4.0713439467422745,4.484807685805251,4.071431698232024,-4.0713439467422505
2012-10-02 00:00:00,287.6933359139298,283.0851449361881,-4.608190977741685,4.914781446961961,4.609514992822686,-4.6081909777417
2012-10-02 03:00:00,286.53164810471844,282.551067426308,-3.9805806784104334,4.23326767334656,3.9886538139695658,-3.9805806784104076
2012-10-02 06:00:00,285.4548686598105,281.8584959622795,-3.596372697530967,3.7997378747859254,3.6085274120756563,-3.5963726975309838
2012-10-02 09:00:00,284.67765853685154,281.5077645365203,-3.169894000331226,3.4439164800417705,3.2398136525574626,-3.1698940003312126
2012-10-02 12:00:00,283.9746721463467,281.12619284458066,-2.8484793017660195,3.068567280308808,2.884879735835542,-2.8484793017660324
2012-10-02 15:00:00,284.0170252664653,281.18614604857095,-2.830879217894335,2.990628978260345,2.8419911397109434,-2.830879217894309
2012-10-02 18:00:00,285.1465966176496,281.8512124180092,-3.2953841996404094,3.5719442424413366,3.3287358555452116,-3.2953841996404156
2012-10-02 21:00:00,286.07557204145166,282.17278176201944,-3.9027902794322245,4.182249210742388,3.9136714709138616,-3.902790279432254
2012-10-03 00:00:00,286.10465955438366,282.3286112919432,-3.7760482624404403,4.067844775876902,3.788878078326401,-3.7760482624404053
2012-10-03 03:00:00,285.38913973482556,282.5506222044559,-2.838517530369643,3.2293790634506045,2.9000262218754846,-2.8385175303696384
2012-10-03 06:00:00,285.11863954206416,281.91325629828094,-3.205383243783217,3.4357199105721206,3.245273373392199,-3.205383243783205
2012-10-03 09:00:00,284.83760038083153,281.2787589105793,-3.5588414702522186,3.7771675682318175,3.5717145754032056,-3.5588414702522044
2012-10-03 12:00:00,283.4636341757432,280.85427315113884,-2.609361024604368,2.943523543955783,2.668773934003968,-2.609361024604412
2012-10-03 15:00:00,283.3452901347922,281.1289372625611,-2.2163528722310843,2.5293468057798,2.2821400019693723,-2.216352872231071
2012-10-03 18:00:00,284.95641158563194,281.89314987688664,-3.0632617087453013,3.2236591277814113,3.0722197824475828,-3.063261708745343
2012-10-03 21:00:00,286.0396687788272,282.28085088694115,-3.7588178918860535,3.925596542959533,3.7626319048001378,-3.7588178918860367
2012-10-05 00:00:00,286.05464102296935,282.4127259348495,-3.6419150881198448,3.8303498727796166,3.65027475134993,-3.6419150881198172
2012-10-05 03:00:00,285.192652345004,282.2958736122266,-2.8967787327773635,3.191506877445982,2.9285913889759927,-2.8967787327773507
2012-10-05 06:00:00,284.5895183102889,281.8350454626005,-2.754472847688419,3.0237010863953584,2.8556163640612473,-2.754472847688433
2012-10-05 09:00:00,284.128496298688,281.4129573060376,-2.7155389926504085,2.9883826399488416,2.7841471678655534,-2.715538992650396
2012-10-05 12:00:00,283.81342149638897,281.08549207527983,-2.7279294211091383,2.961204251789242,2.753639751891951,-2.7279294211091383
2012-10-05 15:00:00,284.1157508365333,281.41365411800916,-2.7020967185241602,2.8996407304849865,2.7409197307395567,-2.7020967185241678
2012-10-05 18:00:00,285.5150815780165,282.2150636897052,-3.300017888311345,3.512637987135916,3.302409342524914,-3.3000178883113596
2012-10-05 21:00:00,286.16848955425934,282.8332451872321,-3.335244367027258,3.6453549089025286,3.340357274634051,-3.3352443670272334
2012-10-06 00:00:00,286.09316910817694,282.5788575328712,-3.514311575305726,3.715341165164175,3.517915475427531,-3.5143115753057206
2012-10-06 03:00:00,285.23420675864634,282.3917636285655,-2.8424431300808237,3.1086139399524746,2.8729040401498067,-2.842443130080866
2012-10-06 06:00:00,284.9070337302399,281.89433272431023,-3.012701005929671,3.19941687926653,3.0386219917361954,-3.0127010059296926
2012-10-06 09:00:00,284.52787134490137,281.6136424301101,-2.9142289147912948,3.1696199137319048,2.948758163799949,-2.914228914791307
2012-10-06 12:00:00,284.2356068297433,281.405813054489,-2.829793775254302,3.1051359631631015,2.8770843434986806,-2.8297937752543336
2012-10-06 15:00:00,284.5217900798881,281.6757381261043,-2.8460519537837854,3.0362490293904103,2.8633027517624035,-2.8460519537837774
2012-10-06 18:00:00,285.8987563148134,282.71045160779306,-3.188304707020336,3.519128091889291,3.1989070003192612,-3.1883047070203303
2012-10-06 21:00:00,286.6650798629754,283.44545062238683,-3.2196292405885742,3.7628677566930415,3.2351553542307285,-3.2196292405885307
2012-10-07 00:00:00,286.5896788220327,283.0204077318082,-3.569271090224504,3.9193134957172626,3.570378976969574,-3.569271090224521
2012-10-07 03:00:00,285.8113830490659,282.5514293702669,-3.259953678799036,3.6092276031302455,3.2860201843635957,-3.2599536787990027
2012-10-07 06:00:00,285.19635672742885,282.5283196393981,-2.668037088030758,3.0941340283778684,2.7169764934633682,-2.668037088030732
2012-10-07 09:00:00,284.6575380856885,282.41730609935655,-2.240231986331935,2.815909792618645,2.416639380852679,-2.2402319863319407
2012-10-07 12:00:00,284.30679112796213,282.1275426242778,-2.1792485036843345,2.75529522239013,2.38768237056896,-2.1792485036843297
2012-10-07 15:00:00,284.551754052504,282.1496314110441,-2.4021226414599255,2.7377803250881674,2.4576010350790924,-2.4021226414599073
2012-10-07 18:00:00,285.8760980242084,283.43198214603444,-2.444115878173932,2.970057326985533,2.5089615892066437,-2.444115878173915
2012-10-07 21:00:00,286.5037205724945,284.06889268133045,-2.4348278911640477,3.191555996061989,2.553285735836118,-2.4348278911640215
2012-10-08 00:00:00,286.2756016962594,283.4478805364061,-2.827721159853297,3.3551492878799873,2.8436548950124814,-2.8277211598533323
2012-10-08 03:00:00,285.35636075177575,282.2125649295477,-3.1437958222280713,3.5055829573953665,3.151364554340328,-3.1437958222281144
2012-10-08 06:00:00,284.8677637067338,282.64219295508786,-2.2255707516459324,3.048356193431925,2.564125478864573,-2.2255707516459355
2012-10-08 09:00:00,284.45842905129985,282.0931235974881,-2.365305453811743,3.0100410023551185,2.5428135285747158,-2.3653054538117124
2012-10-08 12:00:00,284.21093664127943,282.1044110496583,-2.106525591621107,2.7604296247698183,2.2425872284127166,-2.106525591621105
2012-10-08 15:00:00,284.47504955665,281.9665080254087,-2.508541531241292,2.852902324433669,2.553676351686432,-2.5085415312413124
2012-10-08 18:00:00,285.59767971707,283.18808126606024,-2.4095984510097423,2.9807376261599416,2.437046394935468,-2.4095984510097366
2012-10-08 21:00:00,286.15878915752177,283.78376616556045,-2.375022991961316,3.1892083120639643,2.4380071476028085,-2.3750229919612837
2012-10-09 00:00:00,286.0417904871691,283.09407029976245,-2.9477201874066736,3.4653808705928464,2.954360920102997,-2.9477201874066914
2012-10-09 03:00:00,285.21925193453166,282.553654268319,-2.6655976662126477,3.2205143621872776,2.7159222823770253,-2.6655976662126584
2012-10-09 06:00:00,284.6208887096587,282.70833602974085,-1.9125526799178374,2.753417881974501,2.2588244759101785,-1.912552679917868
2012-10-09 09:00:00,284.01666465408573,282.1792486075558,-1.8374160465299383,2.6020293896717486,2.1745849292885855,-1.8374160465299398
2012-10-09 12:00:00,283.56601248913256,281.7368471379458,-1.8291653511867594,2.4818176679684587,2.1126552348498238,-1.829165351186793
2012-10-09 15:00:00,283.63903996499806,281.92494813920405,-1.7140918257940143,2.2243540653432,1.897659508188231,-1.7140918257940079
2012-10-09 18:00:00,284.6918784308023,282.78911773148036,-1.9027606993219592,2.4628197109235512,1.9746553907964741,-1.9027606993219706
2012-10-09 21:00:00,285.34549396729994,283.3938263083073,-1.9516676589926192,2.632772762178751,2.0210840477328267,-1.9516676589926258
2012-10-10 00:00:00,285.1728588455002,282.9230580574164,-2.2498007880837463,2.7535501933737536,2.264436623016084,-2.2498007880837654
2012-10-10 03:00:00,284.2666844196577,282.60812526987075,-1.6585591497869245,2.394737052187849,1.8997859882414594,-1.6585591497869256
2012-10-10 06:00:00,283.5913077834028,282.25176859983,-1.3395391835728105,2.129734815417714,1.777506666536311,-1.3395391835728467
2012-10-10 09:00:00,283.19477865593797,281.70214093250746,-1.492637723430505,1.9577902617181246,1.6544961315397038,-1.4926377234305355
2012-10-10 12:00:00,282.9412711271353,281.4821919077638,-1.4590792193714606,1.8674617193257839,1.589086892838228,-1.4590792193714588
2012-10-10 15:00:00,282.9574868953695,282.00796064279314,-0.9495262525763906,1.653854158838098,1.395125798479609,-0.9495262525764316
2012-10-10 18:00:00,283.7569453047483,282.6768161387492,-1.0801291659990966,1.7647433028381014,1.3356990036813776,-1.0801291659990895
2012-10-10 21:00:00,284.45065801512743,283.3028761775106,-1.147781837616833,2.044954786617464,1.601833618324557,-1.1477818376168425
2012-10-11 00:00:00,284.3987544631269,282.79501791370546,-1.6037365494214555,2.264277656828575,1.844364842408446,-1.6037365494214086
2012-10-11 03:00:00,283.53118643968037,282.3653398705061,-1.1658465691742776,2.0954859857275583,1.651651134884469,-1.165846569174291
2012-10-11 06:00:00,282.8074076465631,282.1889205221454,-0.6184871244176975,2.0090477428961093,1.576259063259094,-0.6184871244176839
2012-10-11 09:00:00,282.48299955205835,282.14028876365927,-0.3427107883990743,1.8326563934502291,1.4157836999559568,-0.34271078839911473
2012-10-11 12:00:00,282.4003242102783,281.66372260228485,-0.7366016079934639,1.719074013719783,1.3913441574550227,-0.7366016079934394
2012-10-11 15:00:00,282.76897013049864,281.53834662255747,-1.230623507941175,1.69803341188033,1.4046969157770013,-1.2306235079411836
2012-10-11 18:00:00,283.61384319747293,282.40498873676637,-1.2088544607065614,1.6752623715815382,1.3810032733137123,-1.2088544607065799
2012-10-11 21:00:00,284.2534946712438,282.9338320400757,-1.3196626311681143,1.7053571090941642,1.3816964336605397,-1.3196626311681003
2012-10-12 00:00:00,284.5116019673811,282.65040835064195,-1.8611936167391718,2.138956197282608,1.8792376115079747,-1.8611936167391714
2012-10-12 03:00:00,284.07437649133885,282.3625731434159,-1.7118033479229666,2.08897795405305,1.7901156014994062,-1.7118033479229529
2012-10-12 06:00:00,283.2510886581547,282.158077950919,-1.0930107072356918,1.7907471097050707,1.4676252474585112,-1.093010707235699
2012-10-12 09:00:00,283.08607149752834,281.77431097891116,-1.3117605186171772,1.7419633604313502,1.4987517218209347,-1.3117605186171692
2012-10-12 12:00:00,283.1281109960304,281.7528494132537,-1.375261582776659,1.7238062472487812,1.5060915205364795,-1.3752615827766643
2012-10-12 15:00:00,283.4082043639575,281.8123624595932,-1.5958419043643062,1.8390293816231547,1.6687193253772623,-1.5958419043643126
2012-10-12 18:00:00,283.8615113054662,282.12166597287046,-1.7398453325957348,2.124851202206447,1.916571526180366,-1.7398453325957106
2012-10-12 21:00:00,284.2484669044663,282.26245893935857,-1.9860079651077172,2.4295193629428278,2.1900630464522544,-1.986007965107765
2012-10-13 00:00:00,284.32953386304536,282.2189595698109,-2.1105742932344356,2.4705674157420927,2.2612038000398433,-2.110574293234445
2012-10-13 03:00:00,284.38179019731905,282.28332322288014,-2.0984669744389066,2.427698277768596,2.2206468956788905,-2.098466974438909
2012-10-13 06:00:00,284.5472655644771,282.37020136573733,-2.1770641987397426,2.481320400107376,2.2944264929935843,-2.1770641987397266
2012-10-13 09:00:00,284.87595624569695,282.43786874622555,-2.4380874994714077,2.7154551601816324,2.5081870540262985,-2.4380874994714183
2012-10-13 12:00:00,284.84291607773184,282.4698875478526,-2.3730285298792637,2.6380503511413145,2.4344405976997363,-2.3730285298793112
2012-10-13 15:00:00,284.9433890949805,282.5401081306307,-2.40328096434979,2.7157323261039004,2.460029392901706,-2.4032809643497988
2012-10-13 18:00:00,285.1917672699906,282.76377364050904,-2.4279936294815343,2.820427364760995,2.509050475407492,-2.4279936294815343
2012-10-13 21:00:00,285.40590565043755,282.94708110770466,-2.4588245427328843,2.8754756491863156,2.5376778622486134,-2.458824542732886
2012-10-14 00:00:00,285.6248374850749,282.7699244015133,-2.8549130835615983,3.131316116320127,2.8968627437704377,-2.8549130835615815
2012-10-14 03:00:00,285.64579248698453,282.83523965643883,-2.810552830545703,3.1146181434914704,2.8569221926411035,-2.810552830545701
2012-10-14 06:00:00,285.7206151560177,282.89737831658425,-2.8232368394334344,3.2059603424097687,2.897562087280158,-2.82323683943346
2012-10-14 09:00:00,286.06883198966244,282.85148765894235,-3.2173443307200955,3.5309723122577914,3.243144879658048,-3.217344330720079
2012-10-14 12:00:00,286.0050077225901,282.94784549648307,-3.057162226107039,3.420439306615169,3.0907901485347447,-3.0571622261069957
2012-10-14 15:00:00,285.9623548486293,283.01613990346175,-2.946214945167526,3.3408954348286475,3.0026645119715814,-2.946214945167521
2012-10-14 18:00:00,285.9870367854401,282.91641183715836,-3.070624948281761,3.4277778783486728,3.1213427444584942,-3.070624948281774
2012-10-14 21:00:00,286.2107221921359,282.7550544024888,-3.455667789647123,3.774382414943187,3.4749924952324434,-3.455667789647144
2012-10-15 00:00:00,286.1442450643173,282.48041268829814,-3.6638323760191724,3.9103196514481904,3.6811906783099713,-3.663832376019173
2012-10-15 03:00:00,285.57248065912347,282.1872485051273,-3.385232153996185,3.557723003291525,3.4129128764366867,-3.3852321539961894
2012-10-15 06:00:00,284.8895224028235,281.9394907069608,-2.9500316958627195,3.1126930768046863,2.9750626609504787,-2.9500316958627053
2012-10-15 09:00:00,284.3858323486571,281.721842758531,-2.663989590126107,2.8499566434551955,2.685981445717486,-2.6639895901261004
2012-10-15 12:00:00,284.04245644444916,281.6967437002791,-2.3457127441700436,2.570268634027581,2.386937108009447,-2.345712744170024
2012-10-15 15:00:00,284.15874936276185,281.7162399576045,-2.4425094051573524,2.593228455654156,2.4649790993569756,-2.4425094051573657
2012-10-15 18:00:00,284.9855590076338,282.0970555352319,-2.888503472401908,3.098596853390785,2.8978257366109315,-2.8885034724018825
2012-10-15 21:00:00,285.1424848473248,282.4459501375015,-2.696534709823311,2.969666263256519,2.7070084320327474,-2.696534709823314
2012-10-16 00:00:00,285.34452549702235,282.9116589430766,-2.4328665539457575,2.841202973848518,2.4795876269760444,-2.4328665539457335
2012-10-16 03:00:00,286.37758746598956,282.8883572840417,-3.489230181947846,3.687863848646288,3.502014619140505,-3.4892301819478386
2012-10-16 06:00:00,285.53456541389306,282.3232125740159,-3.211352839877179,3.405845423205162,3.2469787882646473,-3.211352839877181
2012-10-16 09:00:00,284.4469348334725,281.5972674974608,-2.8496673360116915,3.0660374412539917,2.9367205592379357,-2.8496673360117053
2012-10-16 12:00:00,283.4090433590516,281.02827868592794,-2.3807646731236787,2.610604728089716,2.399770302904529,-2.3807646731236534
2012-10-16 15:00:00,283.0962642355017,280.96060532252,-2.1356589129816825,2.375241349797523,2.1498103837795948,-2.1356589129816492
2012-10-16 18:00:00,283.74129439388713,281.3054233848812,-2.4358710090059503,2.7193001746922674,2.4490273044423483,-2.4358710090059073
2012-10-16 21:00:00,283.9548010121311,281.63998006449884,-2.3148209476322563,2.5592885101412954,2.3765359443109664,-2.3148209476322124
2012-10-17 00:00:00,283.6763418133954,281.49984358799054,-2.1764982254048846,2.4486825479163636,2.2961445145585726,-2.1764982254048757
2012-10-17 03:00:00,283.11251418906323,281.05276502607353,-2.0597491629897036,2.2893972245814003,2.086168212710631,-2.059749162989713
2012-10-17 06:00:00,282.63501145794197,280.6535358524811,-1.9814756054608438,2.2937381675713167,2.035368837707391,-1.9814756054608302
2012-10-17 09:00:00,282.2795918537561,280.5590104473306,-1.720581406425481,2.1303706626589953,1.8422028068249148,-1.720581406425434
2012-10-17 12:00:00,282.0432274633751,280.4614991403585,-1.5817283230165913,2.012611113568631,1.7135141029872112,-1.5817283230166073
2012-10-17 15:00:00,282.19426990039034,280.55075712557755,-1.6435127748127911,1.940746282103241,1.682835818125095,-1.643512774812773
2012-10-17 18:00:00,283.08883407313596,280.99462231135124,-2.0942117617847202,2.3405676857205706,2.1066665305363363,-2.094211761784724
2012-10-17 21:00:00,283.5849915353254,281.3782632753066,-2.2067282600187923,2.4801615670694717,2.253398618288798,-2.2067282600187683
2012-10-18 00:00:00,283.4915187243167,281.2326415315899,-2.2588771927268,2.507352675031544,2.286087871041672,-2.258877192726781
2012-10-18 03:00:00,283.17725647901875,281.01766662346415,-2.1595898555546,2.416546271939738,2.1899533319659,-2.159589855554595
2012-10-18 06:00:00,283.13361161708707,280.89573308527224,-2.237878531814829,2.5778377463836786,2.2869473340586524,-2.2378785318148444
2012-10-18 09:00:00,283.04090506716756,280.91173966130765,-2.129165405859908,2.5140091656359256,2.1898501523803726,-2.129165405859917
2012-10-18 12:00:00,282.7679820461439,280.98777552922326,-1.7802065169206571,2.175478924687342,1.907566229973047,-1.7802065169206436
2012-10-18 15:00:00,282.6660844767631,281.1214817690644,-1.5446027076986866,1.8377668717243294,1.592991867506977,-1.544602707698715
2012-10-18 18:00:00,283.1875570340435,281.58612354686784,-1.6014334871756546,1.9339841658585455,1.6563812867463394,-1.601433487175656
2012-10-18 21:00:00,283.1690270053226,281.8725804240011,-1.2964465813215043,1.5815451435124983,1.3563796203785026,-1.2964465813214743
2012-10-19 00:00:00,283.3117331966794,281.8278524001013,-1.4838807965781484,1.7021727498025923,1.5256696075547824,-1.4838807965781542
2012-10-19 03:00:00,283.41673514019277,281.9097822389551,-1.506952901237696,1.7677913664361902,1.5632310576717976,-1.506952901237676
2012-10-19 06:00:00,284.0175749214849,282.544073927463,-1.4735009940218902,2.1168016225323214,1.9742008362645127,-1.473500994021901
2012-10-19 09:00:00,284.4754200056921,282.448517258939,-2.0269027467531373,2.540778040365739,2.305157554250259,-2.0269027467531755
2012-10-19 12:00:00,283.95803845569884,281.48980574670367,-2.468232708995174,2.645618380262711,2.49420974637886,-2.4682327089951506
2012-10-19 15:00:00,283.14555728980275,281.07572857908184,-2.0698287107209126,2.3808384791737947,2.152654326720976,-2.0698287107209072
2012-10-19 18:00:00,283.33327295802945,281.0208723296206,-2.3124006284088523,2.5431820328616292,2.3333670254275596,-2.312400628408843
2012-10-19 21:00:00,283.34260678159194,281.1076176805331,-2.2349891010588294,2.5791053878953103,2.2818107456391816,-2.2349891010588774
2012-10-20 00:00:00,282.9937264194589,280.88043790933295,-2.1132885101259262,2.4186984270328846,2.139111755535338,-2.1132885101259484
2012-10-20 03:00:00,281.6938477927453,280.6658948176442,-1.0279529751011296,1.61261478156031,1.402218593543367,-1.027952975101142
2012-10-20 06:00:00,281.11479709762534,280.55629741952333,-0.5584996781020095,1.1486505110650154,0.925538244461062,-0.5584996781020424
2012-10-20 09:00:00,281.118660885207,280.4752444850882,-0.6434164001188378,1.196763367804412,0.9450278446398175,-0.6434164001188103
2012-10-20 12:00:00,280.35087595255135,280.36605848985454,0.015182537303189747,1.0887909648962428,0.8727167104509647,0.015182537303240349
2012-10-20 15:00:00,280.3009269913755,280.46250839686195,0.1615814054864586,1.06714858746402,0.8650435271718439,0.16158140548646618
2012-10-20 18:00:00,281.11302974987746,280.62842425540936,-0.48460549446809864,1.0007615298866583,0.7761416113631638,-0.4846054944681178
2012-10-20 21:00:00,281.4469720843196,280.71456724386024,-0.7324048404593668,1.1967769323813098,0.9799161558311904,-0.7324048404593528
2012-10-21 00:00:00,280.8887737845041,280.6090972256538,-0.2796765588503263,0.9948043868694431,0.8204918859713436,-0.2796765588503252
2012-10-21 03:00:00,280.51169511193586,280.45146784259714,-0.06022726933872491,0.8965320386467276,0.7167127260116469,-0.0602272693387526
2012-10-21 06:00:00,280.0127878765747,280.3950524273715,0.3822645507968332,1.0308582542465228,0.8416189766026266,0.38226455079684946
2012-10-21 09:00:00,279.6740273534157,280.39128858923624,0.7172612358205583,1.2511532290716962,1.004756999065904,0.7172612358205664
2012-10-21 12:00:00,279.9204459675215,280.4343825260668,0.5139365585453106,1.1774416584974048,0.9279010631569294,0.5139365585452956
2012-10-21 15:00:00,280.2037036036516,280.50304403720236,0.29934043355075346,1.0025100902726107,0.8111744470967668,0.29934043355076745
2012-10-21 18:00:00,280.8734691153905,280.58743903549134,-0.28603007989914886,1.0281345949683987,0.8293318012268908,-0.28603007989913914
2012-10-21 21:00:00,281.25999675769623,280.5567959097981,-0.7032008478981311,1.327854472485917,1.08016445078868,-0.7032008478981137
2012-10-22 00:00:00,281.21564522125635,280.3331898485054,-0.8824553727509397,1.3709093793067217,1.1465893601485895,-0.8824553727508931
2012-10-22 03:00:00,281.19394988186826,280.24753462119736,-0.9464152606709035,1.356295532587294,1.146941786558954,-0.946415260670898
2012-10-22 06:00:00,280.6737394874156,280.2305144673067,-0.44322502010891185,1.1182113437855234,0.9225960770141741,-0.4432250201089102
2012-10-22 09:00:00,280.35514596744775,280.1690940260235,-0.18605194142423898,1.1495974171975174,0.949936875115436,-0.1860519414242014
2012-10-22 12:00:00,280.51203816629277,280.1640373372382,-0.34800082905456975,1.2778708271940054,1.034621087483215,-0.3480008290545601
2012-10-22 15:00:00,280.8721792773871,280.2541474582256,-0.6180318191615015,1.378622290632537,1.1374772803543747,-0.6180318191614755
2012-10-22 18:00:00,281.758537341135,280.6001940478184,-1.1583432933166478,1.5556093353533547,1.2804233749815446,-1.158343293316666
2012-10-22 21:00:00,282.1579303109836,280.7758105880936,-1.3821197228900246,1.9735833266221803,1.6316658309603347,-1.382119722890026
2012-10-23 00:00:00,281.7606969126781,280.6048442486729,-1.155852664005181,1.9235366788372112,1.5299523693889205,-1.155852664005214
2012-10-23 03:00:00,281.18781803746504,280.3006940621159,-0.8871239753491409,1.495693448732576,1.1725235267529384,-0.8871239753491497
2012-10-23 06:00:00,280.736266004256,280.292780637703,-0.4434853665529772,1.1101932012191842,0.8872646821473437,-0.44348536655298576
2012-10-23 09:00:00,280.42647305101843,280.3071927121862,-0.11928033883225453,0.9952597386460723,0.8045739940187092,-0.1192803388322567
2012-10-23 12:00:00,280.17648903672006,280.35978372322916,0.1832946865091003,1.005190989463695,0.8045105870688212,0.183294686509074
2012-10-23 15:00:00,280.2464682811521,280.37218525130714,0.1257169701550538,0.9459984046595369,0.7974325016254642,0.1257169701550558
2012-10-23 18:00:00,281.0049882018847,280.67922082438383,-0.32576737750088114,1.0172500553447164,0.7897400286330578,-0.3257673775008822
2012-10-23 21:00:00,281.6551771479281,280.82343237572576,-0.8317447722023417,1.3384711196489616,1.0648123278029071,-0.8317447722023343
2012-10-24 00:00:00,281.7005702501381,280.6408109107475,-1.0597593393906095,1.4923364650479458,1.190844219654889,-1.0597593393906215
2012-10-24 03:00:00,281.3332007407568,280.3484685437601,-0.9847321969967311,1.3763136632674409,1.11543016703355,-0.9847321969967142
2012-10-24 06:00:00,281.11130230676065,280.28277805608155,-0.8285242506790951,1.3123245950751223,1.080376297896477,-0.8285242506791047
2012-10-24 09:00:00,280.8476571769682,280.3035446925779,-0.5441124843903253,1.3205336022219778,1.0589911752417245,-0.5441124843903354
2012-10-24 12:00:00,280.5776303184696,280.38425128439394,-0.19337903407563317,1.2061841620026423,0.969495088940469,-0.19337903407561507
2012-10-24 15:00:00,280.38560078322575,280.3977772125255,0.012176429299756819,0.9440440818853018,0.7375748409826549,0.0121764292997693
2012-10-24 18:00:00,280.68633443498356,280.60273009632175,-0.08360433866181438,0.7842112688245888,0.6115247558797743,-0.08360433866176654
2012-10-24 21:00:00,281.2347650942432,280.8001558805777,-0.4346092136655102,1.0153143923758106,0.7961234492811958,-0.4346092136655344
2012-10-25 00:00:00,281.3260394932912,280.68132336488327,-0.6447161284079357,1.14707365252846,0.9676421710029659,-0.6447161284079311
2012-10-25 03:00:00,280.8857276166248,280.4670720544352,-0.4186555621895991,1.1076969079450674,0.9232900724573544,-0.41865556218959465
2012-10-25 06:00:00,280.55395512874827,280.37533161537425,-0.1786235133740206,1.1568979000137396,0.9195620647179319,-0.1786235133739972
2012-10-25 09:00:00,280.1525301542306,280.3284392433452,0.17590908911461156,1.296651066441726,1.008974360893524,0.175909089114607
2012-10-25 12:00:00,279.8652599963711,280.2814794636285,0.416219467257406,1.4045223665202224,1.0762347633426783,0.4162194672573952
2012-10-25 15:00:00,279.9566876800358,280.3284799305745,0.37179225053864684,1.3034649332042805,1.01812927734327,0.3717922505386375
2012-10-25 18:00:00,281.1411416974002,280.6896096772546,-0.4515320201455779,0.9352787408244554,0.686658600863356,-0.4515320201455809
2012-10-25 21:00:00,281.939126370584,280.8015557694309,-1.1375706011531292,1.4763512031897874,1.2014407599011723,-1.137570601153098
2012-10-26 00:00:00,282.0429663444575,280.68912618534034,-1.3538401591171692,1.6025837381194294,1.4075203274226882,-1.3538401591171816
2012-10-26 03:00:00,281.72946326774206,280.47177641205695,-1.2576868556851082,1.6106441220562941,1.3735369655629333,-1.2576868556851026
2012-10-26 06:00:00,281.55935619259515,280.41378232798604,-1.145573864609105,1.4791603310133281,1.2559617138643675,-1.1455738646091485
2012-10-26 09:00:00,281.22392696253445,280.41173972543044,-0.8121872371040126,1.2429965958387452,1.019701086548927,-0.8121872371040184
2012-10-26 12:00:00,281.0723508494515,280.42647082321986,-0.6458800262316231,1.1764197351224897,0.9483386881896403,-0.6458800262315801
2012-10-26 15:00:00,280.82568682613913,280.3784677767914,-0.44721904934772283,1.084793671490511,0.8552393111206713,-0.44721904934773116
2012-10-26 18:00:00,280.6223074753644,280.5030335960605,-0.11927387930387567,0.9518779022114239,0.7353057536964251,-0.11927387930384437
2012-10-26 21:00:00,281.12043141997054,280.7535187172939,-0.3669127026766432,1.0048686980741477,0.7610603250866083,-0.3669127026766474
2012-10-27 00:00:00,281.4611511369214,280.5979096640569,-0.8632414728645017,1.2732679004580796,1.0337617628364877,-0.8632414728645148
2012-10-27 03:00:00,281.4733958866275,280.32622781745596,-1.1471680691715278,1.488159680816233,1.2352007025500997,-1.1471680691715551
2012-10-27 06:00:00,281.73514981192085,280.3561034191033,-1.3790463928175427,1.715406817307499,1.460256576983383,-1.3790463928175407
2012-10-27 09:00:00,281.7752975610675,280.4563793082392,-1.3189182528282686,1.7261163893513018,1.4610801916051073,-1.318918252828255
2012-10-27 12:00:00,281.6912710993862,280.6463681031136,-1.044902996272583,1.3846934205597523,1.1689298514053774,-1.044902996272616
2012-10-27 15:00:00,281.62434265992437,280.6366250827132,-0.9877175772111855,1.3207953591046298,1.1076392059196802,-0.9877175772112313
2012-10-27 18:00:00,281.8821886980239,280.7178990720652,-1.164289625958702,1.509510158840838,1.2813180924141578,-1.164289625958671
2012-10-27 21:00:00,282.3767799720648,280.8432300630859,-1.5335499089788982,1.830480977067708,1.6103644061844102,-1.5335499089789224
2012-10-28 00:00:00,282.51913564832074,281.0473522270042,-1.4717834213165588,1.7864386497309968,1.5512080464841733,-1.471783421316515
2012-10-28 03:00:00,282.7166982721325,281.20505766832673,-1.5116406038057448,1.859336904429208,1.623188106780185,-1.511640603805727
2012-10-28 06:00:00,283.17528572887335,281.4008534202493,-1.774432308624057,2.043326065970865,1.8233378347189177,-1.774432308624085
2012-10-28 09:00:00,283.2876609195798,281.49290732080726,-1.7947535987725587,2.1230079235597428,1.877554016387022,-1.7947535987725478
2012-10-28 12:00:00,283.0326962387632,281.3422619002978,-1.6904343384654226,2.0078404383827646,1.8053085765695893,-1.6904343384654532
2012-10-28 15:00:00,282.95737564043606,281.2132251274002,-1.7441505130358337,2.032359097975967,1.840578980903639,-1.7441505130358008
2012-10-28 18:00:00,283.44548716263336,281.4610416781763,-1.9844454844570691,2.2165796228438843,2.0206945227200928,-1.9844454844571011
2012-10-28 21:00:00,283.6652323604941,281.5880682387821,-2.0771641217119736,2.3028918808499346,2.1070343467937676,-2.0771641217119687
2012-10-29 00:00:00,283.5023549237167,281.4394324594589,-2.062922464257838,2.2570894275652496,2.0974434395502497,-2.062922464257786
2012-10-29 03:00:00,283.077809206083,281.1757063868181,-1.9021028192648828,2.0930815909361336,1.9228150432527562,-1.902102819264888
2012-10-29 06:00:00,282.8941544857995,281.1379203036569,-1.7562341821425775,1.9472923412655243,1.7882123824124336,-1.7562341821426157
2012-10-29 09:00:00,282.71498223087457,280.99916931162096,-1.715812919253608,1.896727631405114,1.7349733234751115,-1.715812919253618
2012-10-29 12:00:00,282.6294620229348,280.9187650880574,-1.710696934877376,1.990983690292591,1.733261396576052,-1.710696934877346
2012-10-29 15:00:00,282.6183563836526,280.970939948876,-1.6474164347766305,1.9049386684675773,1.682497631851237,-1.6474164347766214
2012-10-29 18:00:00,283.01631154857364,281.43653112923613,-1.57978041933751,1.9424794703170936,1.6323920047996674,-1.5797804193374951
2012-10-29 21:00:00,283.6220172450704,281.7517129461141,-1.8703042989563414,2.3252499868772443,1.9243349737380608,-1.8703042989563285
2012-10-30 00:00:00,283.7874497665732,281.76470998188876,-2.022739784684461,2.363362940714352,2.112364287955466,-2.0227397846844264
2012-10-30 03:00:00,283.5427031687355,281.874621326365,-1.6680818423704977,1.9286878445339588,1.7750763122821835,-1.6680818423704793
2012-10-30 06:00:00,283.7217687855686,281.6954942933888,-2.026274492179823,2.18256106814965,2.0531040395690265,-2.0262744921798204
2012-10-30 09:00:00,283.42706873120926,281.6600393852589,-1.7670293459503341,2.0869512608163534,1.8961440078009564,-1.7670293459503166
2012-10-30 12:00:00,283.0488332788232,281.39867613581384,-1.6501571430093804,1.9864880541713166,1.7945514852058515,-1.6501571430093662
2012-10-30 15:00:00,282.7565301092411,281.36165503803556,-1.394875071205547,1.7048761319888242,1.5484828668437358,-1.3948750712055573
2012-10-30 18:00:00,283.01427501480987,281.54547685558697,-1.4687981592228994,1.716878208903467,1.5471978995482538,-1.468798159222946
2012-10-30 21:00:00,283.22691429718196,281.6886643264339,-1.5382499707480406,1.7603550295003203,1.609503564714716,-1.5382499707480035
2012-10-31 00:00:00,283.17445118787646,281.6112414122246,-1.563209775651842,1.7840671947043505,1.6316683827477982,-1.5632097756518561
2012-10-31 03:00:00,283.3581877442276,281.4822279804014,-1.8759597638262449,2.0903685951360482,1.912658545911241,-1.8759597638262617
2012-10-31 06:00:00,283.9751720818219,281.41736127721373,-2.5578108046081525,2.7378366688860596,2.5771028135650833,-2.5578108046081587
2012-10-31 09:00:00,284.09016406026205,281.590049032208,-2.50011502805404,2.7312399901693536,2.5265754058572774,-2.500115028054078
2012-10-31 12:00:00,284.00904237531034,281.83049866257386,-2.1785437127364844,2.424797033023192,2.2258457053389242,-2.178543712736478
2012-10-31 15:00:00,284.1090743034401,281.7825345701841,-2.32653973325597,2.545236623760551,2.3690787824964454,-2.3265397332559905
2012-10-31 18:00:00,284.4322540923306,281.8585357281654,-2.573718364165188,2.7852031152835313,2.6017196871078534,-2.5737183641652357
2012-10-31 21:00:00,284.1885874619457,281.9167840988883,-2.2718033630574155,2.4831491073861933,2.3008525703034284,-2.2718033630574337
2012-11-01 00:00:00,283.849671640489,281.85173576693126,-1.9979358735577648,2.216332608750255,2.0388155874700873,-1.9979358735577935
2012-11-01 03:00:00,283.5516592673805,281.85794728935116,-1.6937119780293415,1.913898291413242,1.772124361420906,-1.6937119780293057
2012-11-01 06:00:00,283.67001712060767,281.7811676078264,-1.8888495127812917,2.0850459050176835,1.9517279947978665,-1.8888495127813136
2012-11-01 09:00:00,283.49908601722825,281.7304009047024,-1.7686851125258727,1.973759782069313,1.8495429040302203,-1.7686851125259
2012-11-01 12:00:00,283.22429163489977,281.65476033360153,-1.569531301298241,1.822162637400196,1.6971569169791199,-1.5695313012982404
2012-11-01 15:00:00,283.18522031145244,281.56405355858175,-1.6211667528706926,1.8265908601034133,1.6967245804349929,-1.6211667528707094
2012-11-01 18:00:00,283.45159293455595,281.69162900098377,-1.7599639335721804,2.001425376661456,1.8217213855445902,-1.7599639335722228
2012-11-01 21:00:00,283.6618826454027,281.7850724250005,-1.8768102204022057,2.181347746297514,1.924803975774415,-1.8768102204021992
2012-11-02 00:00:00,283.61805806151125,281.8076158292966,-1.8104422322146547,2.0880475749297016,1.8919000361361604,-1.810442232214666
2012-11-02 03:00:00,283.5119437344071,281.7061994074105,-1.805744326996603,2.030070267622023,1.8840029229137323,-1.8057443269966067
2012-11-02 06:00:00,283.45437947896636,281.5701752539581,-1.8842042250082613,2.1183212365242126,1.961807545153971,-1.8842042250082653
2012-11-02 09:00:00,283.3081818877535,281.5257744749574,-1.7824074127960898,2.056870981379173,1.8722859256036082,-1.7824074127961114
2012-11-02 12:00:00,283.3140504548132,281.44741883236935,-1.8666316224438333,2.117877716854124,1.9427484155833519,-1.8666316224438237
2012-11-02 15:00:00,283.3882773026604,281.39183117574834,-1.9964461269120761,2.2776678507970836,2.0649056737257685,-1.9964461269120624
2012-11-02 18:00:00,283.993876749552,281.5177789302366,-2.4760978193153846,2.767767663466152,2.495194151734819,-2.4760978193154064
2012-11-02 21:00:00,284.3966843451402,281.63984060040804,-2.75684374473218,3.042658596594979,2.765115509477563,-2.7568437447321807
2012-11-03 00:00:00,284.03600175899567,281.60607819446864,-2.42992356452703,2.7080812705140893,2.4507748644940484,-2.4299235645270425
2012-11-03 03:00:00,283.75064324993394,281.53903417309675,-2.211609076837192,2.4406295489434897,2.2602553945739445,-2.2116090768372283
2012-11-03 06:00:00,283.79468952697044,281.6886869209089,-2.1060026060615655,2.3347998032395125,2.171688976006367,-2.1060026060616015
2012-11-03 09:00:00,283.6991221900624,281.66835745829076,-2.030764731771626,2.2361313828187708,2.083634327133042,-2.0307647317716415
2012-11-03 12:00:00,283.6506981549505,281.66794305438145,-1.9827551005690225,2.2024358986436217,2.063277431580987,-1.98275510056903
2012-11-03 15:00:00,283.61259797843894,281.5297462190857,-2.0828517593532183,2.319976945508633,2.136555413103109,-2.082851759353247
2012-11-03 18:00:00,284.0334486414528,281.67496018304087,-2.358488458411955,2.6234988009058946,2.391538287170597,-2.3584884584119226
2012-11-03 21:00:00,284.3082082081006,281.73223702096624,-2.575971187134371,2.867560188221651,2.615398291627004,-2.5759711871343964
2012-11-04 00:00:00,284.29519370055027,281.74016634595864,-2.5550273545916298,2.788102652262704,2.6081291659870898,-2.555027354591628
2012-11-04 03:00:00,284.1843348160785,281.7248601975208,-2.4594746185576923,2.665850646609779,2.504869662076112,-2.459474618557685
2012-11-04 06:00:00,283.7853403364351,281.69779032912555,-2.0875500073095736,2.246892780599544,2.1319742031319358,-2.087550007309549
2012-11-04 09:00:00,283.5745429567534,281.76197295527976,-1.8125700014736594,1.9920130151571058,1.8785290305651354,-1.8125700014736694
2012-11-04 12:00:00,283.7707468855488,281.8386007988882,-1.932146086660623,2.125398529084226,1.996360545097861,-1.9321460866606432
2012-11-04 15:00:00,284.0135860100705,282.0215076838254,-1.992078326245121,2.207362786895581,2.0429123661841904,-1.9920783262450965
2012-11-04 18:00:00,284.6651980870448,282.66102043935484,-2.0041776476899713,2.5693307694397167,2.2415878880690876,-2.0041776476899735
2012-11-04 21:00:00,285.4671968809032,283.02613081098366,-2.4410660699195432,2.9926168552413364,2.5781305280603655,-2.4410660699195375
2012-11-05 00:00:00,285.4952775972473,282.70787382622126,-2.7874037710260495,3.143490801269442,2.8222952786077626,-2.787403771026039
2012-11-05 03:00:00,285.14646661148436,282.1553640895153,-2.9911025219690828,3.1726582226498845,3.010854538895898,-2.9911025219690863
2012-11-05 06:00:00,284.5372581398968,281.63990762485884,-2.8973505150379424,3.0370303778845598,2.9099080190153157,-2.897350515037932
2012-11-05 09:00:00,283.49451783656014,281.3528279638395,-2.141689872720633,2.3800070762291057,2.213306490234159,-2.1416898727206064
2012-11-05 12:00:00,282.7765927328879,281.0723658549367,-1.7042268779511573,2.060470653425907,1.8316603959717765,-1.7042268779511787
2012-11-05 15:00:00,282.55044070880695,280.9821767369092,-1.5682639718977498,1.8591354889603144,1.6475517732589702,-1.568263971897708
2012-11-05 18:00:00,283.19760115523997,281.19045387754517,-2.0071472776947985,2.2308754604448917,2.050592427852355,-2.007147277694786
2012-11-05 21:00:00,283.3601801330057,281.40544526448065,-1.9547348685250654,2.2183080634068695,2.0138873898569782,-1.95473486852507
2012-11-06 00:00:00,283.1480774051027,281.16187949063595,-1.986197914466743,2.203584022389531,2.029841103580783,-1.986197914466742
2012-11-06 03:00:00,282.7408170915105,280.89059946562594,-1.850217625884568,2.0677412826047012,1.8752297208696553,-1.8502176258845617
2012-11-06 06:00:00,282.2864630535464,280.833326345698,-1.4531367078483868,1.7145828913346912,1.5077721423844277,-1.453136707848374
2012-11-06 09:00:00,282.12416578449194,280.810188636664,-1.3139771478279272,1.5978080547941218,1.3822054528241463,-1.313977147827921
2012-11-06 12:00:00,281.9530338353773,280.9464893390047,-1.0065444963726122,1.4656437773088282,1.232666691726807,-1.0065444963725965
2012-11-06 15:00:00,281.5713725132623,280.957262300949,-0.6141102123132782,1.1343457928793765,0.905681341007278,-0.6141102123132768
2012-11-06 18:00:00,281.5575837195231,281.0542607425145,-0.5033229770086223,0.9871793991007735,0.7580676577470686,-0.5033229770085967
2012-11-06 21:00:00,281.8250779584007,281.1213158860048,-0.7037620723958753,1.2119503048492428,0.9112106748290106,-0.7037620723958685
2012-11-07 00:00:00,282.0490138640034,281.27732917425,-0.7716846897534424,1.2630300956513583,0.9584321190695875,-0.7716846897534027
2012-11-07 03:00:00,282.265221256225,281.0795609172423,-1.1856603389827,1.624028726793332,1.4190620111217704,-1.1856603389827316
2012-11-07 06:00:00,282.2730423891789,280.6753261577365,-1.597716231442405,1.8316018216980805,1.6543782194595598,-1.5977162314423965
2012-11-07 09:00:00,281.71373076867974,280.52251155701356,-1.19121921166618,1.4941700881634439,1.2708625705803789,-1.191219211666163
2012-11-07 12:00:00,281.16639563171424,280.36088756536293,-0.8055080663513081,1.337739390885492,1.0937779897898383,-0.8055080663512919
2012-11-07 15:00:00,280.7263616981383,280.34125305928006,-0.38510863885824165,1.1740195073810555,0.9729726045227745,-0.3851086388582526
2012-11-07 18:00:00,281.1738588161972,280.58753338825466,-0.5863254279425405,1.1598086756071082,0.9391060691554037,-0.5863254279425199
2012-11-07 21:00:00,281.5690655935239,280.6332031188502,-0.9358624746736837,1.5509661971946278,1.3115278548484672,-0.9358624746736688
2012-11-08 00:00:00,281.36765546519695,280.4196916606473,-0.9479638045496586,1.4884347384509693,1.2672703843067368,-0.9479638045496487
2012-11-08 03:00:00,281.04938249848277,280.27282470614625,-0.7765577923365186,1.2819388115303034,1.0615453491233438,-0.7765577923364917
2012-11-08 06:00:00,280.59250837709266,280.23367300795616,-0.35883536913650005,1.0815338566441708,0.8817310974714323,-0.35883536913649716
2012-11-08 09:00:00,280.10598086130756,280.12183083971485,0.015849978407288745,1.1374516246365687,0.9168510494665991,0.015849978407340714
2012-11-08 12:00:00,279.80077515270915,280.02771678720336,0.22694163449421012,1.2002086168659019,0.9541946658061842,0.22694163449417032
2012-11-08 15:00:00,279.82737342978186,279.9464949596869,0.1191215299050441,1.13464581895045,0.9224892784277928,0.11912152990503813
2012-11-08 18:00:00,281.11983787683147,280.1982513645602,-0.9215865122712898,1.2935182222065968,1.0561931959736053,-0.9215865122712831
2012-11-08 21:00:00,282.0398467267229,280.6626513026597,-1.3771954240631885,1.629579101530554,1.4071225616926437,-1.377195424063173
2012-11-09 00:00:00,281.6772838774539,280.4372728511671,-1.2400110262867656,1.5337503505954657,1.3014255570226918,-1.2400110262867543
2012-11-09 03:00:00,280.85003590786823,280.1892512589248,-0.6607846489434337,1.3576539487996235,1.0955333855727414,-0.6607846489434026
2012-11-09 06:00:00,279.7599565898241,279.98716357384075,0.2272069840166182,1.3229405676019856,1.0227342382496911,0.2272069840166203
2012-11-09 09:00:00,278.82553964593797,279.84105342662826,1.0155137806902985,1.6798351649816605,1.261111473707006,1.0155137806902672
2012-11-09 12:00:00,278.42406132087547,279.7940090438138,1.3699477229383206,1.9595994309626363,1.5182898952084347,1.3699477229383124
2012-11-09 15:00:00,278.1426786346771,279.7856790281916,1.6430003935145123,2.084545785888704,1.7043774562857397,1.6430003935145008
2012-11-09 18:00:00,279.10413246421496,279.83692255333375,0.7327900891187937,1.135938292203872,0.9055313979009264,0.7327900891187829
2012-11-09 21:00:00,279.84132315712543,280.13086828169446,0.28954512456903103,0.8908193153220426,0.7179054640959597,0.2895451245690468
2012-11-10 00:00:00,279.6330176052141,279.9352015924696,0.30218398725548923,0.994298762920363,0.762695636863873,0.30218398725550116
2012-11-10 03:00:00,278.9288006085489,279.875964057054,0.9471634485050799,1.5896105303891492,1.1988309135543413,0.9471634485050625
2012-11-10 06:00:00,277.89270547025654,279.7672146255945,1.8745091553379325,2.3412947134158366,1.9348793806477262,1.8745091553379354
2012-11-10 09:00:00,276.92796607430176,279.7297891735622,2.801823099260446,3.1289249112915036,2.803977155867645,2.801823099260403
2012-11-10 12:00:00,276.4998363664883,279.7167355057302,3.216899139241889,3.508713996289448,3.2171323819907682,3.2168991392419275
2012-11-10 15:00:00,276.3514161091468,279.71396300833794,3.362546899191159,3.636474358485637,3.36254689919117,3.36254689919117
2012-11-10 18:00:00,277.43094452137916,279.8068931724616,2.3759486510824672,2.5799764440896875,2.396100857281192,2.3759486510824734
2012-11-10 21:00:00,278.27594950882803,279.845942775904,1.5699932670759722,1.8028707330710598,1.6015611046728653,1.5699932670759662
2012-11-11 00:00:00,278.17936670262964,279.862448723059,1.6830820204293673,1.8974850448555223,1.6938596682129416,1.6830820204293713
2012-11-11 03:00:00,277.71877385293175,279.79264241706954,2.073868564137797,2.465611690658198,2.0911757324326747,2.0738685641377756
2012-11-11 06:00:00,277.42369040234945,279.8307803716601,2.4070899693106753,2.790928756778624,2.4153834953095767,2.4070899693106926
2012-11-11 09:00:00,277.3419489592829,279.86129873425824,2.5193497749753533,2.832377529728005,2.5202722238316335,2.519349774975319
2012-11-11 12:00:00,277.3673429355429,279.8832955831783,2.5159526476354017,2.7825869641682437,2.5161975172353688,2.5159526476353755
2012-11-11 15:00:00,277.7851653681872,279.94497845320916,2.1598130850219377,2.411319658641462,2.16028457584791,2.1598130850219315
2012-11-11 18:00:00,278.6733769794761,280.1416707056281,1.4682937261520124,1.763678637912054,1.5181982127285105,1.4682937261520181
2012-11-11 21:00:00,278.85269567475257,280.1623533648802,1.309657690127608,1.899364971878415,1.6223086119503756,1.3096576901275978
2012-11-12 00:00:00,278.7736608734624,280.03062614627567,1.256965272813261,1.9457182533748423,1.5987117787911405,1.2569652728132814
2012-11-12 03:00:00,279.152056202739,280.04920809609047,0.8971518933514631,1.6506705442184777,1.297286759125015,0.8971518933514505
2012-11-12 06:00:00,279.92292856423353,280.1882001733563,0.26527160912274894,1.1053691475825493,0.8632046648771761,0.26527160912272063
2012-11-12 09:00:00,280.3868386427622,280.29578961810796,-0.09104902465423947,1.1170370500666345,0.8713642672201772,-0.09104902465425826
2012-11-12 12:00:00,280.4925241908252,280.4219422925666,-0.07058189825858108,1.0726567492351284,0.8235001831497172,-0.07058189825856213
2012-11-12 15:00:00,280.57594238174755,280.492876224624,-0.0830661571235396,1.0426690872881088,0.7873789453776577,-0.08306615712354604
2012-11-12 18:00:00,281.12021274659696,280.69628774854505,-0.4239249980519162,1.0836664196774877,0.8550131777529504,-0.42392499805186684
2012-11-12 21:00:00,281.68200787577683,280.7966486877634,-0.8853591880134104,1.4191068901647432,1.1295766861263592,-0.8853591880134144
2012-11-13 00:00:00,281.6688811387014,280.7791844737308,-0.889696664970586,1.338607631845477,1.0942039725519255,-0.8896966649706048
2012-11-13 03:00:00,281.586204437218,280.8048367400055,-0.7813676972124881,1.1840310884876206,0.9892085241907862,-0.7813676972125149
2012-11-13 06:00:00,281.4043646074265,280.8007742062416,-0.6035904011848743,1.0747921843012973,0.8708318409845268,-0.6035904011848777
2012-11-13 09:00:00,281.25975315555274,280.78228902035744,-0.47746413519530506,1.0948334220304197,0.886945097860363,-0.4774641351953063
2012-11-13 12:00:00,281.2228233641423,280.752319962916,-0.47050340122632406,1.0729555408966098,0.855954915197589,-0.47050340122632434
2012-11-13 15:00:00,281.182945224747,280.75541352166954,-0.42753170307747723,1.0075423267550758,0.7821025486291718,-0.42753170307745764
2012-11-13 18:00:00,281.40323068269964,280.78479060866795,-0.618440074031696,1.0474710101758462,0.7757865101695551,-0.6184400740317004
2012-11-13 21:00:00,281.5132608231007,280.79302244553304,-0.7202383775676822,1.0946606679683577,0.8420953411364177,-0.7202383775676959
2012-11-14 00:00:00,281.35221064764096,280.8019933265459,-0.5502173210950332,0.9407891671689607,0.751333071770306,-0.5502173210950172
2012-11-14 03:00:00,281.2046880037577,280.7188607768249,-0.48582722693282676,0.9426534365832858,0.7617293403867074,-0.4858272269328073
2012-11-14 06:00:00,281.076209712702,280.5616999390703,-0.514509773631687,0.9868985995216545,0.7926863175635623,-0.5145097736317253
2012-11-14 09:00:00,280.8242747918275,280.49606943695903,-0.3282053548684871,1.041309121598355,0.8178950258040348,-0.3282053548685066
2012-11-14 12:00:00,280.6112148312614,280.33697612962084,-0.27423870164057007,1.1016646983606837,0.8589577281890922,-0.2742387016405789
2012-11-14 15:00:00,280.48897301501967,280.2846766624518,-0.20429635256789425,1.2160330838866609,0.9402120884645173,-0.2042963525679215
2012-11-14 18:00:00,281.07860261249095,280.62127556138813,-0.4573270511028227,0.952262411967587,0.7267247486842211,-0.45732705110283894
2012-11-14 21:00:00,281.4832995661417,280.7521623018244,-0.7311372643172831,1.1360976417389161,0.8799049989889147,-0.7311372643172849
2012-11-15 00:00:00,281.22199932803505,280.50978575505945,-0.7122135729755996,1.0774009380375273,0.8728030921127282,-0.7122135729755926
2012-11-15 03:00:00,280.5689598381517,280.2617125319633,-0.3072473061884011,1.11598722417189,0.8757179083728712,-0.3072473061884085
2012-11-15 06:00:00,280.12445011998807,280.15809942493235,0.03364930494427654,1.194332933043327,0.9118822265421007,0.033649304944243195
2012-11-15 09:00:00,279.59225354895926,280.1063027517654,0.5140492028061203,1.2618100477927643,0.961684842613159,0.514049202806147
2012-11-15 12:00:00,279.29010616157325,280.03334004592807,0.7432338843548223,1.3264002092869485,1.0173383499752424,0.7432338843548311
2012-11-15 15:00:00,279.2065136455059,279.97310168371985,0.7665880382139676,1.306540461728842,1.003271300781298,0.7665880382139371
2012-11-15 18:00:00,280.0082894101401,280.362391382651,0.35410197251093223,1.0432799134071966,0.8378888749350343,0.354101972510935
2012-11-15 21:00:00,280.6483774143112,280.8530106883214,0.2046332740101775,0.9884141783937547,0.7868050031911705,0.20463327401016834
2012-11-16 00:00:00,280.41196073684887,280.41576447736537,0.003803740516502785,0.8376072564081767,0.6615515951340806,0.0038037405164853223
2012-11-16 03:00:00,279.9164798875739,280.06604494126935,0.14956505369542583,1.0274005572910518,0.7699055377854318,0.14956505369539802
2012-11-16 06:00:00,279.3049059468814,280.05709201689046,0.7521860700090883,1.3696631537396784,1.0359001862300115,0.7521860700090545
2012-11-16 09:00:00,278.8841959921657,280.0762058458347,1.192009853668992,1.7012855050845845,1.342021680913258,1.1920098536689798
2012-11-16 12:00:00,278.81965876167584,280.20128297056397,1.3816242088881268,1.931056241040527,1.5111510858481512,1.3816242088881383
2012-11-16 15:00:00,278.940100455169,280.3445088067199,1.4044083515508987,1.9532255447352362,1.5598273613071978,1.4044083515509085
2012-11-16 18:00:00,279.9723860560187,280.77547070762785,0.8030846516091401,1.3463831924339469,1.1492173761221296,0.8030846516091112
2012-11-16 21:00:00,280.9724295294024,281.02737401896167,0.054944489559261456,0.987385551358604,0.7759707664738269,0.05494448955923016
2012-11-17 00:00:00,281.22704276027514,280.9709445510931,-0.25609820918202786,1.0156375113057645,0.8060305355535083,-0.25609820918203224
2012-11-17 03:00:00,281.42914801388156,280.9182035766945,-0.5109444371870495,1.1735241807592114,0.9587000458786262,-0.5109444371870268
2012-11-17 06:00:00,281.8093385933239,281.0518565912365,-0.7574820020873858,1.207137874342327,0.9809920197997528,-0.7574820020874004
2012-11-17 09:00:00,282.3726883932974,281.42644789125654,-0.9462405020408369,1.4674429665794348,1.2100867955575652,-0.946240502040818
2012-11-17 12:00:00,282.7869839196786,281.77126623823295,-1.0157176814456648,1.6858670072285997,1.4091001733526534,-1.0157176814456557
2012-11-17 15:00:00,282.4240998346793,281.80253817535544,-0.6215616593238451,1.3942869797710458,1.1537128029110089,-0.6215616593238386
2012-11-17 18:00:00,281.65385291872946,280.7026123517109,-0.9512405670185444,1.3767478652343652,1.087850397504964,-0.951240567018589
2012-11-17 21:00:00,281.26373969929836,280.5565137454775,-0.7072259538208527,1.1580524757213582,0.9130879271817459,-0.7072259538208802
2012-11-18 00:00:00,281.1859519091057,280.52860371202826,-0.6573481970774537,1.102895220750924,0.8806608403105339,-0.6573481970774474
2012-11-18 03:00:00,280.7263979916433,280.57062558988474,-0.15577240175855422,0.9961607290517417,0.8043106405527864,-0.15577240175853008
2012-11-18 06:00:00,280.5614544571163,280.59322302457736,0.03176856746102885,0.9062169165043713,0.7011195680443378,0.03176856746106182
2012-11-18 09:00:00,280.75795478549406,280.447755654065,-0.31019913142904443,0.9897918413801334,0.7569613339484003,-0.31019913142899547
2012-11-18 12:00:00,280.2702236941214,280.3876221296355,0.11739843551407603,0.9702242156915472,0.7778760457401269,0.11739843551406813
2012-11-18 15:00:00,280.247998979018,280.503133920869,0.25513494185099717,1.0088703968084816,0.7683269150635057,0.25513494185095476
2012-11-18 18:00:00,280.6591526318031,280.7423958837266,0.08324325192347715,0.9768411693092158,0.7525480443418869,0.08324325192348601
2012-11-18 21:00:00,281.16475135961934,280.9232421172274,-0.24150924239194183,0.8784311809928629,0.6531853632542989,-0.241509242391949
2012-11-19 00:00:00,281.10979422061905,280.849234666104,-0.26055955451505497,0.8419687257761919,0.6407696430381652,-0.2605595545150419
2012-11-19 03:00:00,281.3470155053551,280.6146723934032,-0.7323431119518773,1.1885541367676913,0.9703826444937633,-0.7323431119518876
2012-11-19 06:00:00,281.792143074449,280.7029023120141,-1.0892407624348834,1.3822911416830166,1.2006900435287469,-1.0892407624348854
2012-11-19 09:00:00,281.9277859121071,280.942051684609,-0.9857342274980851,1.267283032071598,1.0542938396291253,-0.98573422749806
2012-11-19 12:00:00,281.8863972900274,281.0622994636292,-0.8240978263982015,1.1529515243208224,0.9362782319115325,-0.8240978263981632
2012-11-19 15:00:00,281.96134990447786,281.14878792172914,-0.8125619827487185,1.1717973092821068,0.9718110316193713,-0.8125619827487438
2012-11-19 18:00:00,281.99308056486433,281.19992403368093,-0.7931565311833992,1.1142404637787973,0.9340046747786364,-0.7931565311833543
2012-11-19 21:00:00,282.27616347573814,281.0971421148869,-1.1790213608512659,1.429025990786317,1.2882129171440904,-1.1790213608512374
2012-11-20 00:00:00,282.2254059549241,280.8855068125743,-1.3398991423497932,1.6401874107939125,1.4451872535464543,-1.3398991423498208
2012-11-20 03:00:00,282.15092765420275,280.7741419242104,-1.3767857299923207,1.7546375127427398,1.5473572822057913,-1.3767857299923183
2012-11-20 06:00:00,281.6819177419938,280.80359663167116,-0.8783211103226449,1.2540483313269377,1.0694614051959561,-0.8783211103226315
2012-11-20 09:00:00,281.354884910778,280.7676984587471,-0.5871864520309487,1.1312962579027248,0.9431332206329994,-0.5871864520309495
2012-11-20 12:00:00,281.1665727437636,280.73574275808045,-0.4308299856831468,1.0296441516154664,0.8191965709058316,-0.4308299856831711
2012-11-20 15:00:00,281.3552809823162,280.8139365787196,-0.541344403596554,1.1338226700750866,0.9332399117630669,-0.541344403596579
2012-11-20 18:00:00,281.6325503464929,280.95207074804006,-0.6804795984528482,1.094726872123616,0.8827286847501983,-0.6804795984528547
2012-11-20 21:00:00,281.4745903012793,281.02054813186686,-0.45404216941244613,1.1525521765064357,0.8598838384198069,-0.4540421694124205
2012-11-21 00:00:00,280.9030320797625,280.6713584627193,-0.23167361704321365,0.9535399032745455,0.7522884156231905,-0.23167361704324094
2012-11-21 03:00:00,280.2938134846472,280.6201449879213,0.32633150327410476,0.8715232263977567,0.6884800768794427,0.3263315032741117
2012-11-21 06:00:00,280.62514011281854,280.5876568058959,-0.03748330692263835,0.8303121091854996,0.6318518279548938,-0.03748330692263933
2012-11-21 09:00:00,280.4798810990338,280.49832698026626,0.018445881232480588,0.9805707878428059,0.7479216832945763,0.0184458812324902
2012-11-21 12:00:00,279.4635004842044,280.4139335734227,0.9504330892182793,1.5566211868970592,1.280551355091315,0.9504330892183075
2012-11-21 15:00:00,279.5142458756845,280.43960106530005,0.9253551896155727,1.4514882991029996,1.2071360499049442,0.9253551896155754
2012-11-21 18:00:00,279.73956636054055,280.5554892577465,0.8159228972059509,1.4881821129889594,1.1360422090830595,0.8159228972059342
2012-11-21 21:00:00,279.50766004410485,280.531294630219,1.0236345861141558,1.3797569081831471,1.1417065952719558,1.023634586114158
2012-11-22 00:00:00,279.9380938041301,280.31938252215195,0.3812887180218354,1.008447299876481,0.8059561159813974,0.38128871802181696
2012-11-22 03:00:00,280.0004802411508,280.1433564786744,0.14287623752358058,1.147505961695113,0.8960790461544007,0.142876237523548
2012-11-22 06:00:00,279.6454736432971,280.11906856859684,0.4735949252997216,1.3390928161418119,1.036681848415872,0.4735949252996825
2012-11-22 09:00:00,279.5847853985217,280.15186899678594,0.5670835982642188,1.2709029113343653,0.9819626035048493,0.5670835982642451
2012-11-22 12:00:00,279.76773093113314,280.17568148504733,0.40795055391419055,1.0473509927524032,0.7902612813770037,0.40795055391419854
2012-11-22 15:00:00,279.9325318179285,280.21155459270625,0.2790227747777294,0.9538656434089301,0.7528611492261369,0.279022774777734
2012-11-22 18:00:00,280.0860945547374,280.4765702663586,0.39047571162120676,1.0022462896168842,0.781707488806304,0.39047571162118855
2012-11-22 21:00:00,280.3377503708113,280.57423221166323,0.2364818408519227,0.8982817061833939,0.6520612725651059,0.2364818408519314
2012-11-23 00:00:00,280.6941977476155,280.58549085657165,-0.10870689104382336,1.0259869013835667,0.7872228682317282,-0.10870689104380964
2012-11-23 03:00:00,280.97810868933453,280.5825761385581,-0.3955325507764087,1.1402719808644985,0.9191657355636073,-0.39553255077637817
2012-11-23 06:00:00,280.75128123129866,280.6199481717979,-0.13133305950077556,0.8596873026269569,0.6481401179513938,-0.13133305950072688
2012-11-23 09:00:00,280.4536992103023,280.68422849297576,0.2305292826734444,0.8862571451395336,0.6700139613410702,0.23052928267348716
2012-11-23 12:00:00,280.55612825795123,280.7893630574397,0.23323479948845716,0.9501069299525005,0.730959672284402,0.23323479948843834
2012-11-23 15:00:00,281.03360052661753,280.87441490082125,-0.15918562579628315,0.9188080505279655,0.7167312657506597,-0.1591856257962927
2012-11-23 18:00:00,281.64852143037086,280.9322498602258,-0.7162715701450679,1.1169614730753985,0.8720313532114594,-0.7162715701450577
2012-11-23 21:00:00,282.1299137358142,280.97824543589354,-1.1516682999206864,1.4619381338535793,1.2173729834871745,-1.1516682999206396
2012-11-24 00:00:00,281.92514175218736,280.71477450150053,-1.2103672506868293,1.4638311954438588,1.2894230182577817,-1.2103672506868324
2012-11-24 03:00:00,281.47352274290085,280.48332804191483,-0.9901947009860237,1.358369948775949,1.1584880601005862,-0.9901947009859774
2012-11-24 06:00:00,280.8956995254235,280.2588196577005,-0.6368798677229961,1.2411054047414207,0.9970110862816962,-0.6368798677230176
2012-11-24 09:00:00,280.3403224840775,280.07331697605946,-0.26700550801803047,1.2674741404135739,0.9788263734650846,-0.26700550801805295
2012-11-24 12:00:00,279.9497114253493,280.0095350086611,0.059823583311811035,1.163121783894205,0.892852470088866,0.05982358331179807
2012-11-24 15:00:00,279.66867351357376,280.01933482348824,0.35066130991447153,1.2976440197560453,0.980893783669645,0.3506613099144247
2012-11-24 18:00:00,280.2609255817088,280.3823749185108,0.12144933680195891,0.8615694075445196,0.6737800546490054,0.12144933680195034
2012-11-24 21:00:00,280.6646220921788,280.4840090436788,-0.1806130484999926,1.0170297982575163,0.7882294473270389,-0.18061304849998425
2012-11-25 00:00:00,280.27139027047815,280.12208830663275,-0.14930196384540295,1.0296118732428237,0.8142658624238555,-0.14930196384543223
2012-11-25 03:00:00,279.767234696781,279.9827861213799,0.21555142459891385,1.1729672495428791,0.8915207883958749,0.21555142459893056
2012-11-25 06:00:00,279.1987938663252,279.9215025241524,0.7227086578271837,1.4348129216005612,1.1016891612800115,0.722708657827202
2012-11-25 09:00:00,278.66972392866535,279.86745299464246,1.1977290659771143,1.7275381940883676,1.374977255155239,1.1977290659771207
2012-11-25 12:00:00,278.3772188285103,279.8108915373017,1.4336727087913914,1.9281796704223937,1.5387260420418538,1.4336727087913976
2012-11-25 15:00:00,278.12919053599785,279.7496340725528,1.6204435365549443,2.0854608340795786,1.6898222270883219,1.6204435365549221
2012-11-25 18:00:00,278.84753117566555,279.839624562519,0.9920933868534689,1.4079821235516672,1.1321355488471323,0.9920933868534574
2012-11-25 21:00:00,279.5031078787623,279.8877900410004,0.38468216223810714,1.0685623579859818,0.8833491152169516,0.3846821622381066
2012-11-26 00:00:00,279.1565312932255,279.8147455347192,0.6582142414936811,1.1182385259213927,0.9053936355017278,0.6582142414936598
2012-11-26 03:00:00,278.6076295387513,279.7724945175981,1.164864978846765,1.5622840378003173,1.2646037266587606,1.1648649788467655
2012-11-26 06:00:00,278.26884617887566,279.7630569958428,1.4942108169671542,1.9084454361469334,1.5577605177082006,1.4942108169671349
2012-11-26 09:00:00,277.95596394173793,279.76353371773934,1.807569776001401,2.155081178777756,1.8317159484411047,1.807569776001404
2012-11-26 12:00:00,277.9549551037201,279.76894926396443,1.813994160244306,2.1729050265497145,1.849736233148258,1.813994160244327
2012-11-26 15:00:00,278.10785374543514,279.7740814579097,1.6662277124745515,2.089992257087935,1.7219365484386424,1.6662277124745513
2012-11-26 18:00:00,279.33477975421533,279.85718190910677,0.5224021548914379,1.0779561477786346,0.8622976801153813,0.5224021548914786
2012-11-26 21:00:00,280.3495653425105,279.85711897351575,-0.4924463689947629,1.1314042472569599,0.9221022073308798,-0.492446368994758
2012-11-27 00:00:00,280.1023689537104,279.9151715214561,-0.1871974322543224,0.9708510138277492,0.7654488441678496,-0.18719743225428395
2012-11-27 03:00:00,279.76629004081144,279.9145905850096,0.14830054419815042,1.1492965506353532,0.8771412192976132,0.14830054419813182
2012-11-27 06:00:00,278.93089920193376,279.90538608963556,0.9744868877018007,1.5999884113721572,1.2527294638684714,0.9744868877018042
2012-11-27 09:00:00,278.56323491478946,279.9662208107613,1.402985895971824,1.9265125394916454,1.5461550209481614,1.4029858959718247
2012-11-27 12:00:00,278.67575093079006,280.02391045027593,1.3481595194858755,1.8638314525459243,1.4879707239022872,1.3481595194858436
2012-11-27 15:00:00,279.0112760244373,280.04428164858734,1.0330056241500642,1.5812313669897256,1.2363413459214696,1.0330056241500691
2012-11-27 18:00:00,280.16456065391134,280.616523874015,0.4519632201036643,1.1363688218149055,0.8888009778212568,0.45196322010369755
2012-11-27 21:00:00,281.1109971954772,280.78552923995494,-0.3254679555222424,1.0687966217139697,0.8652191336478393,-0.32546795552225377
2012-11-28 00:00:00,281.1209040121338,280.7813073194087,-0.3395966927250811,0.9634390478267052,0.7388297646837523,-0.3395966927250528
2012-11-28 03:00:00,280.8937156754775,280.7723165288288,-0.12139914664868456,1.073590190850899,0.7834155480880384,-0.12139914664867336
2012-11-28 06:00:00,279.98067578302295,280.93017571900214,0.9494999359791905,1.5377916990727556,1.1366839725680051,0.9494999359791961
2012-11-28 09:00:00,279.942828240595,280.97605509703095,1.033226856435931,1.596953944472711,1.1795715629771035,1.0332268564359168
2012-11-28 12:00:00,280.2159652022797,280.9805525682497,0.7645873659700442,1.4981500281537456,1.050259598269741,0.7645873659699978
2012-11-28 15:00:00,280.57761368854005,281.07293537152503,0.49532168298497936,1.2677655211191958,0.8860347749630797,0.4953216829849869
2012-11-28 18:00:00,281.4329853599952,281.3814466678535,-0.05153869214171891,1.1025357105458762,0.7635662339989089,-0.05153869214170477
2012-11-28 21:00:00,281.977092118332,281.3903347824556,-0.5867573358763707,1.2485121700566786,1.0119023737009725,-0.5867573358763502
2012-11-29 00:00:00,281.9088811152422,281.1898957808151,-0.7189853344270887,1.1749996945600698,0.9524322360145757,-0.7189853344270878
2012-11-29 03:00:00,282.1135025411588,281.33807819694056,-0.7754243442182656,1.2362725951632538,1.0480235912237266,-0.775424344218296
2012-11-29 06:00:00,281.982107392038,281.38551779819744,-0.5965895938405765,1.244390924715059,0.9582994384960618,-0.5965895938405729
2012-11-29 09:00:00,282.1915992937528,281.5715554544867,-0.6200438392660885,1.384004403625817,1.085952470236461,-0.6200438392661378
2012-11-29 12:00:00,282.4943105069224,281.645536702259,-0.8487738046633808,1.3701687952835842,1.1410146161346082,-0.8487738046634048
2012-11-29 15:00:00,282.08983486617973,281.4006095331156,-0.6892253330641438,1.2106984482945435,0.9841508574389864,-0.6892253330641746
2012-11-29 18:00:00,282.1658115352511,281.2620084155633,-0.9038031196878364,1.3333075862883155,1.1175316849430796,-0.9038031196877823
2012-11-29 21:00:00,282.38582732420446,281.12927234581645,-1.2565549783880101,1.51737892320144,1.3300009098987868,-1.2565549783880214
2012-11-30 00:00:00,282.09445705362026,281.08578408451274,-1.008672969107522,1.3409192867774786,1.1075913770604013,-1.0086729691074678
2012-11-30 03:00:00,281.8085382057804,281.03617144142487,-0.7723667643555245,1.1433547006102034,0.9258430205060245,-0.7723667643555155
2012-11-30 06:00:00,282.02627075618295,281.0670739097216,-0.9591968464613387,1.346595778513788,1.0996687212141876,-0.959196846461379
2012-11-30 09:00:00,281.9880497820653,281.061104215381,-0.9269455666842532,1.2651974845719005,1.040460141180317,-0.9269455666842804
2012-11-30 12:00:00,281.80329096203184,281.1038668735758,-0.6994240884560554,1.0974960646508618,0.8802622619833649,-0.6994240884560696
2012-11-30 15:00:00,281.9052270729655,281.4361977952958,-0.4690292776696765,1.081516496145097,0.8635947437459105,-0.4690292776696588
2012-11-30 18:00:00,282.0646656804585,281.50515585825843,-0.5595098222000843,1.1106750595627286,0.8854212806333892,-0.5595098222000593
2012-11-30 21:00:00,282.1785000807332,281.35611260741314,-0.8223874733200773,1.2389817376144618,1.0497452430391827,-0.8223874733201152
2012-12-01 00:00:00,281.9791683362344,281.4129501047846,-0.5662182314497954,1.1222643559279761,0.9193790488711076,-0.5662182314497883
2012-12-01 03:00:00,281.84762248615823,281.4944720468809,-0.3531504392773286,1.112077646465919,0.8662603945534253,-0.35315043927733103
2012-12-01 06:00:00,281.87660865394173,281.350939073761,-0.5256695801807041,1.0716472011370821,0.83305674382146,-0.5256695801807215
2012-12-01 09:00:00,281.9355379983045,281.2879967171856,-0.6475412811188903,1.1079401723211448,0.9251863227833832,-0.6475412811188925
2012-12-01 12:00:00,281.4416347712858,281.0881706421443,-0.35346412914151415,0.9585866157221027,0.7394884727124321,-0.3534641291415139
2012-12-01 15:00:00,281.437344741826,280.8896384335932,-0.5477063082328186,1.0296863835778365,0.8241943690863629,-0.5477063082328024
2012-12-01 18:00:00,280.8594018858277,280.92180552238335,0.062403636555643516,0.7982047168180804,0.6112651504102803,0.06240363655565159
2012-12-01 21:00:00,280.890118732117,280.8891727370684,-0.0009459950485961599,0.850408373525662,0.6528834869848624,-0.0009459950485858533
2012-12-02 00:00:00,280.89025579629015,280.82896850356445,-0.06128729272569444,0.9001617657033822,0.6726569378014057,-0.06128729272571034
2012-12-02 03:00:00,280.2712008371015,280.7849397271776,0.5137388900760698,1.1860015429960973,0.9897505557219365,0.5137388900761148
2012-12-02 06:00:00,280.8234857926434,280.67045132308783,-0.1530344695555641,0.9837848513005062,0.7917002727638431,-0.15303446955555636
2012-12-02 09:00:00,280.82277013569325,280.46992788221894,-0.3528422534743072,1.1159470247043652,0.8951269849389086,-0.35284225347433684
2012-12-02 12:00:00,280.5537947737491,280.3229372190866,-0.23085755466246383,1.2589930641534863,0.9835494538195362,-0.23085755466244487
2012-12-02 15:00:00,280.6027703035675,280.32652585910694,-0.2762444444605876,1.1324462003251778,0.884658362929518,-0.2762444444605772
2012-12-02 18:00:00,280.73576827858,280.5332221754715,-0.20254610310848875,0.9095922901176404,0.6874270237533772,-0.20254610310847895
2012-12-02 21:00:00,281.46711735775614,280.64246579197845,-0.8246515657776854,1.2486388352013034,1.042239056906392,-0.8246515657776876
2012-12-03 00:00:00,281.26896452369095,280.56571881870667,-0.7032457049842833,1.146911843431092,0.9343296903793012,-0.7032457049843363
2012-12-03 03:00:00,281.0632926991822,280.5368736652108,-0.5264190339714219,0.9846214381226654,0.7909821926468634,-0.5264190339714586
2012-12-03 06:00:00,281.3068970415789,280.5349465211945,-0.7719505203843937,1.1265326195645045,0.942554580982654,-0.7719505203843487
2012-12-03 09:00:00,280.8187966969981,280.47263729102536,-0.34615940597274175,0.9777152424403528,0.75047275565759,-0.34615940597273753
2012-12-03 12:00:00,280.47357122311274,280.43593286875887,-0.03763835435387364,0.7983562394495705,0.6070979641114391,-0.03763835435389224
2012-12-03 15:00:00,280.52893108217313,280.4289334421172,-0.0999976400559035,0.9266597324781852,0.7256374986062478,-0.09999764005595552
2012-12-03 18:00:00,281.1021695486758,280.5322950235265,-0.5698745251493165,0.9855168166243399,0.7812991791879571,-0.5698745251492893
2012-12-03 21:00:00,281.5644648890964,280.7373707969822,-0.8270940921142369,1.1839994426840044,0.9711268319651563,-0.8270940921142641
2012-12-04 00:00:00,280.9494859950824,280.80311251502826,-0.14637348005413742,0.8117660852216254,0.6059876406999735,-0.14637348005414022
2012-12-04 03:00:00,280.9744367489218,280.796922166632,-0.17751458228980255,0.8824624523961305,0.6749549935938998,-0.17751458228976913
2012-12-04 06:00:00,281.49980250927473,280.76901170869735,-0.7307908005773811,1.1349367913941175,0.9545558500411202,-0.730790800577377
2012-12-04 09:00:00,281.45823754724415,280.68315794257495,-0.7750796046692017,1.200797280570583,0.9754181427560309,-0.7750796046692414
2012-12-04 12:00:00,281.5994446262765,280.81960485465004,-0.7798397716264844,1.2121642284896499,0.9941698664968996,-0.7798397716264741
2012-12-04 15:00:00,282.14262458815614,280.962409747496,-1.1802148406601418,1.4914094458081437,1.2875242465182475,-1.180214840660106
2012-12-04 18:00:00,281.9526151329905,280.55069991379014,-1.4019152192003617,1.6757599574814785,1.4576537128970328,-1.4019152192003206
2012-12-04 21:00:00,281.61118842241734,280.52262793389633,-1.0885604885210114,1.4647999637318312,1.2185121689085578,-1.0885604885210018
2012-12-05 00:00:00,280.8312736893624,280.43226141470444,-0.39901227465793454,1.0361687318895456,0.8202640970354153,-0.39901227465793015
2012-12-05 03:00:00,280.51566285120157,280.3511893533004,-0.16447349790115595,1.018854849803579,0.7799801480610009,-0.164473497901128
2012-12-05 06:00:00,280.18750122995783,280.1979880024696,0.010486772511740128,1.0021672905331642,0.7777251059179666,0.010486772511755756
2012-12-05 09:00:00,279.6321797654553,280.0735380564755,0.44135829102020807,1.1842914098977944,0.9762413111430626,0.44135829102018487
2012-12-05 12:00:00,279.428024691166,280.0404275457985,0.612402854632478,1.1946932791960874,0.931665011163457,0.6124028546324747
2012-12-05 15:00:00,279.5694324771883,280.01171625708554,0.4422837798972523,1.137498435667102,0.888292774254672,0.4422837798972144
2012-12-05 18:00:00,280.2963018711606,280.1582278366523,-0.1380740345082927,0.9779225887025502,0.7530328899597428,-0.13807403450832023
2012-12-05 21:00:00,280.4760637727333,280.2424415849089,-0.23362218782443733,1.1203982609841512,0.8408595256548319,-0.23362218782446886
2012-12-06 00:00:00,280.1288130045737,280.15691386822664,0.028100863652923636,1.0882474841635827,0.8605041826395188,0.02810086365297325
2012-12-06 03:00:00,279.62881113901267,280.1389438287959,0.5101326897832337,1.1191833909384994,0.8621282046790667,0.5101326897832097
2012-12-06 06:00:00,279.6853418106595,280.12773582927514,0.4423940186156301,1.0050641910221236,0.7637873320393618,0.4423940186155854
2012-12-06 09:00:00,279.9772173062875,280.08474486803703,0.10752756174952083,0.9962105350775454,0.7459115703744899,0.10752756174952174
2012-12-06 12:00:00,279.9062737269361,280.0106639389342,0.1043902119981226,1.0905007397894104,0.8403521350603589,0.10439021199816761
2012-12-06 15:00:00,279.50697383714447,279.94940071475787,0.44242687761339994,1.0643883376071255,0.7852823495492811,0.44242687761339033
2012-12-06 18:00:00,279.78514685057246,279.94540496207816,0.1602581115056978,1.0993084120930416,0.8797876385148484,0.1602581115057429
2012-12-06 21:00:00,279.84766317863733,279.98182859885173,0.13416542021440137,1.0751509809502549,0.8716441497440872,0.13416542021442496
2012-12-07 00:00:00,279.5545821008656,279.85979233743365,0.3052102365680298,1.044401825626111,0.8323759629249678,0.30521023656804475
2012-12-07 03:00:00,279.42393173132086,279.8725030637799,0.44857133245903924,1.1031821433771285,0.8769696536830001,0.4485713324590113
2012-12-07 06:00:00,279.55953539632276,279.8734104655274,0.3138750692046415,1.0717404827866377,0.846004807776074,0.313875069204626
2012-12-07 09:00:00,279.5700486099275,279.9371404390844,0.367091829156891,1.138964008814708,0.9010842533307737,0.3670918291568926
2012-12-07 12:00:00,279.4083566878572,280.049497318419,0.6411406305618357,1.220832177518153,0.968736117976209,0.6411406305618093
2012-12-07 15:00:00,279.1006104770332,279.9527572043669,0.852146727333718,1.3918912251633053,1.1067431329085686,0.8521467273336656
2012-12-07 18:00:00,279.22851958261424,279.8877123579153,0.6591927753010509,1.4162414774034437,1.129343656745199,0.659192775301036
2012-12-07 21:00:00,279.4102854878166,279.8551763402808,0.4448908524641979,1.23950478193763,1.0131589810943125,0.4448908524641971
2012-12-08 00:00:00,279.0406841063724,279.7983784884243,0.7576943820519091,1.370827286606535,1.1064295322913242,0.7576943820519181
2012-12-08 03:00:00,278.6570778422267,279.7541108939799,1.097033051753158,1.6245835118568677,1.2901704868666186,1.0970330517531928
2012-12-08 06:00:00,278.29307965732045,279.7127326804181,1.4196530230976805,1.8542170739381556,1.5145640327704197,1.4196530230976956
2012-12-08 09:00:00,278.08128343227816,279.69860559915855,1.617322166880399,2.0530917296001134,1.7152927760966088,1.6173221668803874
2012-12-08 12:00:00,278.04365418561184,279.6562140301089,1.6125598444970706,1.9905407345244126,1.6592966527376245,1.6125598444970943
2012-12-08 15:00:00,277.98219188076473,279.64179386415327,1.6596019833885407,2.0488866880673404,1.7138038577974621,1.6596019833885618
2012-12-08 18:00:00,278.3065975573524,279.6868574400424,1.380259882689984,1.691260135734452,1.4256964402843124,1.3802598826899841
2012-12-08 21:00:00,278.7029530410239,279.723033495684,1.0200804546601034,1.3295127461613456,1.109513140011245,1.0200804546600832
2012-12-09 00:00:00,278.4839684085727,279.6826628028102,1.1986943942375206,1.4979478753657036,1.2410261723381841,1.1986943942375001
2012-12-09 03:00:00,277.9604330774287,279.6849080161654,1.724474938736705,2.097317670378473,1.745831088385344,1.7244749387367015
2012-12-09 06:00:00,277.4666903970276,279.70295532432056,2.2362649272929502,2.577255562560196,2.2406360570956974,2.2362649272929342
2012-12-09 09:00:00,277.08214745251377,279.72842536522126,2.6462779127074896,2.9627115620624163,2.64669443941895,2.6462779127074825
2012-12-09 12:00:00,277.02588125404446,279.7517770782891,2.725895824244617,3.0031086412801433,2.7259153265756373,2.725895824244645
2012-12-09 15:00:00,276.8309113947905,279.7896571917247,2.9587457969341813,3.1052000886583753,2.9587590257303815,2.958745796934182
2012-12-09 18:00:00,277.2232197844185,279.851322381862,2.628102597443501,2.7825605555612576,2.6310524892504086,2.6281025974434975
2012-12-09 21:00:00,277.78619097037995,279.85856443118075,2.0723734608008044,2.2811949322184573,2.0820173732260288,2.072373460800801
2012-12-10 00:00:00,277.846310021056,279.8307645220788,1.9844545010228103,2.2309987239489377,2.0037538199789595,1.984454501022797
2012-12-10 03:00:00,277.8465959982459,279.81745354332367,1.970857545077763,2.2580000992950007,1.9865879194630107,1.9708575450777737
2012-12-10 06:00:00,277.97540494170886,279.8148138873744,1.8394089456655252,2.2443121098887318,1.8845831307602825,1.8394089456655278
2012-12-10 09:00:00,278.04749916496365,279.8398976037776,1.7923984388139615,2.204584274447127,1.8443669168372847,1.7923984388139549
2012-12-10 12:00:00,278.19057721418926,279.8821696040539,1.6915923898646383,2.080387094239521,1.7151764550868847,1.691592389864658
2012-12-10 15:00:00,278.4575728439212,279.8555283320811,1.397955488159937,1.8359238933364395,1.4377806917461504,1.397955488159934
2012-12-10 18:00:00,279.2225791560196,279.9140213267874,0.6914421707678002,1.168550697723103,0.876491799325316,0.691442170767774
2012-12-10 21:00:00,279.75271825775286,280.065511543442,0.31279328568916753,0.9507521427317746,0.7421437390011772,0.31279328568912773
2012-12-11 00:00:00,279.80690399534035,279.95433134186766,0.1474273465273086,0.9114417540706073,0.7177671973390625,0.14742734652730471
2012-12-11 03:00:00,279.6287534134929,279.9238350183885,0.29508160489558577,1.148616905651059,0.87729971548556,0.2950816048956257
2012-12-11 06:00:00,279.4253503552814,279.8422993007648,0.4169489454833979,1.1610395513810436,0.8888273409168972,0.41694894548337413
2012-12-11 09:00:00,279.47811140199144,279.81328613128255,0.33517472929111136,1.0771324206680217,0.7629945391103303,0.3351747292910864
2012-12-11 12:00:00,279.4550851695083,279.86098417254897,0.40589900304064486,1.0869704957891466,0.7383696359680078,0.40589900304059967
2012-12-11 15:00:00,279.4614041673664,279.91192849957974,0.45052433221331967,1.1146254526428985,0.7773110833705961,0.45052433221330773
2012-12-11 18:00:00,279.62497395751836,280.00402511192254,0.3790511544041806,1.1561795754911894,0.8346435112639896,0.37905115440419934
2012-12-11 21:00:00,279.7597061164164,280.01187544999954,0.2521693335831401,1.0637766213904287,0.7888642465508863,0.2521693335831808
2012-12-12 00:00:00,279.6382932486134,279.94036245755626,0.3020692089428394,1.188232608498131,0.932873703825464,0.30206920894285644
2012-12-12 03:00:00,279.25792723856404,279.8806989180043,0.6227716794402909,1.3057926583459791,1.0088249240198064,0.6227716794403085
2012-12-12 06:00:00,279.07578799391865,279.85555489579485,0.7797669018762008,1.3950190893482537,1.0958795939464092,0.779766901876198
2012-12-12 09:00:00,278.7434070511645,279.86586617132684,1.1224591201623184,1.5690425771548921,1.233096905843742,1.122459120162342
2012-12-12 12:00:00,278.4853519359872,279.8309633335088,1.3456113975216226,1.7611403189295223,1.4081565392230786,1.3456113975216195
2012-12-12 15:00:00,278.34414661414456,279.8079547921688,1.4638081780242373,1.8676386223919506,1.521986024541414,1.463808178024261
2012-12-12 18:00:00,278.8821876683092,279.817632025201,0.9354443568918214,1.2716920974825507,1.041346091038693,0.9354443568917812
2012-12-12 21:00:00,279.54770707583145,279.8353124185678,0.28760534273635585,0.8741359844099849,0.6956330240047446,0.28760534273632277
2012-12-13 00:00:00,279.31134752128463,279.7952045174292,0.48385699614459554,1.0978274540285788,0.819501283202981,0.48385699614460426
2012-12-13 03:00:00,278.7907210651046,279.7802531675703,0.9895321024657164,1.64880469431524,1.229610619312315,0.9895321024657571
2012-12-13 06:00:00,278.0694722921975,279.78985587903395,1.7203835868364763,2.254093974121775,1.80781750000348,1.7203835868364372
2012-12-13 09:00:00,277.83304591681787,279.77899422775704,1.9459483109391726,2.3656695742780243,1.9884941646961742,1.9459483109391416
2012-12-13 12:00:00,277.99577635526293,279.7697325783436,1.7739562230806882,2.1105801968048787,1.795665600862228,1.7739562230807235
2012-12-13 15:00:00,277.9947117079096,279.7735989705859,1.778887262676335,2.114249792697086,1.7884343879217568,1.7788872626763412
2012-12-13 18:00:00,278.3618604293648,279.7699764433531,1.4081160139882627,1.6881841213554083,1.4204938203799857,1.4081160139882563
2012-12-13 21:00:00,278.7318047545447,279.79056851208776,1.0587637575430335,1.4206985256997848,1.1202827341960861,1.0587637575430613
2012-12-14 00:00:00,278.6057616367028,279.8255425547132,1.2197809180103718,1.6279074701293337,1.3008311071646999,1.2197809180103887
2012-12-14 03:00:00,278.3150915863482,279.8439200566664,1.5288284703181603,1.936757760943617,1.6032023944950593,1.5288284703181543
2012-12-14 06:00:00,278.2791453539478,279.825279472363,1.546134118415182,1.8207119453111809,1.5724712341967821,1.546134118415202
2012-12-14 09:00:00,278.07231749247075,279.8099215044527,1.7376040119819436,1.9649593694889564,1.7421327946266132,1.737604011981973
2012-12-14 12:00:00,277.9246161038442,279.7764917706013,1.8518756667571097,2.132037713301044,1.8634887371323614,1.8518756667571277
2012-12-14 15:00:00,277.85817967225455,279.72551903716993,1.8673393649153809,2.189591375171872,1.8816563077870176,1.867339364915426
2012-12-14 18:00:00,278.4368848853509,279.74088674162124,1.3040018562703608,1.594138976419495,1.3593082065412827,1.3040018562703226
2012-12-14 21:00:00,279.1221635226775,279.7396540006592,0.6174904779816757,1.0908288719656862,0.8783680148386189,0.6174904779816434
2012-12-15 00:00:00,278.8417369813046,279.76527174186816,0.9235347605635411,1.2642624017293367,1.0238836371957096,0.9235347605635736
2012-12-15 03:00:00,278.50127982622183,279.7910213765527,1.2897415503308594,1.617103153805204,1.3437377930437475,1.2897415503308574
2012-12-15 06:00:00,278.01942673921013,279.80029441395044,1.780867674740307,2.029946839815766,1.7881768962547508,1.7808676747402856
2012-12-15 09:00:00,277.78023419022134,279.8136476833799,2.033413493158548,2.234983213818048,2.0341061843964505,2.033413493158531
2012-12-15 12:00:00,277.8380784046834,279.79077323781485,1.9526948331314316,2.09652848861648,1.953180428723573,1.9526948331314442
2012-12-15 15:00:00,277.66583096108474,279.7771367413512,2.111305780266491,2.2469177496658337,2.111963249712682,2.111305780266514
2012-12-15 18:00:00,277.66677224741983,279.77680970494487,2.1100374575250385,2.3007635931149766,2.115917439568153,2.110037457525057
2012-12-15 21:00:00,277.83052669098737,279.78258248266553,1.9520557916781627,2.141419519545206,1.955719326754215,1.9520557916781223
2012-12-16 00:00:00,278.18698181577577,279.8138488253549,1.6268670095791435,1.85328906798034,1.6399205105418064,1.6268670095791034
2012-12-16 03:00:00,278.55967717670916,279.8337218311313,1.2740446544221413,1.6351755190513053,1.3295668667882017,1.2740446544221746
2012-12-16 06:00:00,278.6460762506253,279.8670191641496,1.2209429135243113,1.7550719370371157,1.388779972541822,1.2209429135242944
2012-12-16 09:00:00,278.236531161785,279.85969367156827,1.623162509783242,2.03605211945165,1.6834218041484306,1.6231625097832645
2012-12-16 12:00:00,278.0059247352579,279.8590881963385,1.8531634610806123,2.165190752584838,1.875984299234599,1.8531634610806311
2012-12-16 15:00:00,278.06646777188956,279.8418718169292,1.775404045039636,2.0647219484129424,1.785635209069788,1.775404045039639
2012-12-16 18:00:00,278.3419215957216,279.8588305288025,1.516908933080913,1.7369700728389388,1.5295789009503817,1.5169089330809595
2012-12-16 21:00:00,278.3270484929285,279.8096974526386,1.4826489597101045,1.687224904511657,1.4975956499788232,1.482648959710086
2012-12-17 00:00:00,277.65562574428947,279.84892197783046,2.193296233540991,2.397655889787466,2.20734176072324,2.1932962335410044
2012-12-17 03:00:00,277.62250058473995,279.82924048623437,2.206739901494416,2.5438885586558744,2.2507474918580392,2.2067399014944193
2012-12-17 06:00:00,278.63993539790613,279.8931108864742,1.253175488568047,1.9923330230987741,1.5808445469586612,1.2531754885680402
2012-12-17 09:00:00,278.6700528073835,279.9756976829167,1.3056448755331758,2.1716417778453927,1.7372002374580542,1.3056448755331898
2012-12-17 12:00:00,278.28414106307497,279.8167430889451,1.5326020258701192,2.109509349177676,1.8190719855546076,1.5326020258701045
2012-12-17 15:00:00,278.64771182226866,279.78742569577395,1.1397138735052863,1.5725253775585462,1.3306186674572316,1.1397138735052832
2012-12-17 18:00:00,278.8236274327845,279.8234672836533,0.9998398508687956,1.3806071189334312,1.11779576025924,0.9998398508687558
2012-12-17 21:00:00,279.03549270758316,279.80686506980066,0.7713723622175053,1.2909425919982123,1.0090838402629436,0.7713723622174865
2012-12-18 00:00:00,278.5492472709966,279.8575251509572,1.308277879960599,1.7068487027003059,1.4001373868120828,1.3082778799606058
2012-12-18 03:00:00,277.7847296586338,279.82104364091896,2.036313982285151,2.326496257157585,2.045848456214558,2.0363139822851517
2012-12-18 06:00:00,277.2227390569094,279.80008692906796,2.5773478721585548,2.9192349023500834,2.583505628172931,2.5773478721585934
2012-12-18 09:00:00,276.61299586078997,279.7944348724561,3.181439011666157,3.5035403264056253,3.181589241262668,3.1814390116661437
2012-12-18 12:00:00,276.13316926801144,279.7597615755139,3.626592307502449,3.831473274120396,3.6266521202006685,3.6265923075024835
2012-12-18 15:00:00,276.161353604176,279.7593564124126,3.598002808236629,3.7581053704323497,3.598142650689511,3.598002808236666
2012-12-18 18:00:00,276.8261527570308,279.759753730783,2.9336009737522204,3.0693108468017094,2.933697030457067,2.9336009737521964
2012-12-18 21:00:00,277.48377074235344,279.7744166997845,2.2906459574310816,2.483571490874207,2.2959457766260787,2.2906459574310762
2012-12-19 00:00:00,277.5440483728396,279.79394211873455,2.2498937458949513,2.4301330837513833,2.2519813270325573,2.2498937458949406
2012-12-19 03:00:00,277.65127057356426,279.7824338831381,2.1311633095738216,2.314787983904378,2.1327249907519175,2.1311633095738283
2012-12-19 06:00:00,277.5399376018555,279.8339247666698,2.2939871648142685,2.4740035117374894,2.295086312859124,2.293987164814298
2012-12-19 09:00:00,277.1880493205311,279.8041030529239,2.6160537323927997,2.732193594679774,2.6161210950819545,2.616053732392764
2012-12-19 12:00:00,276.8506415454674,279.77041590052795,2.9197743550605537,3.031250976283632,2.9197838137360534,2.919774355060524
2012-12-19 15:00:00,276.9041147317482,279.75670970558025,2.8525949738320264,3.013352065952303,2.8540459663071718,2.8525949738320175
2012-12-19 18:00:00,277.34790940006593,279.77498887953146,2.427079479465533,2.6795770228986697,2.43568107539639,2.4270794794655366
2012-12-19 21:00:00,277.9507897679828,279.8876526993368,1.9368629313539714,2.2223401747732825,1.9714293070890496,1.936862931354003
2012-12-20 00:00:00,278.4504371383294,279.9228500603015,1.4724129219721362,1.800621349934794,1.5120377999303112,1.4724129219721247
2012-12-20 03:00:00,278.69144066931926,279.9186357722435,1.2271951029242132,1.5551672365998794,1.281663724432597,1.2271951029241892
2012-12-20 06:00:00,278.89850426045984,279.82995185483156,0.9314475943717184,1.3220879162112211,1.0637425566253376,0.9314475943717226
2012-12-20 09:00:00,278.68667185928354,279.8344029708905,1.1477311116069586,1.5647504554597862,1.254837159691074,1.1477311116069475
2012-12-20 12:00:00,278.3779326997717,279.89544649422845,1.517513794456761,1.96437777136817,1.6197676499905347,1.517513794456795
2012-12-20 15:00:00,278.2975220031802,279.92194442174355,1.6244224185633698,2.0010236572118654,1.6628038331773067,1.6244224185633536
2012-12-20 18:00:00,278.6062696047775,279.8899414010752,1.2836717962977104,1.6769971552551748,1.3410900441221265,1.2836717962976998
2012-12-20 21:00:00,278.9612281251554,279.8712025626423,0.9099744374868806,1.3410854035261688,1.011432301826318,0.9099744374868964
2012-12-21 00:00:00,278.82239033784685,279.87509535772887,1.052705019882012,1.3861133983297655,1.1155328816350283,1.052705019881998
2012-12-21 03:00:00,278.7541691261073,279.8573459119808,1.1031767858735293,1.4065401382160803,1.147624878876155,1.1031767858735373
2012-12-21 06:00:00,278.50089407582965,279.8170928844457,1.3161988086160363,1.5964006788869742,1.339943085592392,1.3161988086160692
2012-12-21 09:00:00,278.36204080417724,279.77459471892774,1.4125539147505037,1.6901950918861066,1.4182988481763121,1.4125539147505084
2012-12-21 12:00:00,278.53870563861676,279.7357980611833,1.1970924225665271,1.5829368701541384,1.229047489879907,1.1970924225665363
2012-12-21 15:00:00,278.90816166267234,279.7057121877491,0.7975505250767583,1.314978014608836,0.9935384819059166,0.7975505250767878
2012-12-21 18:00:00,278.61467054209174,279.7528535591115,1.1381830170197418,1.4682554329091466,1.190267604560093,1.1381830170197842
2012-12-21 21:00:00,278.58222836236325,279.7876170363352,1.2053886739719246,1.601570067238338,1.3593005796779147,1.2053886739719282
2012-12-22 00:00:00,278.7578282018364,279.796626836138,1.0387986343015996,1.4575612352686904,1.189540643247774,1.0387986343016489
2012-12-22 03:00:00,278.5053296059232,279.7883564805943,1.2830268746711226,1.6423668102080624,1.3452986889987726,1.2830268746710913
2012-12-22 06:00:00,278.1749804023473,279.797914120479,1.6229337181317192,1.9397043194804011,1.6324018350874492,1.6229337181317331
2012-12-22 09:00:00,277.93190743847225,279.8349398752225,1.9030324367502658,2.1805427344943977,1.9051381350164165,1.9030324367502898
2012-12-22 12:00:00,278.08341864278185,279.88712966202905,1.8037110192472028,2.1552133554573314,1.8206701394815352,1.8037110192471957
2012-12-22 15:00:00,278.3758473854313,279.89592172480116,1.5200743393698417,1.917354730755525,1.5786905076008273,1.5200743393698624
2012-12-22 18:00:00,278.3868906069796,279.9869524452083,1.6000618382287257,1.8383734687412916,1.620578064690069,1.6000618382287013
2012-12-22 21:00:00,278.3393409076245,280.06054956140787,1.7212086537833784,2.059776031274158,1.778584595559034,1.7212086537833406
2012-12-23 00:00:00,278.44673146182396,279.96545970049544,1.5187282386714855,2.0529990410131163,1.6366936239869228,1.5187282386715006
2012-12-23 03:00:00,278.7684380904997,279.93178450156444,1.1633464110647083,1.705212076597419,1.3059785372122594,1.163346411064715
2012-12-23 06:00:00,279.1114073016589,279.9416287733666,0.8302214717076595,1.3123913821581774,0.9995149897627912,0.8302214717076345
2012-12-23 09:00:00,278.8689629047215,279.9469532922143,1.0779903874927754,1.4795017180554113,1.1745868300983804,1.0779903874927474
2012-12-23 12:00:00,278.5640105700564,279.9668965383311,1.4028859682747452,1.7615102372784892,1.4481606334226311,1.4028859682747443
2012-12-23 15:00:00,278.5066213046128,279.99395303356016,1.4873317289473675,1.8456770514124603,1.5259306008516684,1.4873317289473702
2012-12-23 18:00:00,278.6481066818484,280.0246755327805,1.3765688509321308,1.742109944137493,1.4102102953960267,1.3765688509321377
2012-12-23 21:00:00,278.9422264526138,280.04633670521565,1.1041102526018562,1.5183252898092632,1.2027412981625079,1.1041102526018947
2012-12-24 00:00:00,278.7539525474118,279.95133619248827,1.1973836450764566,1.652692516486125,1.2987031399124884,1.1973836450764392
2012-12-24 03:00:00,278.3394515663285,279.9073774940724,1.5679259277439428,1.9899282913130973,1.6231527724922925,1.5679259277439748
2012-12-24 06:00:00,277.9158487463496,279.8679007274084,1.952051981058844,2.270041535795469,1.9564760680449618,1.9520519810588417
2012-12-24 09:00:00,277.72911266189425,279.82112342055717,2.092010758662923,2.4279628095939882,2.0959937197814367,2.092010758662935
2012-12-24 12:00:00,277.65682156439306,279.82394244747826,2.167120883085204,2.564416938022673,2.172294540108096,2.1671208830852264
2012-12-24 15:00:00,277.4477092929054,279.8294329450072,2.3817236521018117,2.7800477812305195,2.386353652024321,2.3817236521018383
2012-12-24 18:00:00,278.00807302231306,279.83666897353254,1.8285959512194836,2.134374892084349,1.8393945877830606,1.8285959512194894
2012-12-24 21:00:00,278.8351464822601,279.84674913586764,1.0116026536075537,1.3878792405340197,1.1259566555578877,1.0116026536075706
2012-12-25 00:00:00,278.81679600750476,279.77430350279263,0.9575074952878708,1.3744005988230101,1.0717603962063684,0.9575074952878816
2012-12-25 03:00:00,278.6466264486263,279.7435716738923,1.0969452252659835,1.4859366335147883,1.1605938153647577,1.0969452252659926
2012-12-25 06:00:00,278.1881163191078,279.7410787714088,1.552962452301017,1.8840820056608307,1.5571664548369333,1.5529624523010364
2012-12-25 09:00:00,277.99329813315086,279.791982800822,1.7986846676711252,2.140993759759201,1.8033109732203747,1.7986846676711603
2012-12-25 12:00:00,278.26239252951166,279.5717810834967,1.309388553985059,1.686356033081822,1.3473212732410427,1.309388553985044
2012-12-25 15:00:00,278.66433717395256,279.6210461772569,0.9567090033043542,1.4076704662750108,1.1082634128818845,0.9567090033043506
2012-12-25 18:00:00,278.63179277835553,279.7037252242849,1.0719324459293489,1.5004218794340811,1.172856940565511,1.0719324459293749
2012-12-25 21:00:00,278.24607259585065,279.799085734788,1.553013138937331,1.791581120296376,1.5645630299798197,1.5530131389372819
2012-12-26 00:00:00,277.8799470500464,279.7553308613801,1.8753838113337338,2.0405361024515503,1.8807969778904705,1.875383811333736
2012-12-26 03:00:00,277.84133958868676,279.751608179208,1.910268590521241,2.086104891335747,1.9153417622411881,1.9102685905212708
2012-12-26 06:00:00,278.5136817934098,279.74789930968706,1.2342175162772833,1.5243679357110234,1.2694680800419822,1.2342175162773217
2012-12-26 09:00:00,278.41212170945187,279.75350289396175,1.3413811845098849,1.6789442094730527,1.3729338898758416,1.3413811845098467
2012-12-26 12:00:00,278.2749558416648,279.7473457593011,1.472389917636292,1.7914683203445962,1.5147305694325461,1.4723899176362654
2012-12-26 15:00:00,278.341777314546,279.7458220121967,1.4040446976507042,1.7599032301215367,1.4848656331693197,1.4040446976506917
2012-12-26 18:00:00,278.66966581578384,279.79500993885404,1.1253441230701924,1.599762723048142,1.3344210418955789,1.1253441230702022
2012-12-26 21:00:00,278.92973953958983,279.8136359807813,0.8838964411914958,1.5028500291847278,1.2236940467744195,0.8838964411914814
2012-12-27 00:00:00,278.8371029806444,279.795450443368,0.9583474627236228,1.4460275111373948,1.173125745219436,0.9583474627236387
2012-12-27 03:00:00,278.6996224262773,279.78829458334263,1.0886721570653322,1.5330057201028204,1.2200710470578018,1.088672157065324
2012-12-27 06:00:00,278.5819514317381,279.7718866671998,1.1899352354616894,1.593021056948322,1.2715759738577928,1.1899352354616828
2012-12-27 09:00:00,278.3858359219095,279.75196010801045,1.366124186100933,1.8238943244295678,1.4390468260626788,1.36612418610092
2012-12-27 12:00:00,278.1506570841094,279.7150837863908,1.5644267022813665,2.0975436974020436,1.6396460814558218,1.564426702281405
2012-12-27 15:00:00,277.93133601769927,279.6893807648572,1.7580447471579532,2.3306993492430386,1.8261337189339057,1.7580447471579934
2012-12-27 18:00:00,278.3364219998797,279.7327612443583,1.396339244478611,1.8051004087087619,1.4620946233060421,1.3963392444785574
2012-12-27 21:00:00,278.9932232620942,279.7774737801644,0.7842505180702233,1.3289104771675913,1.092094344045622,0.7842505180702282
2012-12-28 00:00:00,278.99071841289555,279.7909716922571,0.8002532793615273,1.369731732707104,1.086315998515987,0.8002532793615048
2012-12-28 03:00:00,278.806268307022,279.79344805405793,0.9871797470359525,1.4995014858365538,1.1732705108783947,0.9871797470359577
2012-12-28 06:00:00,278.6238985990325,279.8009443300307,1.177045730998202,1.503031408576052,1.2267881308849582,1.1770457309982438
2012-12-28 09:00:00,278.4543344077625,279.8144295341843,1.360095126421811,1.6088767702858344,1.368016323193049,1.3600951264217833
2012-12-28 12:00:00,278.5723123798961,279.82148368644863,1.2491713065525119,1.5392690182702373,1.2819215063396465,1.2491713065525
2012-12-28 15:00:00,278.68724300181606,279.8182024488832,1.1309594470671414,1.462154700271707,1.184156172956643,1.1309594470671278
2012-12-28 18:00:00,278.96718016510164,279.872606635227,0.9054264701253487,1.3320511535561865,1.0691022878901162,0.9054264701253688
2012-12-28 21:00:00,279.176497433807,279.92856720343065,0.7520697696236311,1.362808508895767,1.1254533560730733,0.7520697696236228
2012-12-29 00:00:00,279.06822788651056,279.9429303180934,0.8747024315828185,1.3883386312700858,1.1579569800687557,0.8747024315827869
2012-12-29 03:00:00,278.8997479450465,279.9495629559424,1.049815010895884,1.4591122710708653,1.200079175983947,1.0498150108958662
2012-12-29 06:00:00,278.8044351996549,279.9329662840246,1.1285310843696834,1.41538925420777,1.1846935625220312,1.1285310843696819
2012-12-29 09:00:00,278.57060765949984,279.91218615099126,1.3415784914914184,1.5843084454346987,1.3721330973462287,1.341578491491428
2012-12-29 12:00:00,278.3229444244645,279.85089170276103,1.5279472782965513,1.7467793848223874,1.5396413533930131,1.5279472782965653
2012-12-29 15:00:00,278.25703028958293,279.8411388419482,1.584108552365251,1.8220490137502674,1.5954532684460792,1.5841085523652196
2012-12-29 18:00:00,278.7412440271149,279.82686749788735,1.0856234707724752,1.3796644570263217,1.1419408538609492,1.0856234707724586
2012-12-29 21:00:00,279.314883366116,279.7849928324809,0.4701094663648746,1.0510884311480049,0.8532368940615861,0.47010946636486584
2012-12-30 00:00:00,279.16249218624307,279.76693080308075,0.6044386168376832,1.070934753778684,0.8101725995891437,0.604438616837688
2012-12-30 03:00:00,278.5538949624372,279.7403001349942,1.186405172556988,1.5919757206893885,1.237251347829764,1.1864051725569607
2012-12-30 06:00:00,277.6311141592599,279.71852396075406,2.087409801494175,2.3865712324300845,2.0896899647754483,2.0874098014941693
2012-12-30 09:00:00,277.0686868831402,279.701891470815,2.633204587674811,2.9448500003430538,2.6344336552628898,2.6332045876748245
2012-12-30 12:00:00,276.71612761408335,279.73134779559524,3.015220181511893,3.3113876408538263,3.0152440981914554,3.0152201815118933
2012-12-30 15:00:00,276.41278293701913,279.73825736819424,3.3254744311751097,3.614336807748695,3.325511830892153,3.3254744311751128
2012-12-30 18:00:00,276.8335181171195,279.77573679624993,2.9422186791304057,3.1214197243596216,2.9422287910335525,2.942218679130431
2012-12-30 21:00:00,277.47390141203596,279.8107103213931,2.33680890935716,2.510300225782314,2.338655162273313,2.3368089093571736
2012-12-31 00:00:00,277.2927914609567,279.7611049549306,2.4683134939738807,2.636650645704454,2.4683183260581427,2.468313493973903
2012-12-31 03:00:00,276.8677076120331,279.73150581967434,2.8637982076412527,3.089807817660069,2.863798207641285,2.863798207641285
2012-12-31 06:00:00,276.5818251424453,279.7386739706531,3.156848828207785,3.3782655231861294,3.156848828207797,3.156848828207797
2012-12-31 09:00:00,276.3831635213336,279.7492327080712,3.3660691867376045,3.5998434714587515,3.3660691867376182,3.3660691867376182
2012-12-31 12:00:00,276.38910432216534,279.75180967704586,3.362705354880518,3.537771711336528,3.3627053548805064,3.3627053548805064
2012-12-31 15:00:00,276.1977661882037,279.7626433456577,3.5648771574540206,3.6732562137899953,3.564877157453991,3.564877157453991
2012-12-31 18:00:00,276.1724343090635,279.781015565167,3.608581256103548,3.7017831532018963,3.608581256103591,3.608581256103591
2012-12-31 21:00:00,276.5267714697565,279.7604243184042,3.2336528486476936,3.332633536725659,3.234183316700504,3.23365284864768
