time,sand_heads_actual,sand_heads_predicted,halibut_bank_actual,halibut_bank_predicted,sentry_shoal_actual,sentry_shoal_predicted
2012-01-01 00:00:00,277.81345,280.10754,278.8259,279.85867,279.08038,280.37332
2012-01-01 03:00:00,277.9335,280.12064,280.093,279.8793,279.26718,280.34042
2012-01-01 06:00:00,278.81396,280.11523,279.70938,279.87796,279.639,280.40024
2012-01-01 09:00:00,279.86792,280.1749,280.68295,279.8584,279.98038,280.37402
2012-01-01 12:00:00,278.39267,280.3016,279.70377,279.85492,279.57825,280.41202
2012-01-01 15:00:00,277.51285,280.1125,278.0458,279.75076,278.1619,280.463
2012-01-01 18:00:00,279.26273,279.51868,281.16547,279.32776,279.04984,280.7556
2012-01-01 21:00:00,281.3798,279.00433,280.83493,279.53125,280.6063,280.87378
2012-01-02 00:00:00,282.01926,279.39972,281.64523,279.67914,281.3925,280.90097
2012-01-02 03:00:00,282.25772,279.49155,281.6656,280.26428,281.71512,280.9057
2012-01-02 06:00:00,282.27963,279.3942,282.22473,280.7028,282.27652,280.79596
2012-01-02 09:00:00,282.19547,279.39984,282.62527,280.7761,282.99185,280.5291
2012-01-02 12:00:00,280.50122,279.29086,280.6831,280.9171,281.59634,279.08228
2012-01-02 15:00:00,279.5997,279.88892,280.41235,281.28543,281.31277,279.7267
2012-01-02 18:00:00,280.01584,280.6226,280.58414,281.16306,281.6061,279.80634
2012-01-02 21:00:00,281.15765,280.48886,281.1653,281.00385,281.03882,279.51627
2012-01-03 00:00:00,281.08545,280.06992,280.8867,280.68378,280.29764,280.96353
2012-01-03 03:00:00,280.69824,280.78732,281.08545,279.7896,280.99472,281.46558
2012-01-03 06:00:00,280.99387,280.50485,280.69623,280.30267,281.34976,281.55222
2012-01-03 09:00:00,281.60742,280.68765,281.5398,280.46683,281.9382,280.87503
2012-01-03 12:00:00,280.9316,280.50858,281.13406,280.59927,281.7478,280.55627
2012-01-03 15:00:00,280.72403,279.56424,280.53452,280.50656,281.14236,280.61725
2012-01-03 18:00:00,280.6365,279.5121,280.47134,280.68414,280.84763,280.68576
2012-01-03 21:00:00,280.89294,279.57758,280.6008,280.66068,280.9253,280.76578
2012-01-04 00:00:00,280.96207,280.3155,280.72327,280.34894,281.20096,280.78
2012-01-04 03:00:00,281.0498,279.95737,280.76944,280.7004,281.20425,278.61084
2012-01-04 06:00:00,281.85278,280.20172,281.22757,281.17227,281.27673,281.52603
2012-01-04 09:00:00,282.35095,281.85873,282.0792,281.989,281.78964,281.79395
2012-01-04 12:00:00,281.92514,282.63892,281.43997,282.10416,281.24927,281.58075
2012-01-04 15:00:00,280.9044,282.4108,280.69846,281.75073,281.3967,281.67532
2012-01-04 18:00:00,281.15607,282.30386,280.9963,281.2439,282.10544,282.25705
2012-01-04 21:00:00,281.49802,282.09048,281.2417,281.13956,282.03943,281.93848
2012-01-05 00:00:00,281.55,282.0166,281.71915,280.7881,281.7948,279.68246
2012-01-05 03:00:00,281.24738,280.711,280.91406,279.7102,280.46194,280.652
2012-01-05 06:00:00,280.7008,280.44614,280.41022,280.6704,280.91476,280.79288
2012-01-05 09:00:00,280.45474,280.2138,280.46497,280.72818,280.24112,280.80884
2012-01-05 12:00:00,280.10376,279.7085,279.72903,280.69177,279.8276,280.40485
2012-01-05 15:00:00,279.91708,279.4155,280.10318,280.4469,280.55002,280.5774
2012-01-05 18:00:00,280.42685,280.32364,279.75647,280.47433,279.13358,280.4222
2012-01-05 21:00:00,280.9253,280.40497,280.2747,280.41373,280.0212,280.6203
2012-01-06 00:00:00,280.52344,280.11954,280.4495,280.38754,279.277,280.56607
2012-01-06 03:00:00,280.05118,280.26935,279.76373,279.94653,279.30936,280.6407
2012-01-06 06:00:00,279.66763,280.26895,279.70544,279.92105,278.7891,280.62906
2012-01-06 09:00:00,279.62888,280.11276,279.5809,280.05505,278.87454,280.59354
2012-01-06 12:00:00,279.5355,280.04242,279.49866,280.02682,278.89468,280.5781
2012-01-06 15:00:00,279.5542,280.03357,279.46667,279.97644,278.93167,280.73328
2012-01-06 18:00:00,279.27863,280.00345,279.12454,280.03488,278.78284,280.64
2012-01-06 21:00:00,279.1639,279.99835,279.1056,280.0471,279.04163,280.58932
2012-01-07 00:00:00,278.486,280.00076,278.42947,280.05624,279.35114,280.62436
2012-01-07 03:00:00,278.34464,280.00293,278.26694,280.05316,279.2725,280.62537
2012-01-07 06:00:00,278.32886,280.0053,278.4032,280.04028,279.30106,280.60278
2012-01-07 09:00:00,278.6878,280.0041,278.4608,280.03006,279.44766,280.61438
2012-01-07 12:00:00,278.06378,280.0054,278.7923,280.02246,279.53775,280.74222
2012-01-07 15:00:00,277.7924,280.00122,278.73337,280.0133,279.139,280.59073
2012-01-07 18:00:00,277.56018,279.98703,278.16745,280.06393,279.10916,280.27
2012-01-07 21:00:00,278.0474,279.95294,278.37717,280.1498,279.48306,280.18268
2012-01-08 00:00:00,278.43246,279.97012,278.94818,280.16257,279.90912,280.39
2012-01-08 03:00:00,278.78394,279.88724,279.47055,280.199,280.12546,279.27145
2012-01-08 06:00:00,279.14462,280.21204,279.7684,280.49512,280.50732,278.9707
2012-01-08 09:00:00,279.5282,280.34073,279.8047,280.65546,280.8412,279.0798
2012-01-08 12:00:00,279.53836,280.20596,279.73935,280.6763,280.801,279.0734
2012-01-08 15:00:00,279.5953,279.85217,280.19205,280.6724,281.15842,279.25763
2012-01-08 18:00:00,280.24585,279.37845,280.76178,280.75848,281.32608,281.69333
2012-01-08 21:00:00,280.51312,279.6501,280.89453,280.75818,281.14865,281.37634
2012-01-09 00:00:00,280.36765,280.70917,280.4545,280.7803,281.1275,281.36688
2012-01-09 03:00:00,280.781,280.98587,280.79764,280.51752,281.26755,281.5367
2012-01-09 06:00:00,280.4142,280.63275,280.76382,280.9903,281.8135,281.1959
2012-01-09 09:00:00,280.53308,280.72824,280.7576,281.0152,282.17432,280.72974
2012-01-09 12:00:00,280.49258,280.35358,280.90952,280.98175,281.74863,279.6243
2012-01-09 15:00:00,279.8629,279.50327,280.44693,280.8651,281.73975,280.70255
2012-01-09 18:00:00,280.73727,279.5252,280.53348,280.61285,280.9576,280.395
2012-01-09 21:00:00,280.8008,279.65073,281.23837,280.11368,280.74728,280.41882
2012-01-10 00:00:00,280.68347,279.62625,280.86993,280.63318,280.80374,280.65646
2012-01-10 03:00:00,280.38693,280.46542,280.49118,280.44876,279.5276,280.36026
2012-01-10 06:00:00,279.90417,279.8952,279.83652,279.94827,278.87436,280.24973
2012-01-10 09:00:00,279.30612,280.0081,279.16162,280.02185,278.37723,280.406
2012-01-10 12:00:00,278.9114,280.26202,278.69443,280.3837,277.92703,280.57007
2012-01-10 15:00:00,277.09137,280.2947,278.43222,280.39468,277.50748,280.57217
2012-01-10 18:00:00,276.78378,280.13992,278.4976,279.79034,277.68002,280.52393
2012-01-10 21:00:00,278.83838,280.00168,278.6308,279.9263,278.75534,280.4098
2012-01-11 00:00:00,278.9388,280.3515,278.89316,280.22586,279.28665,280.57443
2012-01-11 03:00:00,278.91675,280.30362,278.9863,280.37802,278.9305,280.4543
2012-01-11 06:00:00,278.44595,280.24982,278.84915,280.3828,278.68887,280.45953
2012-01-11 09:00:00,278.7857,280.21808,278.92813,280.37994,278.73587,280.4617
2012-01-11 12:00:00,277.3943,280.2141,278.2434,280.38132,276.6841,280.51273
2012-01-11 15:00:00,275.35437,280.2098,277.49884,280.4267,276.46677,280.54715
2012-01-11 18:00:00,276.10495,280.32904,277.79916,279.992,276.92563,280.5684
2012-01-11 21:00:00,277.79977,279.95984,278.204,280.33194,277.54147,280.29755
2012-01-12 00:00:00,278.574,280.3491,278.7255,280.03336,278.37582,280.51358
2012-01-12 03:00:00,278.9351,280.3908,279.01105,280.4264,278.41467,280.5196
2012-01-12 06:00:00,279.2568,280.4391,279.17514,280.45187,278.3441,280.5548
2012-01-12 09:00:00,279.43393,280.5506,279.33337,280.41507,278.50024,280.56757
2012-01-12 12:00:00,277.7686,280.5837,278.35864,280.4087,277.05838,280.5877
2012-01-12 15:00:00,277.26355,280.57324,277.92847,280.38794,276.79593,280.63177
2012-01-12 18:00:00,278.144,280.5272,278.27066,280.15067,277.3965,280.3134
2012-01-12 21:00:00,278.3567,279.70642,278.5986,279.6381,277.77014,280.56387
2012-01-13 00:00:00,278.56458,280.08536,279.1426,280.1638,278.17062,280.462
2012-01-13 03:00:00,278.78964,280.31158,279.03775,280.21872,277.90634,280.69623
2012-01-13 06:00:00,278.9713,280.22525,279.48917,280.36618,278.20862,280.60004
2012-01-13 09:00:00,279.45773,280.15335,279.5714,280.33685,279.06403,280.53238
2012-01-13 12:00:00,277.3236,280.1399,278.08206,280.3354,277.2039,280.4914
2012-01-13 15:00:00,275.23898,280.21375,277.62027,280.41776,277.136,280.38428
2012-01-13 18:00:00,275.8771,279.99316,277.7365,279.95435,277.6022,280.59253
2012-01-13 21:00:00,276.7457,279.02234,277.8666,279.51138,277.76892,280.19687
2012-01-14 00:00:00,277.82364,279.6714,278.02145,280.12097,277.914,280.3985
2012-01-14 03:00:00,278.61572,279.93524,278.34805,280.02982,277.8591,280.4775
2012-01-14 06:00:00,278.3848,280.09488,278.4371,280.03137,277.89395,280.4693
2012-01-14 09:00:00,276.27182,280.18652,277.02502,280.01038,278.59253,280.51105
2012-01-14 12:00:00,277.79825,280.1475,277.0941,280.03195,277.55447,280.36954
2012-01-14 15:00:00,278.22995,280.1279,277.96777,280.00037,276.98404,280.60254
2012-01-14 18:00:00,278.61502,280.18384,278.37784,280.0077,276.8846,280.47473
2012-01-14 21:00:00,277.49817,280.15805,278.04602,279.97205,275.7842,280.3102
2012-01-15 00:00:00,277.58163,280.2667,278.05777,280.35397,276.4193,280.55606
2012-01-15 03:00:00,277.88626,280.21805,276.83054,280.36652,276.2441,280.44348
2012-01-15 06:00:00,277.2914,280.1859,276.8514,280.4169,276.24905,280.41763
2012-01-15 09:00:00,276.0863,280.18826,276.9569,280.43307,276.5201,280.38272
2012-01-15 12:00:00,273.7324,280.25565,275.86954,280.3844,275.2806,280.3211
2012-01-15 15:00:00,272.1029,280.2381,274.8739,280.3949,274.5389,280.35025
2012-01-15 18:00:00,273.37772,280.20212,274.96338,280.34088,274.6802,280.51096
2012-01-15 21:00:00,274.5886,280.2395,275.83023,280.41104,275.78,280.5565
2012-01-16 00:00:00,276.1638,280.21802,276.2455,280.36682,276.1673,280.49188
2012-01-16 03:00:00,276.58493,280.08566,276.48965,280.45105,275.34946,280.47266
2012-01-16 06:00:00,276.52533,279.93417,276.18845,280.56345,274.90167,280.50714
2012-01-16 09:00:00,275.7544,279.82944,275.79053,280.64282,274.78104,280.5343
2012-01-16 12:00:00,273.82172,279.78305,275.29462,280.68744,273.23563,280.53876
2012-01-16 15:00:00,271.91794,279.89108,274.7008,280.6033,272.41785,280.51978
2012-01-16 18:00:00,272.6666,280.15244,274.37762,280.3635,272.33768,280.48148
2012-01-16 21:00:00,274.32632,280.24084,274.54657,280.352,273.49112,280.52985
2012-01-17 00:00:00,274.35645,280.26434,275.0774,280.4149,275.0953,280.4459
2012-01-17 03:00:00,275.20093,280.1964,275.84952,280.44275,274.04984,280.4765
2012-01-17 06:00:00,275.95984,280.13217,275.6825,280.42987,273.2195,280.50998
2012-01-17 09:00:00,274.7981,280.11557,274.37534,280.39282,272.55997,280.4684
2012-01-17 12:00:00,274.36398,280.08167,274.67783,280.37534,272.41525,280.46576
2012-01-17 15:00:00,273.37088,279.9525,273.8754,280.3665,272.09192,280.4851
2012-01-17 18:00:00,273.93393,279.9821,273.60748,280.36118,271.27902,280.4576
2012-01-17 21:00:00,273.9915,280.1213,273.67917,280.37576,271.30875,280.45074
2012-01-18 00:00:00,274.24942,280.0433,273.76236,280.48087,270.96286,280.44168
2012-01-18 03:00:00,274.6517,279.90094,273.7612,280.6583,270.1871,280.50293
2012-01-18 06:00:00,273.29578,279.8233,272.63217,280.71512,269.5248,280.53418
2012-01-18 09:00:00,272.27524,279.6561,271.65134,280.7074,269.05273,280.48993
2012-01-18 12:00:00,271.158,279.4756,271.99515,280.71237,268.79892,280.43063
2012-01-18 15:00:00,271.0569,279.45532,272.6064,280.72955,268.90933,280.382
2012-01-18 18:00:00,272.22183,279.58636,273.17776,280.6697,270.19067,280.4339
2012-01-18 21:00:00,274.1786,279.72418,273.80484,280.55447,271.4821,280.4759
2012-01-19 00:00:00,274.91245,279.72333,274.3074,280.617,272.39526,280.42395
2012-01-19 03:00:00,275.26907,279.64304,274.6802,280.6968,272.72153,280.41187
2012-01-19 06:00:00,274.68985,279.59897,274.85126,280.66153,273.19885,280.37985
2012-01-19 09:00:00,273.79938,279.62708,274.8176,280.6314,273.70312,280.3577
2012-01-19 12:00:00,271.23788,279.70505,272.62888,280.58652,271.36798,280.3525
2012-01-19 15:00:00,272.08694,279.83572,272.21393,280.42886,270.55563,280.32297
2012-01-19 18:00:00,273.7328,280.02737,273.2782,280.44232,271.29443,280.4521
2012-01-19 21:00:00,274.9597,280.1094,274.35544,280.16174,272.15738,280.50204
2012-01-20 00:00:00,275.9354,280.23862,275.31992,280.4036,273.4972,280.52173
2012-01-20 03:00:00,276.5984,280.23993,276.0186,280.38138,274.11227,280.52267
2012-01-20 06:00:00,276.88644,280.09457,276.65372,280.3707,274.64917,280.5715
2012-01-20 09:00:00,276.0016,280.3033,277.23502,279.87628,275.05838,280.55023
2012-01-20 12:00:00,274.2308,280.15506,275.92166,279.9535,276.19608,280.56958
2012-01-20 15:00:00,274.77975,280.0878,275.84653,280.13846,276.67392,280.64032
2012-01-20 18:00:00,276.36362,279.97107,276.94055,280.30252,277.87784,280.41153
2012-01-20 21:00:00,279.04056,280.3203,279.33484,280.42664,279.14307,280.32828
2012-01-21 00:00:00,280.3804,280.29868,279.7896,280.30597,279.95825,280.34763
2012-01-21 03:00:00,280.3226,280.64285,279.82632,280.4088,280.3644,280.41803
2012-01-21 06:00:00,280.44064,280.16052,279.83273,280.99026,280.0616,280.74835
2012-01-21 09:00:00,280.67148,280.87234,280.0649,281.0444,280.46143,280.5621
2012-01-21 12:00:00,280.55566,280.1661,280.23978,280.5242,280.5325,280.2667
2012-01-21 15:00:00,280.05005,279.86234,279.9951,280.23138,280.36172,280.31738
2012-01-21 18:00:00,279.5022,279.26532,279.66068,280.34012,280.12683,280.2087
2012-01-21 21:00:00,279.4142,279.21167,279.43716,280.2502,280.0972,280.28824
2012-01-22 00:00:00,279.19693,279.62936,279.5204,280.16455,279.90323,280.6156
2012-01-22 03:00:00,279.01724,279.78452,279.24268,280.1384,279.5161,280.54953
2012-01-22 06:00:00,279.2784,279.98303,279.19882,280.1034,279.9208,280.59518
2012-01-22 09:00:00,279.20267,280.03,278.5569,280.09763,279.43076,280.55127
2012-01-22 12:00:00,278.6832,280.01962,277.9952,280.1126,278.88437,280.6153
2012-01-22 15:00:00,278.81735,280.00388,278.30722,280.07535,278.9154,280.55066
2012-01-22 18:00:00,278.48898,280.07083,278.18802,279.98096,278.47534,280.5344
2012-01-22 21:00:00,278.95706,280.0918,278.6332,280.01724,278.14246,280.52243
2012-01-23 00:00:00,279.05472,280.01068,278.7434,280.15955,278.94437,280.28235
2012-01-23 03:00:00,279.5875,280.27884,279.34305,280.11615,279.47205,280.3855
2012-01-23 06:00:00,279.24133,279.97733,279.23962,280.0949,279.76657,280.5711
2012-01-23 09:00:00,279.29013,279.91418,279.0402,280.09808,279.4415,280.60593
2012-01-23 12:00:00,279.21082,279.7843,279.13943,280.09546,280.01343,280.42194
2012-01-23 15:00:00,279.53772,279.92413,279.09134,280.10202,279.51932,280.44803
2012-01-23 18:00:00,279.58615,279.9427,279.39062,280.04346,278.3525,280.28998
2012-01-23 21:00:00,279.9585,279.3049,279.87024,280.04706,280.1416,280.50345
2012-01-24 00:00:00,280.1386,279.79947,280.23428,280.09274,277.99554,280.2351
2012-01-24 03:00:00,279.93155,279.99988,279.655,280.05838,279.27463,280.3013
2012-01-24 06:00:00,279.7392,280.11435,279.45816,280.09354,280.1519,280.2405
2012-01-24 09:00:00,279.80118,280.13098,279.13586,280.08514,279.70032,280.26953
2012-01-24 12:00:00,278.7494,280.11456,278.3665,279.97614,278.62292,280.23135
2012-01-24 15:00:00,277.51553,280.11774,276.65573,279.9622,277.6116,280.2739
2012-01-24 18:00:00,278.68735,280.08838,277.21582,280.04056,278.64542,280.32727
2012-01-24 21:00:00,279.82123,280.32346,278.24576,280.30197,279.28128,281.0132
2012-01-25 00:00:00,281.5038,282.3567,280.5889,281.71136,281.16776,279.50803
2012-01-25 03:00:00,282.18802,282.12476,281.3585,281.38742,281.57727,279.51172
2012-01-25 06:00:00,281.0201,280.44366,280.37717,280.69275,280.57584,280.8133
2012-01-25 09:00:00,280.69498,279.54004,280.4589,280.68372,279.51797,280.67523
2012-01-25 12:00:00,280.04858,279.7122,280.06143,280.33484,279.74905,280.5409
2012-01-25 15:00:00,278.8171,279.27167,278.81662,280.10825,278.94965,280.46902
2012-01-25 18:00:00,279.5649,279.22263,279.6765,280.07114,278.31906,280.55737
2012-01-25 21:00:00,280.1466,279.00177,280.29306,280.04117,279.20822,280.44983
2012-01-26 00:00:00,280.0935,279.97845,280.35168,280.0738,279.75378,280.69363
2012-01-26 03:00:00,279.3734,280.00174,279.39005,280.06894,279.0627,280.73325
2012-01-26 06:00:00,279.07645,280.04193,278.5287,280.1466,278.34436,280.648
2012-01-26 09:00:00,279.55225,280.16904,279.05185,280.10754,278.26013,280.61536
2012-01-26 12:00:00,279.62564,280.03183,279.4656,280.12195,278.3796,280.4125
2012-01-26 15:00:00,279.01227,280.0425,278.48666,280.00226,278.7028,280.4797
2012-01-26 18:00:00,278.91763,280.0272,279.2551,279.9435,278.02127,280.3309
2012-01-26 21:00:00,279.34088,279.99692,279.0698,279.94653,278.4747,280.36655
2012-01-27 00:00:00,279.26706,280.27017,279.08582,280.01813,278.84766,280.53152
2012-01-27 03:00:00,279.29538,280.17972,279.10022,280.3466,278.64526,280.5344
2012-01-27 06:00:00,279.11856,280.0704,279.03052,280.5297,278.52725,280.50705
2012-01-27 09:00:00,276.7548,280.0042,278.67554,280.72534,277.796,280.52393
2012-01-27 12:00:00,275.2882,279.8785,277.80667,280.76187,277.5171,280.5871
2012-01-27 15:00:00,275.1089,279.79495,276.72977,280.38077,277.92694,280.7508
2012-01-27 18:00:00,277.75366,280.2467,277.11557,280.0165,279.08743,280.55405
2012-01-27 21:00:00,279.3938,280.02676,278.21658,279.93417,279.77023,280.1765
2012-01-28 00:00:00,279.72586,280.07758,279.28418,279.95496,280.01047,280.53424
2012-01-28 03:00:00,279.58633,280.15494,279.11472,279.9379,279.7637,280.53458
2012-01-28 06:00:00,278.78247,280.25354,278.96063,279.9143,279.6302,280.48978
2012-01-28 09:00:00,278.0578,280.267,279.06924,279.9136,279.48032,280.45905
2012-01-28 12:00:00,277.1518,280.27777,278.12485,279.8877,278.7038,280.46857
2012-01-28 15:00:00,276.5287,280.29678,277.7679,279.96857,278.6877,280.50333
2012-01-28 18:00:00,276.53833,280.19476,278.1212,280.00278,278.79077,280.3265
2012-01-28 21:00:00,277.67538,280.08356,279.09586,280.19568,279.2374,280.36426
2012-01-29 00:00:00,277.89542,280.03998,278.68234,280.14386,279.3215,280.38702
2012-01-29 03:00:00,277.73062,280.45032,278.24393,280.36862,279.51523,280.5795
2012-01-29 06:00:00,279.8063,280.96704,278.94864,280.61896,279.04504,278.3919
2012-01-29 09:00:00,279.73892,280.33685,279.38266,281.28458,279.9874,279.1932
2012-01-29 12:00:00,281.19717,280.80814,279.84433,281.2194,281.09485,279.3225
2012-01-29 15:00:00,281.9513,280.7726,280.76108,281.21317,281.62134,280.5382
2012-01-29 18:00:00,281.52414,280.77954,281.81628,280.65506,281.86044,279.2551
2012-01-29 21:00:00,281.3906,280.45877,281.43237,280.67313,281.70517,279.32193
2012-01-30 00:00:00,281.20047,280.0135,281.08478,280.7941,281.3142,280.02448
2012-01-30 03:00:00,280.89575,279.43735,280.45486,280.76956,280.6412,280.88754
2012-01-30 06:00:00,280.54916,279.56836,280.55258,280.7088,280.62402,280.65378
2012-01-30 09:00:00,280.94193,279.4973,280.83694,280.73154,280.56482,280.47906
2012-01-30 12:00:00,280.6997,280.3101,280.39096,280.50092,279.8799,280.65033
2012-01-30 15:00:00,280.46207,279.86847,280.15518,280.27,280.13852,280.67215
2012-01-30 18:00:00,280.6615,279.53696,280.25488,280.32587,280.67856,280.4417
2012-01-30 21:00:00,280.74924,280.4612,280.71628,280.41034,280.8315,280.41925
2012-01-31 00:00:00,280.57007,280.41467,280.4648,280.53128,280.48715,280.2758
2012-01-31 03:00:00,280.4038,280.3443,280.2247,280.39722,280.3646,280.37665
2012-01-31 06:00:00,280.11795,280.0047,280.04367,280.22955,280.29053,280.4631
2012-01-31 09:00:00,280.2117,280.19498,280.05716,280.1644,280.19434,280.49017
2012-01-31 12:00:00,280.4675,280.41925,280.57138,280.19867,280.19473,280.52045
2012-01-31 15:00:00,280.33047,280.3332,280.3945,280.2265,280.7034,280.68884
2012-01-31 18:00:00,280.25027,280.48984,280.1991,280.4603,280.88925,280.7011
2012-01-31 21:00:00,280.21585,280.2998,280.10992,280.4299,280.83875,280.59274
2012-02-01 00:00:00,280.47272,280.22925,280.16867,280.3637,280.89075,280.20248
2012-02-01 03:00:00,280.3827,280.39224,280.4459,280.40503,280.09506,280.40402
2012-02-01 06:00:00,280.34427,280.43927,280.31033,280.36774,279.77405,280.43344
2012-02-01 09:00:00,280.06992,280.2859,280.02884,280.29715,279.27515,280.47888
2012-02-01 12:00:00,280.01135,280.27292,279.71567,280.3647,279.2167,280.62125
2012-02-01 15:00:00,279.64792,278.94592,279.5253,280.2217,279.17972,280.5886
2012-02-01 18:00:00,279.75327,279.11615,279.56137,280.20895,279.71884,280.5714
2012-02-01 21:00:00,280.13812,279.4723,280.10303,280.1637,280.48746,280.17728
2012-02-02 00:00:00,280.08313,279.9922,280.215,280.18082,280.63376,280.2688
2012-02-02 03:00:00,279.63858,280.25854,280.0237,280.11792,280.59268,280.42194
2012-02-02 06:00:00,280.01907,280.04773,279.7756,279.90604,280.37704,280.46512
2012-02-02 09:00:00,279.09134,279.99948,279.24866,279.7646,280.22617,280.59787
2012-02-02 12:00:00,277.9502,280.05988,279.0581,279.67413,279.68423,280.5659
2012-02-02 15:00:00,277.8149,280.05957,279.02762,279.6919,279.2883,280.4841
2012-02-02 18:00:00,277.88855,278.95828,278.92154,279.70984,279.3925,280.4026
2012-02-02 21:00:00,278.51086,279.35434,278.8536,280.0433,279.5443,280.43362
2012-02-03 00:00:00,279.19775,279.75644,279.14194,280.41638,279.86853,280.54578
2012-02-03 03:00:00,279.68896,278.9636,279.63028,280.26337,279.84216,280.60352
2012-02-03 06:00:00,279.77124,280.03204,279.73288,280.23105,279.721,280.61008
2012-02-03 09:00:00,279.71664,280.0959,279.85056,280.21994,279.9165,280.7184
2012-02-03 12:00:00,278.97934,280.09335,279.42206,280.1981,279.1639,280.72684
2012-02-03 15:00:00,278.31363,279.3516,279.28915,280.265,278.82773,280.62897
2012-02-03 18:00:00,278.69537,281.6736,279.3253,279.765,279.1797,280.70053
2012-02-03 21:00:00,279.70374,281.32065,280.16354,281.34055,279.69592,280.5442
2012-02-04 00:00:00,279.95285,280.20312,280.13354,280.07416,280.37344,281.27527
2012-02-04 03:00:00,280.02682,280.08597,279.94785,280.67038,280.3871,280.91953
2012-02-04 06:00:00,279.985,279.4025,280.2595,280.63336,280.30975,280.84134
2012-02-04 09:00:00,279.85742,280.00003,279.9686,279.9491,280.3961,280.70758
2012-02-04 12:00:00,279.11346,280.0323,279.4821,280.13983,278.7723,280.58713
2012-02-04 15:00:00,277.48837,279.9997,279.0339,280.29282,279.15967,280.588
2012-02-04 18:00:00,277.58032,279.50577,278.89383,279.20737,279.42392,280.64078
2012-02-04 21:00:00,278.84097,281.717,279.45737,280.44223,279.81412,279.45724
2012-02-05 00:00:00,279.7478,281.30902,279.83084,280.57495,280.33286,280.54694
2012-02-05 03:00:00,279.75888,279.31036,279.99673,280.8233,280.3877,280.58282
2012-02-05 06:00:00,279.83017,278.9482,280.17725,280.61185,280.35095,280.75052
2012-02-05 09:00:00,280.01587,279.82764,280.8698,279.9029,280.42017,280.76157
2012-02-05 12:00:00,279.0336,280.0354,279.63748,279.8983,279.9322,280.65643
2012-02-05 15:00:00,278.3054,279.98596,279.40344,279.99997,279.95145,280.6443
2012-02-05 18:00:00,278.37143,282.22183,279.45102,279.348,280.09802,280.75244
2012-02-05 21:00:00,279.33228,281.68484,279.45316,282.3215,280.3195,279.60846
2012-02-06 00:00:00,279.51053,281.3203,279.70544,279.64297,280.43292,281.1127
2012-02-06 03:00:00,279.6549,278.38477,280.04517,279.6939,280.39426,280.68872
2012-02-06 06:00:00,279.93503,279.18457,280.0174,279.56744,280.5061,280.6163
2012-02-06 09:00:00,279.87466,280.34784,279.92792,279.68805,280.4215,280.54385
2012-02-06 12:00:00,279.40988,279.4046,279.10867,280.4523,279.19202,280.54324
2012-02-06 15:00:00,278.91104,278.9509,279.42612,280.43066,278.44836,280.84863
2012-02-06 18:00:00,279.4195,280.5685,279.2739,279.26508,278.7529,280.9553
2012-02-06 21:00:00,279.66745,281.39993,279.7903,281.83347,279.5037,278.9111
2012-02-07 00:00:00,280.03873,281.26566,280.20258,279.88043,280.16406,280.27148
2012-02-07 03:00:00,280.31033,280.8712,280.12766,280.50256,280.20322,280.91376
2012-02-07 06:00:00,280.35782,280.53275,280.01855,281.11423,280.1811,280.87436
2012-02-07 09:00:00,280.04355,279.502,279.97534,280.6605,280.17105,280.5303
2012-02-07 12:00:00,278.7136,279.51514,279.3724,280.4666,279.5553,280.39285
2012-02-07 15:00:00,278.0015,279.5413,279.03372,280.09723,279.2266,280.31183
2012-02-07 18:00:00,278.95822,281.4607,279.06522,281.28915,279.35107,279.35712
2012-02-07 21:00:00,279.76663,281.81088,279.54517,281.17163,279.48743,281.35202
2012-02-08 00:00:00,280.08426,281.0364,279.98557,280.622,280.06918,279.394
2012-02-08 03:00:00,280.54675,280.4565,280.32666,280.4318,280.1498,280.7966
2012-02-08 06:00:00,280.96478,280.32526,280.66898,280.3882,280.46423,280.25787
2012-02-08 09:00:00,280.65594,279.1542,280.7477,280.42593,280.19577,280.52133
2012-02-08 12:00:00,279.7782,279.41812,280.04697,280.7585,280.29666,280.7824
2012-02-08 15:00:00,278.9738,280.65295,280.40378,280.8933,280.25003,280.74518
2012-02-08 18:00:00,279.66547,281.23013,280.4863,280.62885,279.55844,280.59726
2012-02-08 21:00:00,279.8799,281.0292,280.2158,280.07083,279.90567,280.6752
2012-02-09 00:00:00,280.63016,280.56277,280.77188,280.62253,280.43332,280.71762
2012-02-09 03:00:00,280.48376,280.30347,281.14243,280.85895,280.27786,280.6901
2012-02-09 06:00:00,280.285,280.33517,280.92227,280.92062,280.40445,280.84265
2012-02-09 09:00:00,280.30508,280.67847,281.95486,281.14084,280.43503,280.54614
2012-02-09 12:00:00,279.7532,281.23804,281.57947,281.2007,280.3315,279.7781
2012-02-09 15:00:00,279.88797,280.99728,280.4299,281.21362,280.2108,279.2904
2012-02-09 18:00:00,279.5289,281.32635,279.86792,280.57617,280.22525,279.45874
2012-02-09 21:00:00,279.84177,281.465,280.64496,280.56708,280.2095,279.77307
2012-02-10 00:00:00,280.6041,281.4003,281.63974,280.45187,280.51633,279.49213
2012-02-10 03:00:00,281.18417,281.39456,281.73795,280.45615,280.6509,279.52994
2012-02-10 06:00:00,281.50864,281.27466,282.04855,280.52344,280.7117,279.3709
2012-02-10 09:00:00,281.23218,281.0973,281.8569,281.15622,280.9452,279.8245
2012-02-10 12:00:00,280.56277,281.2395,280.8492,281.41275,280.67874,280.51508
2012-02-10 15:00:00,280.5817,281.02814,280.70435,281.06238,280.3308,280.57123
2012-02-10 18:00:00,281.05484,281.20734,281.72055,281.06363,280.45886,280.5283
2012-02-10 21:00:00,281.45755,281.18326,282.08948,280.9662,280.3091,280.53683
2012-02-11 00:00:00,281.32367,281.1212,281.59622,280.59952,280.1505,280.6799
2012-02-11 03:00:00,281.36038,281.08945,282.34692,280.82104,280.4183,280.79233
2012-02-11 06:00:00,281.0647,280.19263,281.0452,280.6669,280.27695,280.79437
2012-02-11 09:00:00,280.97668,279.63126,280.65326,280.52512,280.73178,280.84354
2012-02-11 12:00:00,280.67648,279.5813,280.36057,280.54993,280.62332,281.06793
2012-02-11 15:00:00,280.46292,279.57898,280.56448,280.4941,280.39148,281.15146
2012-02-11 18:00:00,280.6159,281.6677,280.5853,279.5718,280.3895,279.7597
2012-02-11 21:00:00,280.78818,281.56113,280.73068,280.727,280.46213,279.34872
2012-02-12 00:00:00,280.42593,280.50183,280.83676,279.8963,280.31476,280.4951
2012-02-12 03:00:00,280.40924,279.55582,280.84985,280.758,280.1436,280.31543
2012-02-12 06:00:00,280.38022,279.3339,280.45007,280.63162,280.19632,280.7993
2012-02-12 09:00:00,280.1122,279.11963,280.2465,280.1758,279.99234,280.64728
2012-02-12 12:00:00,279.84067,278.9874,279.7759,279.9663,280.07712,280.58606
2012-02-12 15:00:00,279.72983,278.9129,279.5431,280.00195,279.822,280.69412
2012-02-12 18:00:00,279.74088,278.93317,279.52634,280.18173,279.9138,280.68433
2012-02-12 21:00:00,279.68515,279.03094,279.4927,280.19537,279.80093,280.639
2012-02-13 00:00:00,279.52823,279.65787,279.39224,280.22842,279.17102,280.60287
2012-02-13 03:00:00,279.29202,279.984,279.29758,280.19836,279.07822,280.58807
2012-02-13 06:00:00,279.00922,279.99432,279.01974,280.17508,279.38174,280.60657
2012-02-13 09:00:00,279.3231,279.9928,279.2726,280.11093,279.07037,280.3953
2012-02-13 12:00:00,279.49606,279.9947,279.52206,280.08118,279.18478,280.403
2012-02-13 15:00:00,279.60098,279.94092,279.68848,280.10913,279.12015,280.49228
2012-02-13 18:00:00,279.73734,278.94717,279.70657,279.13474,280.01117,280.66617
2012-02-13 21:00:00,279.9307,278.97635,280.0519,279.71872,281.08667,280.67902
2012-02-14 00:00:00,280.44467,278.93152,280.57132,280.48657,281.05936,280.53015
2012-02-14 03:00:00,280.47223,279.49283,280.41068,280.3591,280.42746,280.56534
2012-02-14 06:00:00,280.02307,279.93903,279.79422,280.10025,280.24948,280.54584
2012-02-14 09:00:00,279.00125,279.9727,279.34857,280.02707,280.01233,280.57468
2012-02-14 12:00:00,278.31168,279.98755,279.10455,280.03128,279.30936,280.6611
2012-02-14 15:00:00,278.494,279.95612,278.61438,280.06012,278.22498,280.71188
2012-02-14 18:00:00,278.94504,279.81183,279.30356,280.0814,278.46304,280.67188
2012-02-14 21:00:00,279.71594,279.64273,280.0365,280.0497,278.68884,280.22925
2012-02-15 00:00:00,279.89688,279.95648,279.9706,280.0601,279.6993,280.62766
2012-02-15 03:00:00,279.7808,280.28137,279.85248,279.8065,280.065,280.6075
2012-02-15 06:00:00,279.7221,280.27466,279.76334,280.26233,279.255,280.5651
2012-02-15 09:00:00,279.75595,280.2742,279.7275,280.35556,279.17416,280.5516
2012-02-15 12:00:00,278.16086,280.2824,279.0076,280.45868,278.31003,280.53836
2012-02-15 15:00:00,277.304,280.34744,278.48242,280.42358,277.62106,280.55826
2012-02-15 18:00:00,278.43433,280.02963,278.39365,280.16245,278.43417,280.17355
2012-02-15 21:00:00,279.18027,278.9859,278.99478,279.71582,279.33005,280.4368
2012-02-16 00:00:00,279.94302,279.9349,279.55103,280.0292,279.94067,280.4277
2012-02-16 03:00:00,279.65402,280.0854,279.87363,280.0412,279.94775,280.2723
2012-02-16 06:00:00,279.25034,280.03653,279.82257,279.92636,279.99734,280.58463
2012-02-16 09:00:00,278.9319,280.00516,279.5394,280.04736,280.0194,280.5879
2012-02-16 12:00:00,278.0486,280.10147,278.69302,280.05908,279.1162,280.56232
2012-02-16 15:00:00,276.9452,280.0786,278.05594,280.1117,278.67032,280.56396
2012-02-16 18:00:00,276.6779,280.01395,277.28058,280.2324,278.65915,280.64664
2012-02-16 21:00:00,277.213,279.98273,277.81363,280.1596,278.53812,280.423
2012-02-17 00:00:00,277.76126,279.9625,278.0051,280.1488,278.89932,280.1928
2012-02-17 03:00:00,278.28015,279.8129,278.66653,280.09323,278.9845,280.21158
2012-02-17 06:00:00,278.74075,279.4284,279.37308,279.7528,279.0549,280.2323
2012-02-17 09:00:00,279.02707,279.0669,279.7045,279.9125,279.14185,280.28656
2012-02-17 12:00:00,278.50876,279.12628,279.66953,279.8657,279.71286,280.35556
2012-02-17 15:00:00,278.53088,278.95667,280.20218,280.14923,279.7329,280.3159
2012-02-17 18:00:00,279.95352,279.89096,280.49905,280.25775,279.73874,280.18103
2012-02-17 21:00:00,281.5582,280.358,281.321,280.2737,280.36218,280.1761
2012-02-18 00:00:00,280.65363,280.55118,280.51175,280.27213,279.9319,280.28687
2012-02-18 03:00:00,280.2235,279.34073,280.38382,280.46335,279.90665,280.37872
2012-02-18 06:00:00,279.69644,279.81625,279.63797,280.38934,279.41458,280.25317
2012-02-18 09:00:00,279.19876,279.1673,279.3519,280.39825,279.46765,280.26245
2012-02-18 12:00:00,279.26953,279.98312,279.5222,280.28412,279.60086,280.25952
2012-02-18 15:00:00,279.5503,280.01404,279.92865,280.18518,279.65726,280.26062
2012-02-18 18:00:00,279.6398,280.07324,279.319,280.22745,279.16415,280.6699
2012-02-18 21:00:00,278.90695,280.04855,278.9138,280.09958,280.60663,280.74533
2012-02-19 00:00:00,280.1498,280.19385,280.39053,280.0476,280.72778,280.58536
2012-02-19 03:00:00,280.2971,280.33203,280.03677,280.1017,279.77078,280.471
2012-02-19 06:00:00,279.89697,280.08707,279.71854,280.1143,279.47516,280.39307
2012-02-19 09:00:00,279.85043,280.04388,279.6703,280.12582,279.2533,280.58188
2012-02-19 12:00:00,279.47098,280.2117,279.21558,280.0153,278.38416,280.58032
2012-02-19 15:00:00,279.0555,280.28653,278.9912,280.0491,278.4277,280.53693
2012-02-19 18:00:00,279.41367,280.0172,278.96603,280.09607,278.98032,280.48807
2012-02-19 21:00:00,279.97083,280.00537,279.02145,280.07016,279.3426,280.38208
2012-02-20 00:00:00,280.09314,280.01086,279.72253,280.0587,279.24808,280.51187
2012-02-20 03:00:00,279.6165,280.0645,279.47098,280.05975,279.12234,280.46936
2012-02-20 06:00:00,278.76376,280.1232,278.93323,280.0597,279.10916,280.4387
2012-02-20 09:00:00,278.60574,280.13882,279.3323,280.03503,279.1677,280.47632
2012-02-20 12:00:00,277.90033,280.1312,278.94882,280.01804,278.4999,280.5342
2012-02-20 15:00:00,277.38596,280.1231,278.60983,280.0419,278.63696,280.61084
2012-02-20 18:00:00,278.0917,280.0712,278.74982,280.15723,278.85715,280.6457
2012-02-20 21:00:00,278.88416,280.01456,278.88693,280.24658,279.03488,280.66824
2012-02-21 00:00:00,278.68246,280.00613,278.76895,280.21936,278.70486,280.56418
2012-02-21 03:00:00,278.68692,279.9928,278.7289,280.10605,278.97192,280.44604
2012-02-21 06:00:00,279.58923,279.9739,279.08313,280.11636,279.1144,280.37976
2012-02-21 09:00:00,280.15665,280.05557,279.41843,280.2106,279.53616,280.4137
2012-02-21 12:00:00,279.35016,280.3063,279.47165,280.36102,279.40982,280.6188
2012-02-21 15:00:00,279.35052,280.4821,279.55725,280.57425,278.9106,280.8058
2012-02-21 18:00:00,279.63968,280.44055,279.50626,280.86972,278.94266,279.60815
2012-02-21 21:00:00,280.31375,280.73676,279.65903,281.07443,280.0453,280.64447
2012-02-22 00:00:00,280.48523,281.54758,279.99338,280.9994,280.47806,279.90167
2012-02-22 03:00:00,281.2253,281.58508,280.48392,280.8213,280.51236,279.4679
2012-02-22 06:00:00,281.80533,280.572,280.54898,280.75784,280.75107,280.09045
2012-02-22 09:00:00,281.98438,279.7144,281.38937,280.97943,280.74283,280.70535
2012-02-22 12:00:00,281.22473,279.9179,281.05212,280.69885,280.26852,280.62268
2012-02-22 15:00:00,280.83292,279.41953,280.7082,280.6548,280.1191,280.37036
2012-02-22 18:00:00,280.82162,279.41318,280.71738,280.63217,280.4852,280.61096
2012-02-22 21:00:00,281.09155,280.83133,280.218,280.81616,278.7095,280.5202
2012-02-23 00:00:00,279.2545,279.3581,279.70297,280.60623,280.0378,280.43915
2012-02-23 03:00:00,279.7702,280.38202,279.89856,280.10785,279.74902,280.61108
2012-02-23 06:00:00,279.87195,280.22284,279.82254,279.7913,279.358,280.5057
2012-02-23 09:00:00,279.78595,280.40598,279.69604,279.85974,279.09537,280.3738
2012-02-23 12:00:00,279.47147,280.32486,279.32266,280.14493,278.8069,280.40317
2012-02-23 15:00:00,279.28445,280.28613,279.15366,280.00415,278.6483,280.36673
2012-02-23 18:00:00,279.35492,279.51215,279.30954,280.11542,279.00098,280.35812
2012-02-23 21:00:00,279.3925,279.04688,279.36536,279.59894,279.3635,280.2619
2012-02-24 00:00:00,279.37772,278.87888,279.37994,279.54495,279.1608,280.29404
2012-02-24 03:00:00,278.86905,280.0265,278.98468,279.74313,278.36746,280.64493
2012-02-24 06:00:00,278.43094,280.0579,278.4361,279.76724,278.45374,280.42822
2012-02-24 09:00:00,278.20456,280.14404,277.8973,279.99124,278.08963,280.4413
2012-02-24 12:00:00,278.31543,280.15225,277.47366,279.92383,278.402,280.54016
2012-02-24 15:00:00,278.48105,280.22638,277.14337,279.93616,278.44266,280.47202
2012-02-24 18:00:00,279.20813,280.20993,277.11475,279.9724,278.4529,280.4613
2012-02-24 21:00:00,279.79623,280.16104,278.25027,280.0379,279.19418,280.5147
2012-02-25 00:00:00,280.01224,280.14197,279.59384,280.0784,279.96945,280.53726
2012-02-25 03:00:00,280.28073,280.10562,280.2601,280.12573,280.27457,280.57443
2012-02-25 06:00:00,280.24167,280.097,280.07886,280.0929,279.01282,280.59674
2012-02-25 09:00:00,279.47336,280.0653,279.26733,280.09232,278.08017,280.363
2012-02-25 12:00:00,278.6152,280.05597,278.83536,280.01224,278.38803,280.40613
2012-02-25 15:00:00,279.08047,280.1098,278.93774,280.03278,278.4929,280.43286
2012-02-25 18:00:00,279.1451,280.1541,278.92627,280.127,278.68924,280.37555
2012-02-25 21:00:00,279.4063,280.11465,279.1647,280.1778,279.01688,280.4166
2012-02-26 00:00:00,279.54245,280.09174,279.30664,280.1122,279.06036,280.4395
2012-02-26 03:00:00,279.07886,280.09964,278.75287,279.99817,278.051,280.60873
2012-02-26 06:00:00,278.50607,280.18558,278.0676,279.98642,277.4155,280.5833
2012-02-26 09:00:00,278.12552,280.26022,277.75827,280.22345,277.07535,280.54645
2012-02-26 12:00:00,277.50613,280.27084,277.14328,280.37186,276.21954,280.5101
2012-02-26 15:00:00,276.97556,280.3347,276.5249,280.39148,275.65182,280.51685
2012-02-26 18:00:00,276.48572,280.29697,276.74475,279.96603,276.23434,280.56458
2012-02-26 21:00:00,277.09457,280.22263,277.73904,279.91058,277.89133,280.42838
2012-02-27 00:00:00,276.63254,280.21884,278.38315,280.01926,278.8339,280.61676
2012-02-27 03:00:00,276.49777,280.25214,277.55527,280.35107,278.5399,280.49603
2012-02-27 06:00:00,276.6566,280.20483,277.26822,280.38223,277.90695,280.51385
2012-02-27 09:00:00,276.75797,280.0999,277.18106,280.41898,276.84622,280.56854
2012-02-27 12:00:00,273.99402,280.01486,275.8439,280.45892,275.71292,280.46567
2012-02-27 15:00:00,273.02283,280.09094,274.8273,280.39154,274.60275,280.4069
2012-02-27 18:00:00,275.1055,280.17282,275.13705,280.39444,274.86166,280.57782
2012-02-27 21:00:00,275.32346,280.26047,275.6387,279.9777,275.81808,280.41684
2012-02-28 00:00:00,276.12997,280.2655,276.36343,280.02246,276.97983,280.32657
2012-02-28 03:00:00,277.0872,280.18683,277.0268,280.27072,278.09518,280.34924
2012-02-28 06:00:00,277.69498,280.21194,277.26654,280.20325,278.23404,280.45114
2012-02-28 09:00:00,277.5651,280.21857,277.43182,280.103,278.29434,280.45816
2012-02-28 12:00:00,275.68558,280.23557,276.86813,280.02032,277.83517,280.4702
2012-02-28 15:00:00,275.4133,280.26947,276.9774,279.9027,277.30933,280.39713
2012-02-28 18:00:00,277.67712,279.9378,278.11676,280.05283,277.73172,280.3839
2012-02-28 21:00:00,279.6971,279.0024,279.2761,280.03638,278.53763,280.40866
2012-03-01 00:00:00,279.83215,279.1334,279.25256,279.95447,277.8842,280.40384
2012-03-01 03:00:00,279.45657,280.04053,279.27884,279.857,278.06516,280.4014
2012-03-01 06:00:00,278.74002,280.11713,279.01978,279.88162,278.2014,280.39517
2012-03-01 09:00:00,278.62918,280.16397,278.61118,279.85547,278.23358,280.45605
2012-03-01 12:00:00,277.95566,280.1992,278.0038,280.37134,277.3971,280.52298
2012-03-01 15:00:00,277.5099,280.293,277.84152,280.21973,277.02005,280.54852
2012-03-01 18:00:00,277.84546,280.05728,278.0168,280.14667,277.5704,280.61676
2012-03-01 21:00:00,278.84863,279.1373,279.03564,280.16196,278.96402,280.71283
2012-03-02 00:00:00,279.5264,279.83084,279.80762,280.1061,279.9766,280.61957
2012-03-02 03:00:00,279.83072,280.02856,280.02444,280.03207,280.113,280.4645
2012-03-02 06:00:00,279.35422,280.0504,279.749,279.97595,280.05264,280.586
2012-03-02 09:00:00,277.71863,280.05087,278.82608,279.98218,279.89996,280.5658
2012-03-02 12:00:00,277.6793,280.03894,278.34003,280.03058,279.0461,280.7408
2012-03-02 15:00:00,278.85583,279.9938,278.16965,280.09027,279.17862,280.75925
2012-03-02 18:00:00,278.823,279.0587,278.8147,280.09628,279.4104,280.66992
2012-03-02 21:00:00,278.73544,279.00394,278.2972,280.14853,279.14194,280.4178
2012-03-03 00:00:00,278.9962,279.99002,278.27698,280.13278,278.79416,280.23514
2012-03-03 03:00:00,279.25723,279.9916,278.45294,280.0806,278.70914,280.16995
2012-03-03 06:00:00,279.50146,280.10464,278.8245,280.1772,278.85294,280.40762
2012-03-03 09:00:00,279.9391,280.59824,279.176,280.45844,279.34595,280.67548
2012-03-03 12:00:00,280.58798,280.82608,279.7507,280.6062,280.46182,280.69916
2012-03-03 15:00:00,281.2561,280.3257,280.81464,280.74918,280.55347,280.649
2012-03-03 18:00:00,281.40158,280.28128,281.15817,280.87088,281.0097,279.32544
2012-03-03 21:00:00,281.8063,279.9134,281.3688,280.8211,281.16138,279.98224
2012-03-04 00:00:00,281.87082,279.49686,281.36453,280.6407,280.88712,279.2351
2012-03-04 03:00:00,281.5383,279.52002,281.33624,280.6488,280.69846,280.74155
2012-03-04 06:00:00,281.31918,279.92725,281.2697,280.74927,280.38956,280.89157
2012-03-04 09:00:00,280.98773,280.15747,280.75168,280.72052,280.47342,280.9065
2012-03-04 12:00:00,280.51862,280.3839,280.9916,280.73068,281.15707,280.59763
2012-03-04 15:00:00,280.1812,280.43713,280.95227,280.62506,281.5956,280.56784
2012-03-04 18:00:00,280.27356,280.43045,280.55908,280.50623,281.38297,279.45963
2012-03-04 21:00:00,280.90164,280.30087,280.88174,280.59146,281.23276,279.4177
2012-03-05 00:00:00,281.25757,279.7485,281.10086,280.59473,280.92947,280.46375
2012-03-05 03:00:00,281.2291,280.5717,280.92276,280.40552,280.52478,280.65213
2012-03-05 06:00:00,280.79385,280.3713,280.5646,280.28564,278.44055,280.66977
2012-03-05 09:00:00,280.35226,280.51633,280.37952,280.46335,277.5989,280.47244
2012-03-05 12:00:00,279.3992,280.00467,278.60336,280.17764,277.43204,280.445
2012-03-05 15:00:00,278.1936,280.02896,278.00705,280.14578,276.8147,280.4233
2012-03-05 18:00:00,277.8257,280.00912,277.50882,280.20102,277.64478,280.3907
2012-03-05 21:00:00,278.19696,279.787,278.40598,280.13162,279.00143,280.49927
2012-03-06 00:00:00,278.44785,279.99835,279.02087,280.14755,278.97986,280.32315
2012-03-06 03:00:00,278.07132,280.24213,278.1395,280.15286,278.01474,280.50574
2012-03-06 06:00:00,278.5238,280.24118,278.3215,280.3579,277.47067,280.57285
2012-03-06 09:00:00,278.7806,280.2367,278.31354,280.34354,277.4042,280.5452
2012-03-06 12:00:00,276.9667,280.25577,276.35873,280.3471,275.72647,280.50046
2012-03-06 15:00:00,275.70828,280.22165,275.62027,280.33804,274.74338,280.51974
2012-03-06 18:00:00,276.55826,280.26123,276.61447,280.1216,276.566,280.38925
2012-03-06 21:00:00,277.88644,280.03543,277.9598,279.9155,278.85693,280.5158
2012-03-07 00:00:00,279.02457,280.135,279.41336,279.9195,279.9247,280.36337
2012-03-07 03:00:00,279.78067,280.19858,279.89713,280.36218,279.50806,280.61343
2012-03-07 06:00:00,279.51016,280.03217,279.66263,280.34015,278.93494,280.54013
2012-03-07 09:00:00,279.4379,280.0369,279.24887,280.50806,278.26926,280.4917
2012-03-07 12:00:00,276.18958,280.11844,277.8644,280.6305,277.4149,280.44827
2012-03-07 15:00:00,274.4176,280.1,276.51266,280.30923,276.2238,280.40015
2012-03-07 18:00:00,276.1703,280.01044,276.4408,280.11096,277.76294,280.45328
2012-03-07 21:00:00,277.85785,278.94656,277.4873,279.866,278.62155,280.2048
2012-03-08 00:00:00,278.76514,279.43332,278.27762,280.0067,279.23282,280.20953
2012-03-08 03:00:00,278.85855,280.21408,278.8136,279.92722,279.47787,280.28284
2012-03-08 06:00:00,278.31134,280.21176,279.10883,279.74844,279.42996,280.3588
2012-03-08 09:00:00,278.20544,280.1976,279.16397,279.81088,279.40543,280.4024
2012-03-08 12:00:00,277.40463,280.1461,278.6256,280.01544,278.93494,280.47986
2012-03-08 15:00:00,276.23825,279.68237,278.2134,280.10413,278.5315,280.52487
2012-03-08 18:00:00,277.35217,279.3203,278.60107,279.30615,278.8572,280.47632
2012-03-08 21:00:00,279.0448,281.40475,279.63,279.87888,279.72253,279.40845
2012-03-09 00:00:00,280.09097,281.08017,280.44022,280.95972,281.0934,279.68002
2012-03-09 03:00:00,280.6908,279.38043,280.63342,280.82675,282.12195,280.45316
2012-03-09 06:00:00,280.7313,279.73193,281.24298,280.55426,281.58737,280.5654
2012-03-09 09:00:00,280.52075,280.55835,281.32712,279.91635,280.55652,280.38925
2012-03-09 12:00:00,280.4745,280.77524,280.32397,280.0166,280.44974,280.2052
2012-03-09 15:00:00,279.85294,280.58096,279.55734,280.1874,280.2498,280.22595
2012-03-09 18:00:00,279.78555,280.62637,279.54623,280.19315,280.34464,280.306
2012-03-09 21:00:00,279.79065,280.394,279.6899,280.1412,280.58395,280.4413
2012-03-10 00:00:00,279.89612,280.284,279.74832,280.35382,280.4008,280.66827
2012-03-10 03:00:00,279.99463,279.01355,279.6613,280.1815,280.46378,280.84128
2012-03-10 06:00:00,280.00833,279.8609,279.91818,280.16534,279.73755,280.79443
2012-03-10 09:00:00,279.96048,280.01358,279.84186,280.1334,279.3398,280.80582
2012-03-10 12:00:00,279.73242,280.00497,279.4773,280.09503,278.6668,280.70004
2012-03-10 15:00:00,279.11533,279.9707,279.2629,280.10712,278.55664,280.52686
2012-03-10 18:00:00,279.46082,279.34955,279.10397,280.13672,278.90778,280.55692
2012-03-10 21:00:00,279.1069,279.1364,279.3151,280.19867,279.3048,280.2451
2012-03-11 00:00:00,280.1976,279.83817,279.47495,280.29468,278.96155,280.3377
2012-03-11 03:00:00,280.0518,280.00415,279.90234,280.15454,279.43222,280.37506
2012-03-11 06:00:00,279.7252,280.0066,279.6825,280.1324,279.6631,280.52365
2012-03-11 09:00:00,279.55453,280.05023,279.62344,280.162,279.9061,280.66397
2012-03-11 12:00:00,279.24118,280.02057,279.26648,280.1022,279.49222,280.4998
2012-03-11 15:00:00,279.39035,280.00583,278.56277,280.11816,278.81686,280.44598
2012-03-11 18:00:00,279.37576,280.01797,278.28528,280.1036,278.52847,280.40454
2012-03-11 21:00:00,278.98956,279.93274,278.7872,280.11288,279.65503,280.47418
2012-03-12 00:00:00,278.97232,280.00854,279.26227,280.13074,278.9048,280.31802
2012-03-12 03:00:00,279.12646,280.08646,279.02295,280.02524,277.77762,280.61807
2012-03-12 06:00:00,278.37643,280.10788,278.13147,279.9911,278.51163,280.62262
2012-03-12 09:00:00,278.82986,280.09277,278.41055,280.01498,278.2511,280.54535
2012-03-12 12:00:00,278.70566,280.07895,278.5984,280.07227,278.79733,280.36484
2012-03-12 15:00:00,278.89142,280.04785,278.67273,280.1101,278.06152,280.57254
2012-03-12 18:00:00,278.6836,280.047,278.24207,280.14316,278.69138,280.47467
2012-03-12 21:00:00,278.53854,280.42123,278.92856,280.1363,278.85803,280.39014
2012-03-13 00:00:00,278.96387,280.05612,278.8874,280.1192,278.87943,280.55545
2012-03-13 03:00:00,279.06876,280.0262,279.01605,280.0832,278.60684,280.4266
2012-03-13 06:00:00,278.5898,280.0744,278.67502,280.09314,278.35892,280.42606
2012-03-13 09:00:00,278.44485,280.14426,278.68347,279.9641,278.37015,280.67972
2012-03-13 12:00:00,277.31033,280.19012,277.83896,279.945,277.86472,280.61783
2012-03-13 15:00:00,277.4597,280.11304,277.37027,279.97156,277.82446,280.52582
2012-03-13 18:00:00,277.94803,280.05338,278.13126,280.07526,278.68283,280.49646
2012-03-13 21:00:00,278.21835,280.01102,278.95105,280.0243,279.33838,280.58356
2012-03-14 00:00:00,278.46817,280.05835,278.42734,280.00165,279.66193,280.42377
2012-03-14 03:00:00,278.5767,280.0823,278.72214,279.98886,279.19974,280.4098
2012-03-14 06:00:00,278.72592,280.06866,278.84927,280.0058,278.749,280.42148
2012-03-14 09:00:00,278.76312,280.1354,278.14136,280.01312,278.57785,280.45895
2012-03-14 12:00:00,278.582,280.12805,277.68173,280.0034,277.97818,280.4947
2012-03-14 15:00:00,277.578,280.1284,276.8333,280.02557,276.84753,280.56485
2012-03-14 18:00:00,278.86832,280.11014,278.24936,280.1451,278.1852,280.53152
2012-03-14 21:00:00,279.5881,280.124,279.64023,280.18533,279.61993,280.18887
2012-03-15 00:00:00,279.79776,280.138,279.8456,280.17593,279.60422,280.22208
2012-03-15 03:00:00,279.7254,280.12183,279.62973,280.1594,279.97086,280.30594
2012-03-15 06:00:00,280.14883,280.05484,280.03336,280.19952,279.8005,280.3336
2012-03-15 09:00:00,281.01144,280.2664,280.46112,280.37723,280.25107,280.3301
2012-03-15 12:00:00,281.1925,280.72873,280.88028,280.36548,280.53775,280.31265
2012-03-15 15:00:00,281.23337,281.0185,281.2524,280.58603,281.21115,280.69098
2012-03-15 18:00:00,281.31424,280.6554,281.20804,281.15503,280.2487,280.4478
2012-03-15 21:00:00,280.5068,280.60886,280.6566,280.92813,280.29266,280.1589
2012-03-16 00:00:00,280.0554,280.4285,280.42532,280.56638,280.89548,280.7618
2012-03-16 03:00:00,280.17874,280.2172,280.81934,280.44385,280.6503,280.57632
2012-03-16 06:00:00,279.92163,280.2245,280.36374,280.1916,279.90115,280.68805
2012-03-16 09:00:00,279.61313,280.12015,280.10666,280.13165,279.82974,280.6701
2012-03-16 12:00:00,279.74063,280.08472,280.07565,280.01767,279.58865,280.6357
2012-03-16 15:00:00,279.67233,280.16113,279.84494,280.05328,279.60037,280.69168
2012-03-16 18:00:00,279.51987,280.10257,279.17664,280.1193,279.2191,280.6254
2012-03-16 21:00:00,280.17313,280.1853,280.06393,280.22812,280.03787,280.53555
2012-03-17 00:00:00,280.30762,280.05472,280.2284,280.14694,279.61026,280.498
2012-03-17 03:00:00,279.99927,280.08224,280.0284,280.09073,279.83182,280.5523
2012-03-17 06:00:00,279.29245,280.15805,279.9139,280.06528,279.02847,280.6906
2012-03-17 09:00:00,280.0978,280.23596,279.8594,280.00095,278.94113,280.69003
2012-03-17 12:00:00,279.35092,280.20578,279.1025,279.94406,277.25095,280.63385
2012-03-17 15:00:00,278.92142,280.1291,278.48245,279.99783,277.03357,280.61432
2012-03-17 18:00:00,278.79224,279.9964,278.72156,280.17413,278.64844,280.54068
2012-03-17 21:00:00,279.35617,279.94287,279.70798,280.27402,279.99036,280.369
2012-03-18 00:00:00,277.6017,279.7798,279.94235,280.36548,280.32608,280.69016
2012-03-18 03:00:00,279.07764,280.13516,279.10657,280.36255,277.53192,280.4837
2012-03-18 06:00:00,278.54196,280.05417,278.50305,280.21268,277.33255,280.54886
2012-03-18 09:00:00,278.36234,280.20422,278.54538,280.0095,276.6464,280.487
2012-03-18 12:00:00,276.58752,280.3122,277.88467,280.0282,276.04977,280.50632
2012-03-18 15:00:00,276.0465,280.18658,277.5391,279.96753,275.71213,280.5869
2012-03-18 18:00:00,276.8759,280.00977,277.51007,280.10126,276.6329,280.37405
2012-03-18 21:00:00,277.48868,279.82584,277.80737,279.9551,277.42892,280.34622
2012-03-19 00:00:00,278.31235,280.055,278.16257,279.81595,277.83847,280.60785
2012-03-19 03:00:00,276.87338,280.13214,277.70065,279.97723,276.4896,280.6861
2012-03-19 06:00:00,278.3819,279.9021,277.73502,279.90366,276.9905,280.65292
2012-03-19 09:00:00,277.81082,280.2023,277.86948,280.18103,276.4371,280.63983
2012-03-19 12:00:00,277.43704,280.33636,277.47287,280.02316,275.2949,280.58017
2012-03-19 15:00:00,277.37302,280.2659,277.1029,279.7937,275.60074,280.59412
2012-03-19 18:00:00,277.62894,280.0679,277.50757,280.1344,276.91287,280.47522
2012-03-19 21:00:00,278.57285,279.99863,278.40216,280.02176,278.69504,280.26373
2012-03-20 00:00:00,279.46,279.94504,279.231,279.98032,279.27255,280.46692
2012-03-20 03:00:00,279.30743,280.00375,279.3639,279.9984,279.2019,280.40506
2012-03-20 06:00:00,278.79208,280.1045,278.11728,279.96375,278.64658,280.53723
2012-03-20 09:00:00,279.17752,280.07367,277.90305,280.04816,278.6233,280.60944
2012-03-20 12:00:00,279.6859,280.00775,279.34787,280.0541,278.91113,280.4805
2012-03-20 15:00:00,279.23953,280.0045,278.78177,280.0474,278.447,280.5039
2012-03-20 18:00:00,279.20554,279.9926,279.07132,280.06204,278.8053,280.67163
2012-03-20 21:00:00,279.36356,279.9294,278.4325,280.0794,278.49838,280.55756
2012-03-21 00:00:00,278.49606,279.9984,277.6589,280.03088,279.14218,280.5161
2012-03-21 03:00:00,277.8494,280.00113,277.35474,280.03204,278.7913,280.51013
2012-03-21 06:00:00,277.6348,280.00284,278.15588,280.04117,278.31335,280.61282
2012-03-21 09:00:00,278.36618,280.0274,278.47717,280.00702,279.36502,280.62332
2012-03-21 12:00:00,278.0636,280.09195,277.3874,279.9617,277.27798,280.65143
2012-03-21 15:00:00,279.01956,280.00766,278.3727,280.02335,278.89578,280.5679
2012-03-21 18:00:00,279.5051,279.9434,279.24445,280.01822,279.6528,280.4525
2012-03-21 21:00:00,280.09195,279.8769,279.55508,280.0406,278.7753,280.34677
2012-03-22 00:00:00,279.62253,280.01578,279.78494,279.87527,279.37094,280.53018
2012-03-22 03:00:00,280.21255,280.18295,279.88754,279.85806,279.6742,280.43005
2012-03-22 06:00:00,279.61548,280.3167,279.67508,280.08914,279.0113,280.36865
2012-03-22 09:00:00,278.9858,280.32224,279.11728,280.0213,279.1477,280.28247
2012-03-22 12:00:00,278.2665,280.34015,278.6222,280.04578,278.5916,280.46198
2012-03-22 15:00:00,276.79504,280.1194,277.38675,279.93948,277.04648,280.34
2012-03-22 18:00:00,278.19485,279.36832,277.8908,280.09113,277.80896,280.59073
2012-03-22 21:00:00,279.7943,279.33643,279.36768,280.23447,278.87317,280.58395
2012-03-23 00:00:00,278.6196,279.32965,278.98032,280.1988,280.18616,280.56897
2012-03-23 03:00:00,278.84323,280.02164,279.30637,280.10666,279.9155,280.4601
2012-03-23 06:00:00,278.67444,280.15805,280.05264,280.00128,279.60947,280.7351
2012-03-23 09:00:00,278.03577,280.24997,280.14645,279.74493,279.35403,280.58524
2012-03-23 12:00:00,277.88083,280.26624,279.12708,279.78894,278.23035,280.49234
2012-03-23 15:00:00,277.2783,280.14066,278.83447,279.9252,276.69873,280.66827
2012-03-23 18:00:00,277.42258,279.27374,278.32605,280.10358,276.65634,280.6839
2012-03-23 21:00:00,278.9038,280.3875,278.97232,280.60522,278.4648,280.79956
2012-03-24 00:00:00,279.69733,279.85394,279.5547,280.58752,279.77048,281.0297
2012-03-24 03:00:00,279.7805,280.0237,279.84854,280.17212,280.01004,280.62564
2012-03-24 06:00:00,279.99228,280.0814,280.03583,279.7008,280.13168,280.5477
2012-03-24 09:00:00,280.01804,280.14465,279.774,279.71704,279.64624,280.54257
2012-03-24 12:00:00,279.91666,280.28436,279.31155,279.7797,278.02325,280.56454
2012-03-24 15:00:00,279.26572,279.8128,278.95593,280.14944,277.55826,280.7294
2012-03-24 18:00:00,279.5382,280.7892,279.2363,279.7465,279.7151,280.67517
2012-03-24 21:00:00,280.13113,281.44913,280.1207,281.07413,280.79544,279.5387
2012-03-25 00:00:00,280.54102,281.2315,280.71475,281.10535,280.87143,279.53195
2012-03-25 03:00:00,280.69788,280.29996,280.80286,280.56387,280.83026,280.85504
2012-03-25 06:00:00,280.65662,279.5447,280.7092,280.39996,280.62558,280.6368
2012-03-25 09:00:00,280.6054,279.52545,280.6179,280.30804,279.76883,280.597
2012-03-25 12:00:00,280.59222,280.05325,280.2294,280.0848,278.82675,280.56784
2012-03-25 15:00:00,280.12708,279.3943,279.47232,279.22012,278.6777,280.70712
2012-03-25 18:00:00,280.16565,281.5843,279.99478,281.1189,279.98953,279.87173
2012-03-25 21:00:00,280.7924,282.08496,280.82346,281.4167,280.79556,281.48877
2012-03-26 00:00:00,281.38577,281.69437,281.63242,281.27,280.80887,279.98303
2012-03-26 03:00:00,281.60825,279.44165,281.4977,281.03995,281.09775,281.29633
2012-03-26 06:00:00,281.38474,281.0595,281.11066,280.47256,281.2559,280.6659
2012-03-26 09:00:00,280.6165,280.64066,280.94897,280.52637,281.0395,280.6139
2012-03-26 12:00:00,280.7966,280.54803,280.66855,280.16312,280.33325,280.50757
2012-03-26 15:00:00,280.7236,280.34644,280.46664,279.4011,280.34085,280.80936
2012-03-26 18:00:00,280.39795,280.5828,280.4705,279.53543,280.7006,278.972
2012-03-26 21:00:00,280.57993,279.482,280.34845,280.94333,280.85645,280.55435
2012-03-27 00:00:00,280.6587,279.51376,280.52322,280.87704,280.87073,279.23648
2012-03-27 03:00:00,280.61536,280.51505,281.56238,280.69742,280.65762,280.79132
2012-03-27 06:00:00,280.68155,280.36475,282.09058,280.694,280.66025,280.8125
2012-03-27 09:00:00,280.67917,279.49417,281.66937,280.71658,280.91373,280.7625
2012-03-27 12:00:00,280.678,279.83118,281.4552,280.68567,280.8005,280.56796
2012-03-27 15:00:00,280.4363,280.3236,280.75137,280.41437,280.98227,280.34283
2012-03-27 18:00:00,280.91483,280.49014,281.07306,280.45224,281.22485,280.55057
2012-03-27 21:00:00,281.3138,279.5209,281.32736,280.82193,281.33322,280.7245
2012-03-28 00:00:00,281.6805,279.61804,281.835,280.82037,281.72076,280.7817
2012-03-28 03:00:00,281.61832,279.64627,282.03976,280.9793,281.54507,280.70227
2012-03-28 06:00:00,281.98038,279.63266,282.06186,280.85318,281.67896,280.79688
2012-03-28 09:00:00,281.67868,279.6579,281.47977,280.6522,281.58173,280.82596
2012-03-28 12:00:00,281.61462,279.74155,281.1215,280.80804,281.39523,280.63028
2012-03-28 15:00:00,281.01794,279.82373,280.87143,280.49402,280.81702,280.61246
2012-03-28 18:00:00,280.78577,279.47113,280.68497,280.77618,280.49402,280.23166
2012-03-28 21:00:00,281.54117,279.96848,281.0501,280.64676,279.94974,279.95047
2012-03-29 00:00:00,280.75742,280.29425,280.61398,280.61313,280.19876,280.61578
2012-03-29 03:00:00,280.59448,280.25916,280.62662,280.64944,280.20438,280.54996
2012-03-29 06:00:00,280.91214,280.51428,280.68387,280.61343,280.10703,280.43832
2012-03-29 09:00:00,280.92746,280.26062,280.5836,280.45703,280.05707,280.40308
2012-03-29 12:00:00,280.5931,280.4874,280.53378,280.50113,280.62604,280.41904
2012-03-29 15:00:00,280.96375,280.31796,281.1398,280.41745,280.79654,280.56763
2012-03-29 18:00:00,281.22025,280.49918,281.26413,280.59055,280.0925,280.47168
2012-03-29 21:00:00,281.33688,280.35107,281.35452,280.60056,279.67352,280.02707
2012-03-30 00:00:00,281.3328,280.35165,281.32602,280.45642,280.54572,280.58795
2012-03-30 03:00:00,280.40182,280.29404,280.55875,280.40454,279.83374,281.06808
2012-03-30 06:00:00,279.66525,280.1754,279.47104,280.4344,279.8444,280.85175
2012-03-30 09:00:00,279.72293,280.16336,279.4187,280.38193,279.70462,280.71075
2012-03-30 12:00:00,280.41443,280.36993,280.15018,280.2915,278.66754,280.6487
2012-03-30 15:00:00,280.38284,279.93756,279.95215,280.33066,279.00937,280.60593
2012-03-30 18:00:00,279.43802,280.03394,278.6883,280.34518,278.80716,280.3125
2012-03-30 21:00:00,280.53085,280.3474,279.783,280.33627,279.2043,280.71893
2012-03-31 00:00:00,281.14413,280.28534,280.2573,280.2213,279.78857,280.76794
2012-03-31 03:00:00,280.8258,280.00467,280.76294,280.39755,280.74667,280.8086
2012-03-31 06:00:00,280.01407,279.99652,280.32297,280.05533,279.53268,280.6312
2012-03-31 09:00:00,278.85,279.99356,280.33023,279.97125,278.53836,280.5936
2012-03-31 12:00:00,279.44736,280.00186,279.57962,279.98752,277.47543,280.64633
2012-03-31 15:00:00,279.44394,280.0225,279.03787,279.93637,277.5599,280.51566
2012-03-31 18:00:00,277.63467,280.01636,278.46118,280.17322,278.33282,280.3634
2012-03-31 21:00:00,278.14938,279.97696,277.9675,280.1974,277.322,280.37952
2012-04-01 00:00:00,280.91672,279.96753,279.97388,280.19037,276.59335,280.4545
2012-04-01 03:00:00,279.69815,280.0634,277.28043,280.15204,277.1772,280.8547
2012-04-01 06:00:00,278.098,280.09375,278.02063,280.4379,278.87253,280.6406
2012-04-01 09:00:00,279.35782,280.1845,279.61804,280.30215,279.00757,280.54114
2012-04-01 12:00:00,279.28732,280.06467,279.3788,279.92117,278.56534,280.5934
2012-04-01 15:00:00,279.93338,280.0771,279.81076,280.02902,278.93375,280.3417
2012-04-01 18:00:00,280.62155,280.349,280.18408,280.35455,279.75162,280.5201
2012-04-01 21:00:00,281.01425,280.4198,279.993,280.72098,280.71097,280.59293
2012-04-02 00:00:00,280.66922,280.42532,280.4742,280.6402,280.86816,280.63168
2012-04-02 03:00:00,281.06372,280.01978,280.71378,280.42703,281.1078,280.43158
2012-04-02 06:00:00,280.48398,279.68622,280.60342,280.44104,280.85852,280.3951
2012-04-02 09:00:00,280.76483,279.8401,280.70352,280.40295,280.76175,280.26627
2012-04-02 12:00:00,280.26706,280.055,279.9448,280.35843,280.53784,280.30627
2012-04-02 15:00:00,280.4547,280.22894,279.92105,280.36172,280.37283,280.77316
2012-04-02 18:00:00,280.9749,279.53192,280.13864,280.67654,280.10226,280.4088
2012-04-02 21:00:00,281.84116,280.9656,280.81784,280.84082,280.59988,280.4321
2012-04-03 00:00:00,281.98245,282.88254,281.62576,283.3723,280.61655,280.60248
2012-04-03 03:00:00,282.38797,286.20847,281.1858,283.85965,279.93484,280.666
2012-04-03 06:00:00,281.9006,285.51352,280.9778,282.46405,279.81628,280.94998
2012-04-03 09:00:00,280.76077,280.28012,280.16663,280.5668,279.37686,280.68677
2012-04-03 12:00:00,281.14444,279.52094,280.12106,280.52594,278.75766,280.52856
2012-04-03 15:00:00,279.77652,280.1602,279.11255,280.27496,278.4868,280.67453
2012-04-03 18:00:00,279.48138,279.9953,278.93268,280.22815,278.5636,280.66937
2012-04-03 21:00:00,280.63443,280.2385,279.7031,280.20895,280.171,280.50687
2012-04-04 00:00:00,279.83813,280.03024,279.92215,280.43362,280.18698,280.5127
2012-04-04 03:00:00,279.98886,279.5942,280.33157,280.25473,280.38663,280.667
2012-04-04 06:00:00,279.8873,279.92184,280.2516,280.03592,280.18002,280.65494
2012-04-04 09:00:00,279.3731,280.00256,280.09006,279.87045,279.96542,280.68375
2012-04-04 12:00:00,278.7572,280.00745,279.59802,279.72208,278.4143,280.6742
2012-04-04 15:00:00,277.8345,279.99298,279.12695,280.0285,277.8726,280.6542
2012-04-04 18:00:00,278.4973,279.8661,279.33127,280.19516,278.73587,280.5273
2012-04-04 21:00:00,279.51837,280.2589,280.2939,280.61996,279.85513,280.7458
2012-04-05 00:00:00,279.58475,280.33368,279.87936,280.62753,280.61917,280.82175
2012-04-05 03:00:00,280.02924,280.12756,280.56744,280.22763,280.86526,280.43494
2012-04-05 06:00:00,280.00067,280.37567,280.53403,280.35486,280.03342,280.60712
2012-04-05 09:00:00,279.519,280.36188,280.1476,280.42593,279.33994,280.58444
2012-04-05 12:00:00,278.7127,280.3092,279.50577,280.40503,278.6222,280.6059
2012-04-05 15:00:00,277.3121,280.0836,278.9182,279.7722,278.32245,280.388
2012-04-05 18:00:00,278.25574,280.0854,279.07474,280.37344,279.57172,280.5766
2012-04-05 21:00:00,279.27475,281.42987,279.57858,280.70157,280.24075,279.95114
2012-04-06 00:00:00,279.85074,281.05316,279.9602,280.763,280.63385,279.44528
2012-04-06 03:00:00,280.37088,280.19308,280.3396,280.63187,280.52637,281.08978
2012-04-06 06:00:00,280.31198,280.55157,280.18625,280.6396,280.527,280.50848
2012-04-06 09:00:00,279.40482,280.4907,280.07584,280.51846,279.9004,280.58478
2012-04-06 12:00:00,277.59045,280.18192,279.36115,280.0403,278.6742,280.63995
2012-04-06 15:00:00,277.1343,279.47867,279.17108,280.28226,278.3431,280.4646
2012-04-06 18:00:00,279.17664,279.50833,279.05835,280.48175,278.96045,279.06097
2012-04-06 21:00:00,279.67972,279.48047,279.4819,280.7612,279.9918,279.76715
2012-04-07 00:00:00,280.6982,279.69833,279.9343,280.7278,280.76797,280.42172
2012-04-07 03:00:00,281.16257,280.27557,279.8967,280.58704,280.6965,280.80417
2012-04-07 06:00:00,280.21457,280.406,280.2925,280.38742,280.3483,280.57748
2012-04-07 09:00:00,278.2805,280.36084,280.0325,280.07892,280.05936,280.65176
2012-04-07 12:00:00,278.3891,280.3369,279.76807,279.93332,278.66574,280.57086
2012-04-07 15:00:00,277.1288,279.99142,279.5228,280.40353,278.31967,280.54944
2012-04-07 18:00:00,279.5404,281.42822,279.66373,281.4829,279.47745,280.399
2012-04-07 21:00:00,280.60632,281.99463,280.6863,281.32922,280.90256,281.7969
2012-04-08 00:00:00,281.34158,281.99133,281.6272,281.3645,281.07108,281.9102
2012-04-08 03:00:00,281.74472,281.80234,281.78796,280.833,281.1857,280.94635
2012-04-08 06:00:00,281.70447,280.73428,281.74594,281.03262,281.18872,281.7059
2012-04-08 09:00:00,281.63162,279.9387,281.71133,280.74475,281.6502,281.08466
2012-04-08 12:00:00,281.25693,279.46,282.4303,280.29462,280.86032,280.8715
2012-04-08 15:00:00,281.61343,281.38535,281.85745,280.40173,280.06985,281.34973
2012-04-08 18:00:00,282.3699,282.08865,281.92123,281.39404,281.12976,281.8055
2012-04-08 21:00:00,282.5236,282.34634,282.55774,281.97662,281.45593,282.20538
2012-04-09 00:00:00,283.0701,282.3658,283.30148,282.14667,281.68716,282.3257
2012-04-09 03:00:00,283.37732,282.16925,283.2618,282.54297,281.34616,282.03857
2012-04-09 06:00:00,283.0649,281.937,282.57553,281.76358,281.89075,279.89117
2012-04-09 09:00:00,282.90305,281.75812,282.38617,281.4793,282.14642,280.2482
2012-04-09 12:00:00,282.55646,281.55508,282.14438,281.25253,281.47806,280.412
2012-04-09 15:00:00,282.02634,281.77887,281.82913,281.44443,281.42172,279.8821
2012-04-09 18:00:00,282.0128,282.2518,281.99826,281.8654,281.85056,282.12018
2012-04-09 21:00:00,282.14767,282.2875,282.0989,281.88043,281.63986,282.174
2012-04-10 00:00:00,282.36325,282.13904,282.3356,281.82474,281.4575,282.2312
2012-04-10 03:00:00,282.50522,281.49985,283.14575,280.8116,282.08475,282.2148
2012-04-10 06:00:00,282.7479,281.53986,283.02164,280.7111,282.42862,281.94086
2012-04-10 09:00:00,282.60565,281.71228,282.3276,281.26785,282.39023,281.81732
2012-04-10 12:00:00,282.61765,281.6626,282.41943,281.4856,281.74695,281.81503
2012-04-10 15:00:00,282.2004,281.82285,282.21277,281.65997,282.28198,280.94717
2012-04-10 18:00:00,282.31674,282.24628,282.29642,282.16168,282.61722,282.11002
2012-04-10 21:00:00,282.28323,282.3773,282.45554,282.287,281.95346,282.402
2012-04-11 00:00:00,282.21622,282.17776,282.61267,282.2683,281.91446,282.20087
2012-04-11 03:00:00,282.0785,281.63693,282.73544,281.13754,282.02774,279.735
2012-04-11 06:00:00,281.93787,280.97342,282.3018,280.52573,281.67725,280.1222
2012-04-11 09:00:00,281.63507,281.36996,282.10068,280.80148,281.62234,280.63965
2012-04-11 12:00:00,282.1689,282.00626,282.23126,280.43924,281.76953,281.14822
2012-04-11 15:00:00,281.8788,281.37024,282.14413,281.174,281.6345,279.86514
2012-04-11 18:00:00,281.91373,281.5883,282.10855,281.23083,281.4717,281.7427
2012-04-11 21:00:00,281.96667,281.71292,282.10648,281.13687,281.41965,281.92535
2012-04-12 00:00:00,281.8411,281.4807,282.27905,280.5588,281.42993,281.46054
2012-04-12 03:00:00,281.99252,280.82034,282.11557,280.74954,281.42163,279.29352
2012-04-12 06:00:00,282.36542,280.86783,282.06265,281.01993,281.79285,280.2158
2012-04-12 09:00:00,282.2428,281.1566,282.11978,281.23264,281.8658,280.3202
2012-04-12 12:00:00,281.79504,281.0968,281.8242,281.1904,281.10794,280.6543
2012-04-12 15:00:00,281.2037,281.02347,281.6719,280.88147,280.73093,279.42828
2012-04-12 18:00:00,282.07956,281.28616,281.75806,280.49344,281.39832,281.30145
2012-04-12 21:00:00,282.02524,281.406,282.20602,280.5965,281.90396,281.80652
2012-04-13 00:00:00,282.40494,281.0943,282.3003,280.65012,282.50565,280.88672
2012-04-13 03:00:00,282.0261,279.9896,282.2158,281.16635,282.3424,279.3186
2012-04-13 06:00:00,281.96082,280.6074,282.5325,280.6509,281.8922,280.36322
2012-04-13 09:00:00,281.8231,280.51627,282.25803,280.4769,281.70602,280.83856
2012-04-13 12:00:00,281.58936,280.4402,281.41605,280.40866,281.46133,281.15244
2012-04-13 15:00:00,281.0241,279.94974,281.07703,280.8445,281.68994,279.27075
2012-04-13 18:00:00,281.6029,281.50323,281.9026,280.57,282.5226,281.33514
2012-04-13 21:00:00,282.7822,281.64896,282.87454,281.0107,283.1149,281.9437
2012-04-14 00:00:00,283.40225,281.80692,283.56296,281.4512,283.77908,281.88632
2012-04-14 03:00:00,283.68216,281.12717,283.54178,281.1435,283.02115,279.28076
2012-04-14 06:00:00,283.0592,281.04187,283.07327,280.78156,282.18814,280.51044
2012-04-14 09:00:00,282.44412,281.06927,282.3909,280.9903,281.61084,280.82028
2012-04-14 12:00:00,282.0864,281.09482,281.8201,280.8688,281.11722,281.20178
2012-04-14 15:00:00,281.6915,280.6273,281.51532,280.86472,281.23587,280.57217
2012-04-14 18:00:00,282.17825,281.52527,282.26877,280.6323,282.44568,281.201
2012-04-14 21:00:00,282.66824,281.83423,283.01718,281.33682,284.13712,282.10367
2012-04-15 00:00:00,282.95905,281.85892,283.18307,281.7781,284.42664,282.11282
2012-04-15 03:00:00,283.17004,280.8562,282.99118,280.8973,283.62735,280.0027
2012-04-15 06:00:00,282.88623,280.97626,283.16254,280.8394,282.69138,280.5363
2012-04-15 09:00:00,282.57764,280.4065,283.04764,280.8168,282.21558,280.66837
2012-04-15 12:00:00,280.72498,280.28116,281.98917,280.65366,281.15268,281.0159
2012-04-15 15:00:00,281.15433,279.43057,281.5086,280.5812,280.74588,279.64047
2012-04-15 18:00:00,281.98633,281.06198,281.82556,281.01202,281.81387,281.76123
2012-04-15 21:00:00,282.9035,281.57895,282.81082,280.974,282.45834,282.03842
2012-04-16 00:00:00,283.63943,281.78302,283.227,281.45407,283.09937,282.1293
2012-04-16 03:00:00,283.9922,280.99393,283.94055,281.36615,283.00027,281.84705
2012-04-16 06:00:00,283.5559,280.78485,283.4725,281.07547,281.94092,279.93265
2012-04-16 09:00:00,282.4071,280.86795,282.4728,280.8672,281.26498,280.7409
2012-04-16 12:00:00,281.88168,280.1236,282.15176,280.91522,281.8668,280.97852
2012-04-16 15:00:00,281.36145,280.21402,281.56638,280.9198,282.0046,280.98773
2012-04-16 18:00:00,283.4353,279.7534,282.6329,280.86835,282.4491,280.9308
2012-04-16 21:00:00,283.89615,280.18942,284.13168,280.8441,283.35202,280.69324
2012-04-17 00:00:00,283.46878,280.51877,283.3367,280.87274,282.8946,280.37137
2012-04-17 03:00:00,282.63864,280.0762,282.8911,280.6271,282.6548,281.25076
2012-04-17 06:00:00,281.81042,280.68732,282.29178,280.76144,281.86035,280.78506
2012-04-17 09:00:00,281.56805,280.5818,281.93958,280.58078,281.45108,280.8005
2012-04-17 12:00:00,281.54214,280.20847,281.79462,280.54602,280.80347,280.68323
2012-04-17 15:00:00,280.93555,280.29004,280.85995,280.71048,280.9352,280.87405
2012-04-17 18:00:00,281.2482,279.44717,281.30844,280.814,281.5911,280.6768
2012-04-17 21:00:00,281.65402,279.6374,281.47632,280.80478,281.2501,280.631
2012-04-18 00:00:00,281.74814,279.59268,281.48447,280.7857,280.63382,280.69
2012-04-18 03:00:00,281.97995,280.34387,282.0004,280.66504,281.16296,280.79538
2012-04-18 06:00:00,281.64908,280.2741,281.57755,280.65686,281.38083,280.83945
2012-04-18 09:00:00,281.27908,280.3637,281.06973,280.6228,281.2341,280.7219
2012-04-18 12:00:00,281.78232,280.36655,281.37207,280.58414,281.39648,280.58646
2012-04-18 15:00:00,282.1986,280.43146,282.06018,280.61572,282.03238,280.6069
2012-04-18 18:00:00,282.78683,280.46545,282.86786,280.9427,281.68716,279.1831
2012-04-18 21:00:00,282.95654,280.21188,282.47495,280.83994,282.10306,279.53802
2012-04-19 00:00:00,283.65897,280.2579,283.0414,280.94464,282.7416,279.57706
2012-04-19 03:00:00,282.98892,280.2174,283.29187,280.7187,282.69656,281.1849
2012-04-19 06:00:00,282.54355,279.569,283.21097,280.69907,281.99448,281.5533
2012-04-19 09:00:00,282.11255,280.49695,282.51596,280.75763,281.50748,281.56592
2012-04-19 12:00:00,281.1616,280.42606,281.57248,280.7951,280.54407,281.56656
2012-04-19 15:00:00,281.027,279.42477,281.64212,280.78275,280.753,281.08493
2012-04-19 18:00:00,282.8955,280.71857,282.4732,280.53815,282.00632,280.7447
2012-04-19 21:00:00,283.32025,280.422,282.99576,280.92175,282.24487,280.67844
2012-04-20 00:00:00,282.5062,280.34506,282.27054,280.77237,281.59012,280.66263
2012-04-20 03:00:00,282.2235,280.1318,282.1956,281.00735,282.083,279.90384
2012-04-20 06:00:00,282.95862,280.555,282.8143,280.9437,282.8173,280.63602
2012-04-20 09:00:00,283.59705,280.84082,283.5435,280.9328,282.2322,281.4599
2012-04-20 12:00:00,283.37216,279.98523,283.0967,280.7836,280.88144,280.88046
2012-04-20 15:00:00,282.24283,280.93915,282.18558,280.7739,281.03482,280.92746
2012-04-20 18:00:00,282.4149,281.23715,282.38684,281.00555,281.9663,279.73767
2012-04-20 21:00:00,283.03488,281.4697,282.8759,280.68527,282.53738,281.52356
2012-04-21 00:00:00,283.2148,281.51498,283.14917,280.88806,282.56894,281.47653
2012-04-21 03:00:00,283.3339,279.97623,283.83942,281.21686,282.5955,279.42316
2012-04-21 06:00:00,283.2712,280.70172,283.9023,280.62012,282.57837,281.27652
2012-04-21 09:00:00,282.8953,280.37265,283.45776,280.54916,282.07602,281.31326
2012-04-21 12:00:00,281.13303,280.13855,282.31647,280.5537,280.4431,280.91153
2012-04-21 15:00:00,280.12793,280.71423,282.2174,281.24008,280.5054,280.9444
2012-04-21 18:00:00,281.18973,281.58502,282.02533,281.19638,281.40457,281.75818
2012-04-21 21:00:00,282.05295,281.94464,282.0009,281.38943,281.87384,282.1395
2012-04-22 00:00:00,282.55722,281.99133,282.2002,281.4792,281.9849,282.13113
2012-04-22 03:00:00,283.19284,281.6874,282.71585,281.2154,281.74615,281.62308
2012-04-22 06:00:00,283.06564,281.74933,282.72784,281.32104,281.0701,279.54086
2012-04-22 09:00:00,283.08447,281.7489,282.67355,281.36337,280.80396,279.70465
2012-04-22 12:00:00,283.1688,281.82553,282.6165,281.15955,281.6332,279.71164
2012-04-22 15:00:00,282.8854,281.97385,282.67145,281.97855,282.07272,279.79965
2012-04-22 18:00:00,283.05112,282.405,283.1549,282.1101,282.52298,281.75958
2012-04-22 21:00:00,283.52075,282.5013,283.7238,282.24887,283.26492,281.90842
2012-04-23 00:00:00,283.89783,282.6393,284.09753,282.85553,284.76852,281.94086
2012-04-23 03:00:00,284.3702,282.44736,285.00073,283.22644,283.86795,281.17593
2012-04-23 06:00:00,284.60837,282.288,284.12448,282.70978,283.62134,279.91046
2012-04-23 09:00:00,284.24252,281.02478,284.1489,281.79364,283.4077,279.83243
2012-04-23 12:00:00,283.90125,280.71814,283.50415,281.14722,282.86404,279.95535
2012-04-23 15:00:00,283.2206,282.06003,283.24466,281.86975,282.8828,279.90747
2012-04-23 18:00:00,283.45663,282.42438,283.46426,282.44852,283.6815,282.35883
2012-04-23 21:00:00,283.95093,282.78082,284.2584,282.4515,283.91147,282.28717
2012-04-24 00:00:00,284.36224,282.78482,284.34277,282.66785,283.97214,282.181
2012-04-24 03:00:00,284.18637,282.73553,283.73822,283.30618,283.82193,282.28537
2012-04-24 06:00:00,283.78833,282.58276,283.60992,282.76514,283.19083,279.91025
2012-04-24 09:00:00,283.61804,282.12195,283.44592,281.92596,282.68677,280.5224
2012-04-24 12:00:00,283.2621,281.77808,282.87308,280.59296,281.5244,280.76926
2012-04-24 15:00:00,283.0411,281.76913,282.6919,281.11774,280.82935,279.63342
2012-04-24 18:00:00,283.68982,281.98862,283.18857,282.32242,281.5341,282.10522
2012-04-24 21:00:00,284.34326,281.8955,284.1669,283.44498,283.48935,282.52737
2012-04-25 00:00:00,284.0483,281.54153,284.2391,280.64514,283.87616,282.8212
2012-04-25 03:00:00,283.15234,281.3173,283.42368,280.69855,283.5997,279.92337
2012-04-25 06:00:00,282.55988,281.3978,282.3253,280.64966,282.3782,280.74115
2012-04-25 09:00:00,282.82278,281.62848,282.99384,280.82712,282.06717,280.52908
2012-04-25 12:00:00,283.6483,281.944,283.5976,281.0431,282.85327,279.68744
2012-04-25 15:00:00,284.2295,282.1294,283.8969,281.4834,283.25912,279.8454
2012-04-25 18:00:00,284.6304,282.50674,284.2065,282.53116,283.5497,281.87625
2012-04-25 21:00:00,284.49896,284.25272,284.186,283.5708,283.64114,282.0119
2012-04-26 00:00:00,284.5682,284.35846,284.4764,284.36063,283.56393,282.1688
2012-04-26 03:00:00,284.23535,283.4438,284.29483,283.24753,283.29855,280.67886
2012-04-26 06:00:00,283.55014,282.66803,283.82532,281.98813,282.6508,279.68732
2012-04-26 09:00:00,281.97025,281.45502,283.1752,280.82852,282.3595,280.7363
2012-04-26 12:00:00,283.0862,281.20312,283.47342,280.5443,282.11703,280.96768
2012-04-26 15:00:00,283.5618,280.83237,283.4365,280.62714,282.10992,280.5528
2012-04-26 18:00:00,283.25763,280.61694,283.2545,281.15036,282.94217,279.8633
2012-04-26 21:00:00,283.28305,280.964,283.23196,280.61902,282.47534,281.67523
2012-04-27 00:00:00,283.75317,281.00412,283.6851,280.6019,282.7658,280.0077
2012-04-27 03:00:00,282.92245,280.08725,283.8909,280.87158,282.2543,279.66977
2012-04-27 06:00:00,282.72372,279.9364,282.42834,280.84695,281.6489,280.54977
2012-04-27 09:00:00,282.566,279.48102,282.40652,280.75287,281.5567,281.06665
2012-04-27 12:00:00,282.4198,279.6508,282.5704,280.84155,281.33365,281.0865
2012-04-27 15:00:00,282.7538,279.50436,282.474,280.95972,281.0778,279.8566
2012-04-27 18:00:00,283.4569,279.75314,282.9976,280.7638,282.93704,280.36673
2012-04-27 21:00:00,283.7885,280.6803,283.7312,281.08853,283.69788,281.38412
2012-04-28 00:00:00,284.29068,280.74118,283.8497,281.17596,283.316,281.0237
2012-04-28 03:00:00,283.75992,279.97104,283.9764,280.84656,282.63306,279.36633
2012-04-28 06:00:00,283.53738,279.6568,283.6903,280.86862,282.75977,280.17142
2012-04-28 09:00:00,283.26895,280.00952,283.46976,280.7416,282.88034,280.46548
2012-04-28 12:00:00,281.98413,279.94034,282.49548,280.7754,282.69067,280.14072
2012-04-28 15:00:00,281.66177,280.2857,282.40067,280.81998,282.43512,279.22122
2012-04-28 18:00:00,282.8414,280.80704,282.6564,281.01138,282.54935,281.9967
2012-04-28 21:00:00,282.94247,281.31674,283.04385,280.77725,282.8313,281.7436
2012-04-29 00:00:00,283.03275,281.37936,283.24597,280.66223,283.0404,281.73105
2012-04-29 03:00:00,283.2055,280.81604,283.35648,280.9454,283.0309,279.64853
2012-04-29 06:00:00,282.94495,280.8821,283.1329,281.1099,282.75864,279.48282
2012-04-29 09:00:00,282.87027,280.8376,283.10422,281.01404,282.5914,279.42307
2012-04-29 12:00:00,283.03656,280.96707,282.91605,280.76022,282.43262,279.84476
2012-04-29 15:00:00,282.7898,281.04587,282.7333,280.49774,282.43967,279.4305
2012-04-29 18:00:00,282.83133,281.61447,283.2432,281.15045,282.71414,281.44473
2012-04-29 21:00:00,282.84952,281.68646,283.28677,281.67404,282.77573,281.91992
2012-04-30 00:00:00,283.02737,281.85178,283.45056,281.6466,282.8248,282.27448
2012-04-30 03:00:00,283.72696,281.00284,283.7402,280.55325,283.18246,279.34552
2012-04-30 06:00:00,283.86734,280.5556,283.68924,280.93954,282.98584,280.4381
2012-04-30 09:00:00,282.9602,280.3627,283.37064,280.74924,282.571,280.69244
2012-04-30 12:00:00,281.94064,279.49246,282.48242,280.83542,282.2321,280.73233
2012-04-30 15:00:00,281.8569,279.58652,282.0934,280.8802,282.59006,280.7072
2012-04-30 18:00:00,283.4064,280.04422,283.67496,280.63812,283.0887,279.80725
2012-04-30 21:00:00,284.11755,280.59515,284.3369,280.74942,283.52817,279.181
2012-05-01 00:00:00,283.618,280.51132,283.77158,281.04822,282.34485,279.67908
2012-05-01 03:00:00,283.18472,280.72195,282.7733,281.04483,281.3628,280.55753
2012-05-01 06:00:00,282.7352,279.41232,282.3533,280.56357,281.24597,280.80313
2012-05-01 09:00:00,282.1985,280.3697,281.76538,280.866,281.31088,281.01495
2012-05-01 12:00:00,282.37497,280.40933,282.48508,280.80453,281.34885,281.34003
2012-05-01 15:00:00,282.45682,280.59644,282.61154,280.90457,281.4526,280.90173
2012-05-01 18:00:00,282.98523,279.66153,282.566,280.9029,281.5955,280.67258
2012-05-01 21:00:00,282.48428,280.5779,281.83347,280.88245,281.13806,280.658
2012-05-02 00:00:00,282.77975,280.54044,281.66776,280.93774,281.22086,280.7234
2012-05-02 03:00:00,282.83066,280.36337,282.36523,280.8222,281.32114,280.80737
2012-05-02 06:00:00,282.41266,280.30804,282.92392,280.6801,280.73776,280.95035
2012-05-02 09:00:00,282.03317,280.28,281.6432,280.62817,280.6882,281.1046
2012-05-02 12:00:00,280.53516,280.24426,281.1686,280.6425,280.7336,281.18347
2012-05-02 15:00:00,280.16373,280.38254,281.18228,280.7491,280.51596,280.8597
2012-05-02 18:00:00,281.37527,279.43057,280.96512,280.95862,281.10733,280.5475
2012-05-02 21:00:00,282.48184,280.30878,282.0831,280.97455,281.84857,279.6705
2012-05-03 00:00:00,283.02835,279.8445,282.95773,281.17627,282.44022,280.04776
2012-05-03 03:00:00,283.1807,280.27835,283.2698,281.0943,282.31775,280.61438
2012-05-03 06:00:00,283.07367,280.59055,283.4714,281.12234,282.32413,280.80676
2012-05-03 09:00:00,282.56824,280.48288,283.31073,280.99008,281.88492,280.85178
2012-05-03 12:00:00,281.6947,280.43085,282.79648,281.10303,280.96085,280.91354
2012-05-03 15:00:00,281.07712,279.99606,281.4783,280.80673,281.29196,280.1623
2012-05-03 18:00:00,281.54105,280.99368,281.4296,281.02713,282.20648,279.80075
2012-05-03 21:00:00,282.02112,281.5298,282.2219,280.77765,282.66858,281.1774
2012-05-04 00:00:00,282.33957,281.71783,282.81845,281.39948,282.76303,280.60385
2012-05-04 03:00:00,282.71164,280.50598,282.49826,281.0687,282.31577,280.77875
2012-05-04 06:00:00,282.6843,280.6496,282.698,280.76855,281.64774,280.86084
2012-05-04 09:00:00,282.4434,279.69363,281.8101,280.57587,280.3721,281.06415
2012-05-04 12:00:00,281.7734,280.44858,281.27396,280.78378,280.96,281.25705
2012-05-04 15:00:00,281.46973,279.87042,281.44058,280.88657,281.67343,280.76553
2012-05-04 18:00:00,281.3345,280.19995,281.81088,280.7727,281.82056,279.4556
2012-05-04 21:00:00,281.56345,281.03976,282.50168,281.13925,280.9362,280.77982
2012-05-05 00:00:00,281.95215,281.34546,282.3892,281.06586,282.04126,280.35608
2012-05-05 03:00:00,282.5654,280.99796,282.49594,281.16043,281.1331,280.6536
2012-05-05 06:00:00,282.4467,279.68356,282.65137,280.71454,281.3077,281.19006
2012-05-05 09:00:00,282.03052,280.28656,282.0929,280.68658,281.4815,281.25623
2012-05-05 12:00:00,281.73544,280.197,281.76212,280.7554,280.04553,280.74432
2012-05-05 15:00:00,281.16763,280.53705,281.81906,280.767,279.84048,280.73605
2012-05-05 18:00:00,281.53598,279.91388,282.0215,281.07126,281.23495,280.1319
2012-05-05 21:00:00,282.56216,281.07773,282.52396,281.0405,282.51636,281.83398
2012-05-06 00:00:00,283.23816,281.3874,283.32446,280.84076,283.1079,280.69925
2012-05-06 03:00:00,283.6356,280.56577,283.53934,280.87405,283.22562,279.416
2012-05-06 06:00:00,283.39957,280.8442,283.8906,281.01996,283.32565,280.54233
2012-05-06 09:00:00,281.7025,280.56546,283.59146,280.94196,283.03946,280.8837
2012-05-06 12:00:00,280.56955,280.47186,282.58597,280.66818,282.58353,280.7077
2012-05-06 15:00:00,280.82724,280.08893,282.0124,280.99817,282.20383,279.6715
2012-05-06 18:00:00,282.00003,281.64044,282.15405,281.34482,282.66006,281.27783
2012-05-06 21:00:00,283.2277,282.1698,283.2593,282.1752,283.35535,281.7404
2012-05-07 00:00:00,283.45126,282.22104,284.0266,282.53415,283.58115,282.0701
2012-05-07 03:00:00,283.5245,282.1251,284.27762,281.8631,283.6477,282.1854
2012-05-07 06:00:00,283.58054,280.83304,284.27713,281.46225,283.6825,280.06958
2012-05-07 09:00:00,283.5666,281.03906,284.20612,280.77237,283.4364,280.59354
2012-05-07 12:00:00,283.25305,281.08878,284.34702,280.95612,282.90994,281.3109
2012-05-07 15:00:00,282.5269,282.00406,283.86533,282.57925,283.047,281.86035
2012-05-07 18:00:00,283.49747,282.4536,284.0729,282.64673,283.68002,282.36435
2012-05-07 21:00:00,283.89786,282.7779,284.70227,283.649,284.11572,282.66434
2012-05-08 00:00:00,283.8602,282.74155,284.8492,283.75723,284.93912,282.99072
2012-05-08 03:00:00,283.74338,282.87985,284.8572,283.48846,285.09348,282.73233
2012-05-08 06:00:00,284.05826,282.76147,284.993,282.38797,285.1436,282.0088
2012-05-08 09:00:00,284.28665,281.42856,285.32355,280.91153,284.79834,279.90326
2012-05-08 12:00:00,283.50223,280.5822,284.71164,281.13254,284.04544,279.87546
2012-05-08 15:00:00,283.7439,281.99817,284.09726,281.5964,283.84457,279.8316
2012-05-08 18:00:00,284.11612,282.13385,284.96304,282.98926,283.80807,281.69778
2012-05-08 21:00:00,284.1166,282.49173,285.32565,283.50235,284.4629,282.00754
2012-05-09 00:00:00,284.5344,282.6604,285.62402,283.39862,284.81982,281.98056
2012-05-09 03:00:00,284.84106,282.0665,285.64328,281.72083,283.7857,280.39642
2012-05-09 06:00:00,284.0637,281.0593,284.05154,281.19766,282.50864,281.12054
2012-05-09 09:00:00,282.90427,281.0782,282.96793,280.43567,281.5295,281.34396
2012-05-09 12:00:00,282.48508,281.0271,282.696,280.8083,280.977,281.2966
2012-05-09 15:00:00,282.47034,280.38757,282.6172,280.76282,281.14285,280.7374
2012-05-09 18:00:00,282.99567,281.47983,283.16138,280.51154,281.80307,279.62787
2012-05-09 21:00:00,283.16006,281.69852,283.2156,281.1788,280.52695,279.9188
2012-05-10 00:00:00,282.51996,281.7601,283.62933,281.161,280.8727,279.49927
2012-05-10 03:00:00,283.20837,280.71222,283.41006,281.1799,281.76245,280.79077
2012-05-10 06:00:00,282.7572,279.80756,282.92587,280.91272,280.9596,281.3711
2012-05-10 09:00:00,282.40027,280.7212,282.1754,280.6226,280.38916,281.2386
2012-05-10 12:00:00,282.31992,280.69293,282.0486,280.49228,280.09674,281.2182
2012-05-10 15:00:00,282.21436,280.3561,282.15164,280.76593,280.71402,280.67456
2012-05-10 18:00:00,282.48538,281.5293,282.6683,280.6014,281.58594,279.8077
2012-05-10 21:00:00,283.21143,281.66318,284.18637,280.9976,283.44907,281.7276
2012-05-11 00:00:00,283.70145,281.76285,285.193,281.62546,284.12552,281.87604
2012-05-11 03:00:00,284.14694,281.24268,285.43335,281.52896,284.2782,279.58572
2012-05-11 06:00:00,284.8221,281.1576,285.01904,280.97638,282.93057,280.8134
2012-05-11 09:00:00,284.49796,280.93378,284.5349,280.8003,282.03647,281.26035
2012-05-11 12:00:00,281.8671,280.4032,283.51428,280.87146,281.26547,281.4411
2012-05-11 15:00:00,280.04495,281.97037,282.4907,280.63492,281.30167,280.52847
2012-05-11 18:00:00,281.9998,281.9766,283.2959,281.90857,283.08994,281.97043
2012-05-11 21:00:00,283.98196,282.31116,284.78525,282.4477,284.6431,282.13788
2012-05-12 00:00:00,284.65155,282.60516,285.75998,282.74783,284.72855,282.24704
2012-05-12 03:00:00,284.98343,283.13992,286.13794,282.8892,284.6968,282.099
2012-05-12 06:00:00,285.25345,282.81735,286.04544,282.36,284.72186,280.51453
2012-05-12 09:00:00,285.12057,283.3388,285.85336,281.04776,284.78235,281.4965
2012-05-12 12:00:00,284.2452,283.74857,284.8689,281.09042,283.58505,281.74966
2012-05-12 15:00:00,283.53635,282.1221,283.77554,282.21445,283.23492,282.28336
2012-05-12 18:00:00,283.8002,282.69666,284.42282,282.41318,284.42062,282.70926
2012-05-12 21:00:00,284.10788,284.0883,284.6812,283.09055,285.11996,283.81934
2012-05-13 00:00:00,284.46472,284.2102,285.08774,283.49164,285.54477,283.91675
2012-05-13 03:00:00,285.07846,283.27914,286.61475,283.9319,285.15717,282.3383
2012-05-13 06:00:00,285.4501,284.85867,286.25818,282.98254,285.4426,281.99243
2012-05-13 09:00:00,285.1993,284.76398,286.19373,282.31955,285.29605,281.45938
2012-05-13 12:00:00,285.4915,283.97714,285.52176,282.6205,284.59927,280.66534
2012-05-13 15:00:00,285.07108,282.72546,285.1458,282.64783,284.91794,282.08835
2012-05-13 18:00:00,285.33023,284.31497,285.68033,283.31863,286.55008,282.90353
2012-05-13 21:00:00,286.20154,284.62387,286.6642,284.3831,287.95828,283.71677
2012-05-14 00:00:00,287.25183,284.7095,287.4243,284.58093,288.3925,283.6174
2012-05-14 03:00:00,288.16226,284.9772,287.72192,284.64545,287.59268,282.6044
2012-05-14 06:00:00,287.35446,286.05127,287.16782,285.52332,286.3567,282.31818
2012-05-14 09:00:00,286.5757,286.35254,286.21396,285.47787,285.52112,282.13196
2012-05-14 12:00:00,286.24313,285.90515,286.021,285.0788,285.41666,282.05182
2012-05-14 15:00:00,286.0856,283.35498,286.1667,283.06525,286.1426,282.30075
2012-05-14 18:00:00,286.60233,284.64224,286.91434,284.44006,286.78226,284.54437
2012-05-14 21:00:00,287.14243,284.76654,287.59076,284.7666,288.0839,284.76105
2012-05-15 00:00:00,287.74677,284.7664,289.17587,284.7678,290.68112,284.48148
2012-05-15 03:00:00,288.85657,284.4948,289.1473,284.66843,288.34216,282.71936
2012-05-15 06:00:00,288.56747,286.12418,288.13535,285.8072,286.96344,282.06824
2012-05-15 09:00:00,287.52527,286.5682,287.2711,286.1115,285.94223,281.6405
2012-05-15 12:00:00,286.29398,286.43924,286.13748,284.68536,285.06546,281.49066
2012-05-15 15:00:00,285.8582,284.30756,285.99246,284.6709,285.22696,282.06033
2012-05-15 18:00:00,286.17114,284.22318,286.85318,284.35962,286.7877,282.71295
2012-05-15 21:00:00,286.74307,284.46136,288.1903,284.43903,288.04385,282.80527
2012-05-16 00:00:00,287.51602,284.32858,288.49582,284.32178,287.78387,282.75168
2012-05-16 03:00:00,287.84085,284.52548,288.1856,284.7544,286.2865,282.09525
2012-05-16 06:00:00,287.25244,286.28058,287.33365,285.1768,285.367,281.21252
2012-05-16 09:00:00,286.1213,285.75864,286.19907,283.41312,285.03036,279.86313
2012-05-16 12:00:00,285.01788,283.4063,284.97757,282.41974,284.01578,279.96094
2012-05-16 15:00:00,284.61136,282.6579,284.57742,282.81458,284.3744,281.1383
2012-05-16 18:00:00,285.32626,282.8134,285.8312,282.94592,285.6514,282.12805
2012-05-16 21:00:00,286.43478,283.5648,287.41495,284.49658,286.59326,282.41556
2012-05-17 00:00:00,287.31967,284.39252,287.84714,284.69632,286.82584,282.22668
2012-05-17 03:00:00,286.89743,285.54605,286.7728,285.2948,285.62454,282.06015
2012-05-17 06:00:00,285.55368,284.24066,285.31247,282.5724,284.39563,280.365
2012-05-17 09:00:00,284.72806,281.05997,284.47855,281.17996,283.63486,280.86905
2012-05-17 12:00:00,284.15695,281.2395,283.95047,280.68896,282.92172,280.69293
2012-05-17 15:00:00,283.9006,281.97018,284.00284,281.41467,283.51538,279.58838
2012-05-17 18:00:00,284.63254,282.33066,285.16898,282.60745,285.1703,281.8903
2012-05-17 21:00:00,286.0836,283.50278,286.82358,283.65186,285.6834,282.10715
2012-05-18 00:00:00,286.50314,284.51126,287.13974,284.84198,285.39536,281.9151
2012-05-18 03:00:00,285.92465,284.98044,286.02066,283.0269,284.30692,279.9201
2012-05-18 06:00:00,284.68103,281.36966,284.3887,281.4728,283.15665,280.7797
2012-05-18 09:00:00,283.86243,280.88046,283.58984,280.9024,282.46487,280.8277
2012-05-18 12:00:00,283.5464,281.02103,283.28098,281.17465,281.88522,280.91568
2012-05-18 15:00:00,283.4143,281.48093,283.17123,280.95068,282.2548,279.64212
2012-05-18 18:00:00,283.83594,282.05746,283.55423,282.1543,284.2007,282.06723
2012-05-18 21:00:00,284.40683,282.30865,284.56622,282.71268,285.19803,282.30063
2012-05-19 00:00:00,285.51746,282.6353,285.29184,283.23157,285.4094,282.26694
2012-05-19 03:00:00,285.5899,282.89114,286.04422,282.949,285.24155,282.32285
2012-05-19 06:00:00,285.23734,281.84085,286.42896,282.05173,285.03275,279.895
2012-05-19 09:00:00,283.92908,281.15378,285.34177,281.10324,284.2002,280.5819
2012-05-19 12:00:00,282.6567,281.02368,283.98215,280.71292,283.10767,280.8006
2012-05-19 15:00:00,282.6011,281.84036,283.67133,282.16605,282.91104,281.9327
2012-05-19 18:00:00,283.68854,282.27722,283.72025,282.50714,284.03122,282.1924
2012-05-19 21:00:00,284.84604,282.62354,284.99158,282.78098,284.728,282.55377
2012-05-20 00:00:00,285.0981,282.8109,285.5664,283.33444,284.8789,282.60358
2012-05-20 03:00:00,285.20282,283.82867,285.60007,283.80807,284.91068,282.16513
2012-05-20 06:00:00,285.5176,284.98065,286.1525,283.81857,284.85938,280.96494
2012-05-20 09:00:00,285.11597,281.3038,285.57166,281.73123,284.9795,279.5545
2012-05-20 12:00:00,284.65482,281.37094,285.2756,281.67944,284.71933,280.70135
2012-05-20 15:00:00,284.44556,282.32864,284.92783,282.74686,284.51807,282.20407
2012-05-20 18:00:00,285.20407,282.61664,284.7321,282.85114,284.4906,282.3023
2012-05-20 21:00:00,284.53638,282.83072,284.7529,282.82736,284.35852,282.28165
2012-05-21 00:00:00,283.90042,282.8738,284.0732,283.9454,284.45248,282.35703
2012-05-21 03:00:00,283.87183,283.08514,283.85666,283.44525,283.89392,279.98502
2012-05-21 06:00:00,283.91895,285.2026,284.10233,283.92087,283.92184,279.81018
2012-05-21 09:00:00,283.9264,284.4106,284.0873,283.4443,284.19138,279.88864
2012-05-21 12:00:00,284.01416,283.0215,284.03278,283.04312,284.3044,279.95645
2012-05-21 15:00:00,284.47888,282.35715,284.5946,283.35123,284.56946,281.89853
2012-05-21 18:00:00,284.8027,282.32516,284.83667,283.2984,284.69504,281.59042
2012-05-21 21:00:00,284.74292,282.7668,284.72217,283.70697,284.95398,281.99585
2012-05-22 00:00:00,284.63297,284.0469,284.78616,284.42358,285.08472,282.04477
2012-05-22 03:00:00,284.78842,282.9653,284.7861,284.33322,285.41934,280.8829
2012-05-22 06:00:00,285.31564,282.37515,285.05997,282.01822,284.92114,280.18488
2012-05-22 09:00:00,284.78918,281.84866,284.77087,281.04984,284.10364,281.15524
2012-05-22 12:00:00,284.41052,281.31186,284.469,280.99716,282.88962,281.10416
2012-05-22 15:00:00,284.0531,281.30313,284.12714,281.34882,283.33255,279.46576
2012-05-22 18:00:00,284.1204,282.1752,284.44797,281.88257,284.42834,281.73828
2012-05-22 21:00:00,284.3558,282.49612,283.9297,282.6678,284.19858,281.92352
2012-05-23 00:00:00,283.8738,282.5115,284.15494,282.7341,283.9769,282.30267
2012-05-23 03:00:00,283.58817,282.33096,284.14526,281.79437,284.0217,279.82712
2012-05-23 06:00:00,283.47415,281.77625,284.15796,281.39203,283.65976,280.62054
2012-05-23 09:00:00,283.7698,281.4986,284.122,281.28918,284.10794,280.5848
2012-05-23 12:00:00,284.1028,281.25778,284.23572,281.5525,283.88235,279.96445
2012-05-23 15:00:00,284.04538,281.40854,283.45193,281.56635,284.02194,279.66162
2012-05-23 18:00:00,284.10532,282.264,284.10733,282.3204,284.17145,281.46655
2012-05-23 21:00:00,285.29382,282.67117,285.0936,282.69702,284.49097,282.22223
2012-05-24 00:00:00,286.08078,282.75754,285.62247,282.8895,284.34302,282.162
2012-05-24 03:00:00,285.84372,282.48682,285.2529,282.17554,283.39072,279.95804
2012-05-24 06:00:00,284.92502,281.5838,285.20688,281.20282,283.17343,279.593
2012-05-24 09:00:00,284.63672,281.44156,284.75375,281.34644,282.95798,280.31058
2012-05-24 12:00:00,283.32614,280.6605,283.7607,281.61795,283.2872,280.28006
2012-05-24 15:00:00,283.45264,281.11856,283.32022,281.3754,283.02124,279.39304
2012-05-24 18:00:00,283.9859,282.09198,283.8998,281.9817,283.77246,281.91473
2012-05-24 21:00:00,284.62375,282.27945,284.45566,282.97333,284.2327,282.17145
2012-05-25 00:00:00,285.26514,282.78687,285.49265,283.41342,285.32568,282.33624
2012-05-25 03:00:00,286.39316,285.08167,286.29254,284.54367,286.5203,282.502
2012-05-25 06:00:00,286.28906,285.95117,286.40158,285.41943,285.7661,282.71265
2012-05-25 09:00:00,285.9774,285.79578,285.709,284.91565,285.46378,281.74414
2012-05-25 12:00:00,285.35107,285.32242,285.09082,283.94788,284.8326,280.82013
2012-05-25 15:00:00,285.10498,283.08148,285.005,282.59366,285.6847,282.1252
2012-05-25 18:00:00,285.83142,283.84863,285.65057,283.57693,286.15268,283.31396
2012-05-25 21:00:00,287.09708,284.57047,286.7251,284.48444,287.38782,284.43356
2012-05-26 00:00:00,287.98093,284.69403,288.43637,284.71985,289.8029,284.43527
2012-05-26 03:00:00,288.41138,285.06827,289.45822,284.69318,288.5154,282.898
2012-05-26 06:00:00,288.02628,285.9249,288.22287,285.80264,287.07678,283.05188
2012-05-26 09:00:00,287.1916,286.28888,286.8907,286.1975,286.1511,282.80368
2012-05-26 12:00:00,286.3829,285.9485,285.81772,285.1091,285.08176,282.38416
2012-05-26 15:00:00,285.2449,283.189,285.46097,283.04443,285.28845,282.2878
2012-05-26 18:00:00,285.5339,284.20026,285.5775,284.1336,284.94922,284.21713
2012-05-26 21:00:00,285.56674,284.57114,285.44272,284.50815,285.29727,284.57315
2012-05-27 00:00:00,285.25415,284.63437,285.4933,284.60956,284.6444,284.40475
2012-05-27 03:00:00,286.0222,285.34055,286.3342,284.71497,285.64114,282.79922
2012-05-27 06:00:00,286.50034,285.09097,287.77347,284.41275,286.7769,282.20773
2012-05-27 09:00:00,286.53214,284.44623,286.91895,283.49036,285.5369,282.24152
2012-05-27 12:00:00,284.36722,283.2053,285.67154,283.31277,285.03232,282.14966
2012-05-27 15:00:00,284.34656,284.04977,285.05157,284.5033,285.10806,282.29562
2012-05-27 18:00:00,285.36115,283.0791,285.51553,284.70044,285.4157,282.39438
2012-05-27 21:00:00,286.16788,283.01004,286.43387,283.7221,285.79953,282.28378
2012-05-28 00:00:00,287.5193,283.06952,286.37558,283.9469,285.7076,282.2067
2012-05-28 03:00:00,286.83267,283.85883,286.30093,284.74725,285.54935,282.8676
2012-05-28 06:00:00,286.12555,283.2297,286.29233,283.86893,285.50732,282.8841
2012-05-28 09:00:00,285.77554,282.72073,286.02466,283.27878,285.26212,281.18484
2012-05-28 12:00:00,285.92245,282.41867,285.9478,282.49448,285.21732,281.0825
2012-05-28 15:00:00,285.45004,282.6805,284.80197,282.85184,285.44705,279.9252
2012-05-28 18:00:00,285.3068,282.6569,285.36267,283.84598,285.7716,282.10757
2012-05-28 21:00:00,286.08798,282.6468,286.13196,283.29816,285.11978,282.21088
2012-05-29 00:00:00,286.9946,282.79596,286.6945,284.02292,283.401,282.79837
2012-05-29 03:00:00,286.45328,284.7544,285.968,284.48373,283.26852,282.59604
2012-05-29 06:00:00,285.59296,282.84955,285.34595,282.8492,283.67206,281.58316
2012-05-29 09:00:00,285.21417,281.013,285.00223,282.07315,283.47546,280.63037
2012-05-29 12:00:00,284.6496,280.65344,284.5109,281.80453,282.69247,280.58856
2012-05-29 15:00:00,282.92212,282.542,284.39578,282.91058,282.76053,279.91763
2012-05-29 18:00:00,284.11893,282.74097,284.41586,284.16516,283.77737,282.00095
2012-05-29 21:00:00,285.1747,282.72336,285.18454,284.17715,285.2592,282.15326
2012-05-30 00:00:00,285.9961,283.2199,286.06076,284.27676,286.07373,282.4073
2012-05-30 03:00:00,286.04834,284.35785,286.37473,283.67673,286.20163,282.8386
2012-05-30 06:00:00,285.42798,283.03152,286.02194,283.08157,286.0421,281.12814
2012-05-30 09:00:00,284.68582,281.63986,285.75293,282.68372,285.36426,280.2448
2012-05-30 12:00:00,284.0616,280.26785,285.09048,282.67667,283.37228,279.48297
2012-05-30 15:00:00,283.8386,282.68765,284.00778,283.27832,283.42657,281.5139
2012-05-30 18:00:00,283.10626,282.4018,283.65005,284.56253,284.231,281.9476
2012-05-30 21:00:00,283.724,282.6121,284.04074,284.88092,284.7231,281.71204
2012-05-31 00:00:00,284.03366,282.76266,284.44287,285.04025,284.95468,281.7987
2012-05-31 03:00:00,284.40115,283.10608,284.86792,284.96463,285.09412,281.9271
2012-05-31 06:00:00,284.525,284.36935,284.95734,284.44162,285.2117,282.19064
2012-05-31 09:00:00,284.289,284.74298,284.92764,284.1649,285.1495,282.75928
2012-05-31 12:00:00,284.71988,284.88458,285.3038,284.40945,285.40268,283.16647
2012-05-31 15:00:00,285.0938,284.08234,285.8188,284.594,285.7335,281.9962
2012-05-31 18:00:00,285.54263,283.3214,286.06595,284.06516,286.0669,282.0591
2012-05-31 21:00:00,285.73572,283.13443,286.26932,284.32532,286.4199,282.13684
2012-06-01 00:00:00,285.90076,283.761,286.3592,284.62778,286.59647,282.23
2012-06-01 03:00:00,286.12866,284.28635,286.52628,285.3299,286.63882,282.30637
2012-06-01 06:00:00,286.07144,285.01956,286.60464,285.17603,286.35156,282.38205
2012-06-01 09:00:00,286.1254,285.45248,286.6151,285.0177,286.44925,282.24295
2012-06-01 12:00:00,286.42593,285.15964,286.53543,284.9137,286.6464,282.10962
2012-06-01 15:00:00,286.6992,284.69302,286.9463,285.14673,287.06485,282.14667
2012-06-01 18:00:00,287.30576,285.20593,287.34467,285.64322,287.34067,282.15973
2012-06-01 21:00:00,287.55276,285.49744,287.72266,285.65436,287.59726,282.17993
2012-06-02 00:00:00,287.59213,285.4535,287.83102,285.61365,287.90488,282.14197
2012-06-02 03:00:00,287.209,285.50253,287.53885,285.43936,287.2724,281.96402
2012-06-02 06:00:00,286.57446,285.5054,286.77606,285.03824,285.32053,279.85498
2012-06-02 09:00:00,285.65097,285.03128,285.7651,284.73923,284.2725,280.61743
2012-06-02 12:00:00,285.10025,282.71915,285.16833,282.97498,283.75388,281.227
2012-06-02 15:00:00,284.9661,282.70932,285.1005,283.2647,284.30716,279.6946
2012-06-02 18:00:00,285.29996,282.9993,285.41577,284.33234,285.075,282.02933
2012-06-02 21:00:00,285.5797,282.8378,285.67834,283.80292,285.2045,282.3088
2012-06-03 00:00:00,286.53186,283.49298,286.5463,284.195,285.13077,282.80347
2012-06-03 03:00:00,286.90045,285.184,287.02698,285.10553,284.0856,281.3695
2012-06-03 06:00:00,285.8395,283.5371,285.47195,283.24368,283.80283,280.69568
2012-06-03 09:00:00,284.29758,281.62323,284.9528,282.5022,283.50424,281.61383
2012-06-03 12:00:00,283.94687,281.5904,284.58517,282.33368,283.36533,281.26978
2012-06-03 15:00:00,284.02884,282.5855,284.32166,283.25198,283.6201,280.02817
2012-06-03 18:00:00,284.2355,282.73767,284.2918,284.8248,284.3125,282.28128
2012-06-03 21:00:00,285.0823,282.78244,284.92212,284.12036,284.88205,282.21445
2012-06-04 00:00:00,286.03638,283.19086,285.84033,284.14362,283.9039,282.59683
2012-06-04 03:00:00,285.9617,285.5658,286.34982,285.4541,284.15582,282.96088
2012-06-04 06:00:00,284.67435,285.06396,285.92325,285.1436,284.0754,280.19067
2012-06-04 09:00:00,282.92502,285.25,285.3906,283.719,283.57602,280.54837
2012-06-04 12:00:00,284.32852,284.1919,285.02444,282.85928,282.87015,280.895
2012-06-04 15:00:00,284.87952,283.106,284.5616,283.1618,283.35858,282.83145
2012-06-04 18:00:00,284.93192,284.93448,285.12027,284.21606,285.01224,282.25458
2012-06-04 21:00:00,285.32083,286.05463,285.93777,285.40103,286.50378,282.56473
2012-06-05 00:00:00,285.09384,285.89008,286.1881,286.06458,286.96582,282.6462
2012-06-05 03:00:00,284.4962,286.14816,285.62756,286.08466,286.3063,282.63568
2012-06-05 06:00:00,284.69363,285.76068,284.75146,285.84793,284.64832,282.5856
2012-06-05 09:00:00,285.08228,283.21936,284.3431,283.16617,283.6664,280.3873
2012-06-05 12:00:00,285.08023,283.03955,284.84244,283.15637,283.5548,279.79724
2012-06-05 15:00:00,285.1086,283.53238,284.90735,283.90536,284.4357,280.6326
2012-06-05 18:00:00,285.6444,284.60327,285.65268,285.18414,285.70865,282.56888
2012-06-05 21:00:00,285.74026,284.86746,286.43604,285.1805,286.98862,282.67258
2012-06-06 00:00:00,286.4329,285.01074,286.34955,285.50766,285.40097,282.67722
2012-06-06 03:00:00,286.14676,284.5542,286.32874,285.0569,284.8055,282.46707
2012-06-06 06:00:00,285.3149,280.1621,285.48843,283.362,285.01862,282.14325
2012-06-06 09:00:00,284.9271,281.7569,284.93298,281.39917,284.47903,281.78726
2012-06-06 12:00:00,284.44147,281.6418,284.68576,281.5845,283.31815,281.65332
2012-06-06 15:00:00,284.7296,281.16983,284.80313,282.77396,283.3888,280.1054
2012-06-06 18:00:00,285.26294,282.20822,285.11502,283.40616,284.75336,282.1391
2012-06-06 21:00:00,286.2581,282.4285,285.9263,284.56366,286.53064,282.28293
2012-06-07 00:00:00,286.94382,282.8764,287.1005,284.86453,287.0116,282.17438
2012-06-07 03:00:00,286.29245,285.46747,286.9611,285.17206,286.79932,282.2933
2012-06-07 06:00:00,285.0247,285.03372,285.0035,285.14026,286.208,282.42593
2012-06-07 09:00:00,285.1189,283.59637,285.65976,284.5976,285.55972,282.68542
2012-06-07 12:00:00,284.87708,284.13904,286.37573,284.68973,285.93396,282.33777
2012-06-07 15:00:00,284.74243,285.1802,285.56363,284.9882,285.96567,282.16364
2012-06-07 18:00:00,284.07452,285.41772,284.57642,285.1521,284.9547,281.94592
2012-06-07 21:00:00,285.30835,284.96918,285.46228,285.01996,285.59512,282.15543
2012-06-08 00:00:00,286.18307,285.28662,285.6362,285.12003,286.0969,282.11713
2012-06-08 03:00:00,285.92917,284.54675,286.56967,284.0783,286.14633,280.84442
2012-06-08 06:00:00,284.8761,281.9269,285.44357,283.1188,285.17892,281.4209
2012-06-08 09:00:00,283.7346,279.3874,284.86685,281.78625,284.52597,281.91516
2012-06-08 12:00:00,283.0306,280.4346,284.41263,281.66568,283.49963,281.86377
2012-06-08 15:00:00,283.3577,281.36166,283.92175,282.56226,283.62817,279.8541
2012-06-08 18:00:00,284.12033,282.71106,284.36185,283.23163,283.71918,282.08627
2012-06-08 21:00:00,285.6337,282.4661,285.5946,284.51843,285.2515,282.24838
2012-06-09 00:00:00,285.78918,282.59036,286.1118,284.84567,286.17502,282.58795
2012-06-09 03:00:00,286.32434,283.62778,286.52502,283.947,286.516,282.65308
2012-06-09 06:00:00,285.24753,282.64386,286.6165,282.79617,286.20493,282.16003
2012-06-09 09:00:00,284.8214,282.27414,286.46512,282.72232,285.08688,279.86026
2012-06-09 12:00:00,284.3579,282.60962,285.49088,283.10608,284.30115,280.1321
2012-06-09 15:00:00,285.0409,282.6775,285.26535,283.21432,285.11307,281.9604
2012-06-09 18:00:00,285.99777,284.17026,286.57202,285.35757,287.3753,282.39264
2012-06-09 21:00:00,286.7219,282.89944,287.98184,285.08493,288.9931,282.82486
2012-06-10 00:00:00,287.0604,282.7002,288.38748,285.12265,288.93784,282.77475
2012-06-10 03:00:00,287.84464,285.0842,287.9956,285.6415,287.94254,282.15622
2012-06-10 06:00:00,287.92764,284.21695,288.2434,283.7401,286.88998,282.07315
2012-06-10 09:00:00,286.93936,284.2099,287.4712,283.5091,286.139,282.15576
2012-06-10 12:00:00,284.3015,282.95673,285.55392,283.11914,285.23312,281.9046
2012-06-10 15:00:00,285.01016,282.48746,284.915,284.20078,285.0823,282.10428
2012-06-10 18:00:00,285.0859,282.60843,285.72458,284.17734,285.32938,282.21033
2012-06-10 21:00:00,285.91953,283.1762,286.13895,284.23077,285.0225,282.491
2012-06-11 00:00:00,286.34515,283.89938,286.4566,284.51547,285.22256,282.96024
2012-06-11 03:00:00,286.76184,284.3461,286.7012,284.35922,285.64133,282.7388
2012-06-11 06:00:00,286.47238,286.00174,286.844,285.72815,286.103,282.3176
2012-06-11 09:00:00,285.3014,285.40067,286.10416,284.89893,286.52225,282.2452
2012-06-11 12:00:00,284.42798,284.4921,285.6987,285.10062,286.38168,281.93814
2012-06-11 15:00:00,284.56296,283.11282,285.19467,283.587,286.0544,282.26794
2012-06-11 18:00:00,285.79553,283.63504,285.83066,283.85345,286.51944,282.78967
2012-06-11 21:00:00,286.28867,284.28476,286.6333,283.833,287.24576,282.91605
2012-06-12 00:00:00,287.87097,283.78296,287.1487,283.74258,287.67908,282.689
2012-06-12 03:00:00,287.97284,284.25137,287.3445,284.36453,286.87653,282.34848
2012-06-12 06:00:00,286.78992,284.26755,286.37476,284.2538,286.69418,282.24448
2012-06-12 09:00:00,286.18076,284.21344,286.55893,284.2212,286.32767,282.21344
2012-06-12 12:00:00,285.96918,284.27887,286.7408,284.46304,286.56778,282.20035
2012-06-12 15:00:00,286.3909,284.29462,286.96118,284.6464,286.56616,282.18158
2012-06-12 18:00:00,286.21213,284.85156,286.78946,285.06958,286.50964,282.213
2012-06-12 21:00:00,286.2977,285.49756,286.63904,285.31546,286.45828,282.2788
2012-06-13 00:00:00,286.37598,285.67017,286.48007,285.4368,285.87296,282.2497
2012-06-13 03:00:00,286.17313,285.66534,286.1501,285.4267,285.63306,282.21277
2012-06-13 06:00:00,285.96118,285.6282,285.79425,285.4416,285.07788,282.39786
2012-06-13 09:00:00,285.884,285.61298,285.94617,285.49908,284.36832,280.975
2012-06-13 12:00:00,285.4629,285.49478,285.1243,285.17966,284.33542,280.7932
2012-06-13 15:00:00,285.5741,284.6011,285.3194,284.8693,285.24423,282.5432
2012-06-13 18:00:00,286.42203,283.42957,286.3846,283.6143,286.73636,282.17847
2012-06-13 21:00:00,286.7516,283.64252,287.48282,283.98004,287.938,282.165
2012-06-14 00:00:00,287.86487,283.85837,287.13892,284.3828,288.19302,282.19467
2012-06-14 03:00:00,287.93723,284.66608,287.5247,285.31512,287.26016,282.45523
2012-06-14 06:00:00,287.33044,283.8687,287.16513,285.4568,286.14035,281.44284
2012-06-14 09:00:00,286.6071,283.30356,286.40952,285.09625,285.24255,280.8686
2012-06-14 12:00:00,284.37326,283.92322,285.11853,284.61923,284.30722,280.7101
2012-06-14 15:00:00,284.39307,283.50137,284.134,283.42776,283.4768,282.22864
2012-06-14 18:00:00,284.75183,283.05368,284.18286,283.79922,284.3309,282.16058
2012-06-14 21:00:00,284.83203,283.3397,284.9524,284.5151,285.86227,282.58835
2012-06-15 00:00:00,286.11124,283.95618,286.6721,284.7146,287.21475,282.6837
2012-06-15 03:00:00,286.495,285.43655,287.30588,285.60446,287.5178,282.26373
2012-06-15 06:00:00,286.49246,286.07632,287.30054,286.03577,286.96167,282.5062
2012-06-15 09:00:00,286.35812,283.19998,286.87766,284.96042,286.1593,281.78888
2012-06-15 12:00:00,284.64072,284.02554,286.10388,284.51718,285.96603,280.71408
2012-06-15 15:00:00,284.3558,283.03464,285.33627,283.9162,285.87256,282.2063
2012-06-15 18:00:00,285.90707,283.2243,286.10254,284.41006,286.49582,282.56912
2012-06-15 21:00:00,287.43588,283.82904,287.34973,284.5824,287.4344,282.46994
2012-06-16 00:00:00,287.5745,284.2592,288.29398,284.63937,287.63638,282.22708
2012-06-16 03:00:00,288.3134,285.06958,289.05875,285.4464,287.66827,282.20532
2012-06-16 06:00:00,287.84073,285.2155,289.05582,285.34244,287.459,282.12683
2012-06-16 09:00:00,287.90237,285.67883,288.88223,285.4443,287.53085,282.11673
2012-06-16 12:00:00,286.83774,285.85495,287.41492,285.67776,287.78955,282.12567
2012-06-16 15:00:00,286.1802,285.7857,287.32004,285.7538,287.93274,282.11987
2012-06-16 18:00:00,287.04825,285.69235,287.1122,285.74936,288.06616,282.2307
2012-06-16 21:00:00,287.2336,285.57547,287.2977,285.7199,288.01138,282.54175
2012-06-17 00:00:00,287.45032,285.5453,287.91928,285.58817,288.16785,282.44366
2012-06-17 03:00:00,288.3511,285.7966,288.1617,285.6143,288.34634,282.2197
2012-06-17 06:00:00,287.93933,285.8776,288.4308,285.67404,287.975,282.26532
2012-06-17 09:00:00,287.76285,285.94763,288.13864,285.6072,287.7053,282.01785
2012-06-17 12:00:00,287.04443,285.90872,287.42624,285.57953,287.36798,282.00473
2012-06-17 15:00:00,287.23312,285.87973,287.4637,285.9163,287.26376,282.1078
2012-06-17 18:00:00,287.8678,285.7116,287.76382,286.07272,287.74512,282.02954
2012-06-17 21:00:00,288.31192,285.6868,288.02747,286.02734,287.68542,282.08017
2012-06-18 00:00:00,288.03867,285.60962,288.14005,285.77075,287.80954,282.10342
2012-06-18 03:00:00,287.43906,285.69467,288.10962,285.32742,287.415,282.1176
2012-06-18 06:00:00,286.65393,285.2346,286.9833,285.04565,286.56473,282.37296
2012-06-18 09:00:00,285.99185,285.06088,285.7843,284.82343,285.7878,282.7333
2012-06-18 12:00:00,285.3732,284.90515,285.45184,284.80087,285.17102,282.3043
2012-06-18 15:00:00,286.07962,285.38934,286.25272,284.85696,285.59888,282.0671
2012-06-18 18:00:00,286.53244,285.63647,287.19354,284.96246,287.0648,282.20233
2012-06-18 21:00:00,286.58627,284.73953,287.5903,284.48648,287.72885,282.49365
2012-06-19 00:00:00,286.82336,284.6861,287.54092,284.48117,287.56076,282.35617
2012-06-19 03:00:00,287.27847,285.01352,287.69592,284.76706,286.7471,282.22705
2012-06-19 06:00:00,286.80136,284.98962,287.3348,285.24817,286.52963,282.74805
2012-06-19 09:00:00,285.7676,285.47498,286.90042,285.24063,286.24844,283.2309
2012-06-19 12:00:00,283.87247,285.72034,285.4742,285.0297,286.00253,283.23633
2012-06-19 15:00:00,284.76303,285.83078,284.857,284.40366,286.2598,282.2032
2012-06-19 18:00:00,285.58438,285.69174,285.50168,284.57913,287.0077,282.33353
2012-06-19 21:00:00,286.07678,283.976,286.2045,284.73038,287.1466,282.81073
2012-06-20 00:00:00,286.37787,283.7489,286.72498,284.70477,287.72696,283.0009
2012-06-20 03:00:00,287.14523,285.1286,287.08286,285.64062,287.88797,282.69327
2012-06-20 06:00:00,286.63272,286.38702,287.6335,285.996,287.49478,282.28085
2012-06-20 09:00:00,285.92877,286.07956,287.4098,285.7146,287.1442,282.32852
2012-06-20 12:00:00,285.35062,285.88522,286.55823,285.79196,286.95007,282.45477
2012-06-20 15:00:00,285.24655,283.55673,286.07306,284.59143,286.54465,282.2667
2012-06-20 18:00:00,286.19073,283.52344,286.43307,284.1752,287.07874,282.6396
2012-06-20 21:00:00,286.61935,284.46768,287.48288,284.45575,287.41357,282.82483
2012-06-21 00:00:00,287.00992,284.4478,287.68713,284.48492,287.2882,283.0759
2012-06-21 03:00:00,287.37878,284.68845,288.11917,284.87198,287.87183,282.7866
2012-06-21 06:00:00,287.63544,285.6705,288.19345,285.80667,288.0298,282.23944
2012-06-21 09:00:00,287.35605,285.91122,287.98526,286.0464,287.73257,282.24408
2012-06-21 12:00:00,287.6064,285.9599,288.01736,285.70782,287.26907,282.41708
2012-06-21 15:00:00,287.0846,284.4171,287.87228,284.32846,287.54538,282.696
2012-06-21 18:00:00,287.09717,284.60812,287.9641,284.51535,287.82895,283.08456
2012-06-21 21:00:00,287.52652,284.66678,288.40582,284.6536,287.85245,283.26117
2012-06-22 00:00:00,288.0222,284.73077,288.80728,284.87244,288.25662,283.0596
2012-06-22 03:00:00,288.33118,284.77164,289.2408,284.78137,289.33725,282.7602
2012-06-22 06:00:00,287.9561,285.73004,288.91525,284.66815,289.06424,282.4568
2012-06-22 09:00:00,287.5902,285.75555,288.49722,285.1822,288.9633,282.27606
2012-06-22 12:00:00,286.09445,285.62207,287.3303,285.45404,288.4866,282.21307
2012-06-22 15:00:00,286.74512,284.5464,287.5345,284.69662,288.47845,282.2626
2012-06-22 18:00:00,286.8997,285.45407,287.942,285.47504,288.56125,282.73633
2012-06-22 21:00:00,287.09094,285.8467,287.96582,285.88974,288.6038,283.1311
2012-06-23 00:00:00,286.09753,285.83612,286.78186,285.77444,287.86075,282.9384
2012-06-23 03:00:00,285.93057,285.83752,286.6201,285.7798,287.1943,282.62198
2012-06-23 06:00:00,286.1432,285.79312,286.77295,285.82812,287.14804,282.4254
2012-06-23 09:00:00,286.32336,285.78857,287.3096,285.83884,287.1598,282.3703
2012-06-23 12:00:00,286.15698,285.74597,286.83395,285.7869,286.49545,282.38434
2012-06-23 15:00:00,286.48825,285.71002,287.07434,285.73703,286.7105,282.25848
2012-06-23 18:00:00,286.80804,285.8247,287.2124,285.7439,287.92346,282.27106
2012-06-23 21:00:00,287.10263,285.89392,288.22583,285.81085,288.28897,282.2842
2012-06-24 00:00:00,287.27106,285.60184,289.397,285.77032,289.50003,282.24637
2012-06-24 03:00:00,286.22256,285.93985,287.79907,286.04163,289.29297,282.25494
2012-06-24 06:00:00,285.69662,286.25262,285.72772,286.1794,286.52737,282.32712
2012-06-24 09:00:00,285.52084,285.86353,286.20627,286.0259,285.32468,283.32846
2012-06-24 12:00:00,285.51547,285.64157,286.4477,285.7999,286.58347,283.17023
2012-06-24 15:00:00,286.1794,285.18338,286.88486,285.70618,286.8123,282.24866
2012-06-24 18:00:00,286.39886,285.06894,287.4362,285.6782,287.4932,282.27716
2012-06-24 21:00:00,286.4069,283.82437,287.35477,284.60828,288.55978,282.5669
2012-06-25 00:00:00,287.1388,284.02237,287.54745,284.67462,288.88123,282.828
2012-06-25 03:00:00,287.29163,284.7517,287.26245,285.326,287.81223,282.6173
2012-06-25 06:00:00,286.54077,286.3358,287.51923,286.17133,287.33084,282.4624
2012-06-25 09:00:00,285.1226,286.24597,287.37598,286.33865,287.1346,282.92294
2012-06-25 12:00:00,285.92398,285.96494,287.238,285.94476,286.45493,283.25607
2012-06-25 15:00:00,286.43445,284.04697,287.19055,284.46976,286.77417,282.49124
2012-06-25 18:00:00,286.971,284.34274,288.07162,284.51956,288.4083,282.8307
2012-06-25 21:00:00,287.5627,284.57635,288.8297,284.6356,289.34067,283.21445
2012-06-26 00:00:00,287.7491,284.6489,289.48083,284.79257,290.03372,283.6577
2012-06-26 03:00:00,288.0781,285.54922,289.27402,285.01797,290.19678,283.1435
2012-06-26 06:00:00,287.78323,285.6853,288.23984,285.393,288.7454,282.47644
2012-06-26 09:00:00,286.31894,285.32812,287.70612,285.34335,287.39633,283.00058
2012-06-26 12:00:00,285.2003,285.09637,285.96658,285.22485,286.40463,283.16425
2012-06-26 15:00:00,284.94296,285.02374,285.1783,285.51135,286.8892,282.36197
2012-06-26 18:00:00,285.7908,285.64297,286.7421,285.67215,288.22238,282.97595
2012-06-26 21:00:00,286.15125,285.68445,286.6276,285.53763,288.81506,282.92694
2012-06-27 00:00:00,287.41275,285.58307,287.0333,284.80978,287.9602,282.86877
2012-06-27 03:00:00,286.8134,285.68225,287.12384,285.34253,287.89493,282.656
2012-06-27 06:00:00,286.3525,285.91992,287.39755,285.5697,287.58066,283.679
2012-06-27 09:00:00,285.81885,286.02057,286.68857,285.48178,287.00735,283.2508
2012-06-27 12:00:00,285.8626,285.72333,285.61142,285.6952,287.05798,283.49905
2012-06-27 15:00:00,285.69418,285.45898,285.66525,285.8847,287.09406,282.2224
2012-06-27 18:00:00,286.79547,283.48425,286.7881,285.3253,287.43802,282.40677
2012-06-27 21:00:00,287.9141,283.62277,287.8136,284.56885,288.18246,282.65558
2012-06-28 00:00:00,288.06577,283.9213,288.11166,284.52228,288.7533,282.7782
2012-06-28 03:00:00,288.04916,284.5594,288.07083,284.86896,289.01608,282.73886
2012-06-28 06:00:00,287.95316,285.68488,287.97092,285.7582,288.949,282.68854
2012-06-28 09:00:00,287.92606,285.785,288.0281,285.56357,288.87582,282.73566
2012-06-28 12:00:00,287.82898,285.63028,288.44803,284.78006,288.30136,282.69418
2012-06-28 15:00:00,287.5195,284.52304,288.64185,284.65726,288.03665,282.3762
2012-06-28 18:00:00,288.22165,284.49362,288.16565,284.68866,288.5101,282.448
2012-06-28 21:00:00,288.15836,284.46616,288.46274,284.63205,288.98364,282.261
2012-06-29 00:00:00,288.1884,284.57666,288.6165,284.63266,289.25363,282.21356
2012-06-29 03:00:00,288.213,284.93723,288.68677,285.04984,288.51877,282.25812
2012-06-29 06:00:00,288.24576,285.28397,288.8387,285.6341,288.1428,282.26346
2012-06-29 09:00:00,287.28818,285.54047,287.99646,285.64514,288.36887,282.26053
2012-06-29 12:00:00,287.55392,285.38763,288.0897,285.5546,289.16006,282.25464
2012-06-29 15:00:00,288.3126,284.72574,288.66867,285.22995,289.40277,282.19525
2012-06-29 18:00:00,288.93378,284.40182,289.3417,285.00244,289.39148,282.2689
2012-06-29 21:00:00,289.14337,284.2908,289.78592,285.18997,289.52078,282.34784
2012-06-30 00:00:00,289.2501,284.23523,290.25107,285.2746,290.13,282.3403
2012-06-30 03:00:00,289.1088,284.38727,290.27383,285.23633,290.1095,282.30896
2012-06-30 06:00:00,288.84583,284.74893,289.9351,285.35184,290.08212,282.28598
2012-06-30 09:00:00,288.52118,285.25458,288.7954,285.3506,289.95386,282.3008
2012-06-30 12:00:00,288.03778,284.96735,288.40814,285.19952,289.00253,282.30762
2012-06-30 15:00:00,287.99677,284.71564,287.78598,285.2353,288.66873,282.24927
2012-06-30 18:00:00,287.89584,285.49042,287.80908,285.66428,289.12973,282.3385
2012-06-30 21:00:00,288.14102,284.81546,287.98914,285.57166,289.60117,282.38388
2012-07-01 00:00:00,288.00574,284.189,287.9607,284.8608,289.9761,282.2425
2012-07-01 03:00:00,287.97934,284.4552,288.00412,284.82767,289.02066,282.20184
2012-07-01 06:00:00,287.32816,284.50504,287.612,285.36917,287.91653,282.21362
2012-07-01 09:00:00,287.6913,285.4169,288.39908,285.68726,287.0721,282.167
2012-07-01 12:00:00,286.46826,285.52075,287.79648,285.5325,286.35983,282.75012
2012-07-01 15:00:00,286.14474,285.53372,287.70364,285.65494,286.8832,282.20578
2012-07-01 18:00:00,287.24533,285.52386,287.63376,285.75604,288.3215,282.59537
2012-07-01 21:00:00,288.26923,284.39673,287.99008,285.49384,288.9768,282.81567
2012-07-02 00:00:00,289.33774,284.34515,288.90042,285.11945,289.6326,282.7533
2012-07-02 03:00:00,288.9788,284.79758,289.33142,284.70352,289.59103,282.4025
2012-07-02 06:00:00,288.57877,284.98834,288.50516,284.7963,289.58298,282.48685
2012-07-02 09:00:00,287.59482,285.43527,287.85013,285.3125,288.90262,282.96326
2012-07-02 12:00:00,286.47415,285.70508,286.98987,285.42117,287.51965,283.33365
2012-07-02 15:00:00,286.3297,285.79703,286.46164,285.64078,286.3436,282.54968
2012-07-02 18:00:00,286.1993,285.67484,286.59833,285.82007,286.61365,282.32483
2012-07-02 21:00:00,285.92056,285.4564,286.37036,285.85577,287.14908,282.31354
2012-07-03 00:00:00,285.85635,284.74417,286.34702,285.7235,287.3193,282.2993
2012-07-03 03:00:00,286.3442,285.87695,286.68942,285.85455,287.28467,282.35336
2012-07-03 06:00:00,287.35553,285.82187,287.56137,285.79712,287.2874,282.62103
2012-07-03 09:00:00,286.79642,285.83047,286.8745,285.82407,286.5098,282.84467
2012-07-03 12:00:00,285.83865,285.82028,286.354,285.795,286.00098,282.9426
2012-07-03 15:00:00,285.7406,285.79703,286.28458,285.82785,286.11606,282.34393
2012-07-03 18:00:00,286.3243,286.01437,286.7316,285.91626,286.91223,282.20062
2012-07-03 21:00:00,286.71182,285.86407,286.91043,285.90555,286.41373,282.34586
2012-07-04 00:00:00,287.94742,285.68338,287.43796,285.7168,286.70715,282.5333
2012-07-04 03:00:00,287.79312,285.78574,288.15677,285.79507,287.16287,282.4528
2012-07-04 06:00:00,287.1915,286.11536,287.85306,285.74316,286.56375,282.60663
2012-07-04 09:00:00,286.7465,286.03897,287.26053,285.51663,286.62207,282.90262
2012-07-04 12:00:00,284.27185,285.8238,285.8846,285.28473,286.08646,283.33972
2012-07-04 15:00:00,284.64746,285.28735,285.4282,285.78943,285.7417,282.63388
2012-07-04 18:00:00,285.6685,283.13043,285.70468,285.0526,286.84317,282.3143
2012-07-04 21:00:00,286.02707,283.89297,286.64078,284.43204,287.55392,282.79294
2012-07-05 00:00:00,286.673,284.51126,287.5079,284.6381,288.69174,282.88095
2012-07-05 03:00:00,287.19583,285.33676,288.2764,285.43796,289.5206,282.50558
2012-07-05 06:00:00,287.49234,286.5154,288.7232,286.22998,289.3553,282.41776
2012-07-05 09:00:00,287.4496,286.86438,288.37976,286.73114,287.8491,283.5094
2012-07-05 12:00:00,286.6328,286.59735,287.77725,286.66107,286.79602,283.39108
2012-07-05 15:00:00,285.5682,284.57962,287.0356,284.80322,286.86667,282.38144
2012-07-05 18:00:00,286.75058,284.51932,287.42505,284.64557,288.31305,283.23767
2012-07-05 21:00:00,287.03323,284.64066,288.1719,284.76196,289.36014,284.44403
2012-07-06 00:00:00,286.9979,284.673,288.37033,284.84506,289.349,284.5788
2012-07-06 03:00:00,286.9019,284.7047,288.3776,285.24918,289.2722,283.35507
2012-07-06 06:00:00,286.97495,286.71463,288.3878,286.28705,289.7151,282.56564
2012-07-06 09:00:00,287.4343,287.03952,288.39902,286.36185,289.2772,282.67322
2012-07-06 12:00:00,287.6682,286.44354,288.94125,285.7151,288.49905,282.80127
2012-07-06 15:00:00,287.64145,284.58762,288.88168,284.6236,288.53427,282.85284
2012-07-06 18:00:00,287.87076,284.73434,289.0579,284.97946,289.7952,284.5006
2012-07-06 21:00:00,287.7899,284.8469,289.48523,285.09106,290.08475,284.70096
2012-07-07 00:00:00,288.0441,284.9101,289.42075,285.0169,290.21432,284.7216
2012-07-07 03:00:00,288.49646,285.34082,289.31894,285.4844,290.0247,284.3811
2012-07-07 06:00:00,288.90454,286.07434,289.40195,285.37204,290.28882,282.8905
2012-07-07 09:00:00,288.27942,286.41376,289.4586,285.82224,290.0255,282.86844
2012-07-07 12:00:00,287.1152,286.2203,288.97214,285.76236,289.167,282.84232
2012-07-07 15:00:00,287.60757,284.72568,288.94724,284.8425,289.4155,282.74658
2012-07-07 18:00:00,288.16077,284.85242,289.49637,284.80978,290.1488,284.37018
2012-07-07 21:00:00,288.5421,284.95563,290.14282,285.11993,290.00668,284.75827
2012-07-08 00:00:00,288.97366,285.0217,290.74057,285.32477,290.1196,284.8026
2012-07-08 03:00:00,288.8986,285.38504,291.65,285.56143,291.30365,284.38623
2012-07-08 06:00:00,288.82095,286.4817,291.36026,285.804,291.5867,282.8227
2012-07-08 09:00:00,288.5374,287.02197,290.7023,286.38168,290.4635,282.63297
2012-07-08 12:00:00,289.4165,286.86676,290.2747,286.23093,290.07938,282.54822
2012-07-08 15:00:00,289.3931,285.2792,290.34653,284.93402,290.90836,283.37247
2012-07-08 18:00:00,289.61023,285.21994,291.05258,285.19687,291.5143,284.81537
2012-07-08 21:00:00,289.9637,285.26184,291.6473,285.37842,291.2164,285.0559
2012-07-09 00:00:00,290.37863,285.29657,292.65735,285.47186,291.07394,285.0443
2012-07-09 03:00:00,290.79642,285.71664,293.56323,285.62173,293.18912,284.6591
2012-07-09 06:00:00,290.53342,286.98828,293.67886,286.0646,292.46323,282.96127
2012-07-09 09:00:00,290.069,286.53864,291.8215,285.93597,291.35034,282.8943
2012-07-09 12:00:00,288.53564,286.241,290.34836,285.81787,290.65833,282.71658
2012-07-09 15:00:00,288.38535,285.508,290.42453,285.28818,290.72464,284.0095
2012-07-09 18:00:00,288.58017,285.2079,289.88745,285.3528,291.09897,284.89587
2012-07-09 21:00:00,289.158,285.15225,289.99243,285.4308,291.12085,285.08493
2012-07-10 00:00:00,290.73465,285.2955,291.14865,285.5094,291.41965,284.99994
2012-07-10 03:00:00,290.36685,286.19257,291.90555,285.62473,291.78256,284.66342
2012-07-10 06:00:00,288.76196,286.22702,291.26172,285.39478,291.63687,283.21304
2012-07-10 09:00:00,288.20044,286.14453,290.38626,285.6371,291.2105,282.96826
2012-07-10 12:00:00,287.3831,286.33102,289.35306,285.7347,290.7692,282.73727
2012-07-10 15:00:00,288.46432,285.5282,289.79312,285.67267,290.65176,283.2776
2012-07-10 18:00:00,289.18716,285.2094,290.10367,285.54523,291.06223,284.64795
2012-07-10 21:00:00,289.79907,285.16977,291.04837,285.5344,291.35657,284.76205
2012-07-11 00:00:00,290.56918,285.24207,291.7604,285.50974,291.77213,284.73874
2012-07-11 03:00:00,292.02774,286.1897,291.86435,285.60904,292.7392,284.46558
2012-07-11 06:00:00,290.5668,286.6051,291.9215,285.34338,291.68973,282.8984
2012-07-11 09:00:00,290.1663,286.23422,291.62094,285.65466,290.75882,282.87793
2012-07-11 12:00:00,288.6151,286.08542,291.301,285.65637,290.16122,282.6463
2012-07-11 15:00:00,288.70135,285.15143,291.1952,285.5727,290.7052,283.09613
2012-07-11 18:00:00,290.25928,284.96652,291.8923,285.37885,291.67398,284.69977
2012-07-11 21:00:00,290.54703,284.96906,292.65216,285.48697,292.0133,284.92157
2012-07-12 00:00:00,290.6412,285.16882,292.67996,285.4971,293.92697,284.85663
2012-07-12 03:00:00,291.8107,286.00305,292.6552,285.65326,293.49484,284.41324
2012-07-12 06:00:00,291.4109,286.7162,292.5454,285.89542,291.82333,282.82092
2012-07-12 09:00:00,290.64487,286.7299,292.6312,286.04782,290.90067,282.62015
2012-07-12 12:00:00,290.83145,286.35623,291.7125,285.86356,290.28964,282.43768
2012-07-12 15:00:00,290.9614,285.51245,291.59448,285.40128,291.0366,283.03198
2012-07-12 18:00:00,291.24084,285.3241,292.294,285.26733,292.81705,284.73273
2012-07-12 21:00:00,291.35373,285.53867,293.23343,285.37097,294.43692,284.93353
2012-07-13 00:00:00,291.15244,285.9596,294.1658,285.41824,294.28,284.77505
2012-07-13 03:00:00,292.7501,286.86136,295.02036,285.693,293.13977,283.57846
2012-07-13 06:00:00,292.6951,287.3553,293.37866,285.90506,292.06955,282.72754
2012-07-13 09:00:00,291.79294,287.0407,292.35513,285.89847,291.465,282.434
2012-07-13 12:00:00,290.09308,286.47778,291.668,285.66916,290.50638,282.34784
2012-07-13 15:00:00,290.52176,285.29083,291.54617,285.35056,291.32657,283.79565
2012-07-13 18:00:00,291.11694,285.24286,292.42648,285.47366,292.9354,285.0173
2012-07-13 21:00:00,291.3282,285.46567,293.47714,285.52753,294.80164,285.16248
2012-07-14 00:00:00,291.30307,286.05237,294.6736,285.62915,295.56442,285.12503
2012-07-14 03:00:00,292.0236,286.67545,293.9819,285.99762,294.4564,284.70172
2012-07-14 06:00:00,291.2514,286.72623,293.40076,286.1571,293.1506,283.79233
2012-07-14 09:00:00,291.9767,287.03812,293.1254,285.96152,292.23825,282.9482
2012-07-14 12:00:00,291.2601,286.618,292.03107,285.83978,291.63013,282.83743
2012-07-14 15:00:00,291.0596,286.27252,291.66443,285.14545,292.32922,284.5821
2012-07-14 18:00:00,291.60733,285.2828,292.58905,285.5083,293.69882,285.0645
2012-07-14 21:00:00,291.89383,285.2131,293.88483,285.72067,294.77228,285.10245
2012-07-15 00:00:00,293.0879,285.8988,295.3273,285.86716,294.24393,284.8185
2012-07-15 03:00:00,293.76523,286.18472,294.7584,286.09473,292.4657,283.4792
2012-07-15 06:00:00,292.579,286.46655,292.70438,286.26532,291.17694,282.6757
2012-07-15 09:00:00,291.18423,286.5147,291.29025,286.0713,290.42618,282.24142
2012-07-15 12:00:00,290.31592,286.26172,290.3085,285.8829,289.8514,282.18106
2012-07-15 15:00:00,290.1051,285.1267,290.60684,285.46616,291.20578,282.79898
2012-07-15 18:00:00,290.80313,284.95126,292.02243,285.38843,293.20154,284.52283
2012-07-15 21:00:00,290.6425,285.03085,291.96063,285.56326,294.17355,284.83136
2012-07-16 00:00:00,290.5573,285.08237,291.6366,285.5984,294.82397,284.82254
2012-07-16 03:00:00,290.58408,285.10114,291.65833,285.9505,294.18607,284.59317
2012-07-16 06:00:00,289.19113,285.96265,290.55875,285.85812,292.42938,283.77017
2012-07-16 09:00:00,288.932,286.25742,289.92838,285.8423,291.53137,282.8946
2012-07-16 12:00:00,289.70358,286.3231,290.91174,285.7777,291.5126,282.85867
2012-07-16 15:00:00,290.02884,285.37747,291.43594,285.44516,292.51004,284.46243
2012-07-16 18:00:00,291.45642,285.2699,292.51474,285.5389,291.99637,285.03613
2012-07-16 21:00:00,292.68326,285.3098,293.9645,285.62045,292.36417,285.1394
2012-07-17 00:00:00,293.44006,285.275,294.78757,285.6396,293.7534,285.03806
2012-07-17 03:00:00,292.9408,285.34607,295.16742,285.64508,294.42606,284.438
2012-07-17 06:00:00,293.11966,286.54498,294.22516,286.0471,292.75674,282.78018
2012-07-17 09:00:00,292.12485,286.8263,293.36597,286.21432,291.69626,282.55786
2012-07-17 12:00:00,290.18845,286.53732,292.10724,286.02216,291.39413,282.36523
2012-07-17 15:00:00,290.88028,285.25912,291.78342,285.03607,291.76315,283.92908
2012-07-17 18:00:00,291.25754,285.20377,292.5212,285.27567,293.12927,284.95212
2012-07-17 21:00:00,291.572,285.18542,293.24155,285.49796,294.81534,285.12354
2012-07-18 00:00:00,292.70422,285.1656,293.20596,285.49356,294.30637,284.87225
2012-07-18 03:00:00,292.51974,286.26926,293.61996,285.76788,292.42294,283.63647
2012-07-18 06:00:00,291.5343,286.6547,293.0491,285.7534,290.8593,282.65
2012-07-18 09:00:00,291.33722,286.35358,292.6924,285.56262,289.8674,282.1114
2012-07-18 12:00:00,290.6566,286.02655,291.05057,285.532,288.82257,282.12836
2012-07-18 15:00:00,290.50247,285.11215,290.387,285.42883,289.139,282.6411
2012-07-18 18:00:00,290.91306,285.09647,290.77567,285.43066,290.8914,283.52432
2012-07-18 21:00:00,291.13348,285.16986,291.46823,285.58618,292.1019,284.40695
2012-07-19 00:00:00,291.06226,285.23727,292.00333,285.66553,293.33524,283.89914
2012-07-19 03:00:00,291.7842,285.99097,291.82996,285.97437,292.43518,282.70993
2012-07-19 06:00:00,290.945,286.6603,292.04318,286.2941,291.10635,282.34274
2012-07-19 09:00:00,289.74744,286.9641,291.11136,286.89978,290.45804,282.81592
2012-07-19 12:00:00,288.64148,286.31818,290.60468,286.33182,289.4049,282.7321
2012-07-19 15:00:00,288.55563,284.91302,290.12613,285.4141,289.35013,282.86426
2012-07-19 18:00:00,290.12466,284.873,290.99478,285.13522,290.736,284.687
2012-07-19 21:00:00,291.55637,285.0233,292.07364,285.3899,291.2314,285.00113
2012-07-20 00:00:00,291.72568,284.99484,293.0093,285.44003,291.24387,284.98505
2012-07-20 03:00:00,291.7048,285.11426,293.12772,285.8095,291.0503,284.41495
2012-07-20 06:00:00,291.97,286.4939,293.14,286.35593,291.01627,282.6618
2012-07-20 09:00:00,291.36066,286.79733,292.90237,286.18768,290.98404,282.53207
2012-07-20 12:00:00,290.6234,286.23386,292.32034,285.4297,290.8021,282.69916
2012-07-20 15:00:00,291.1051,285.20648,292.6532,284.97934,290.62576,284.25323
2012-07-20 18:00:00,291.28876,285.08276,292.29153,285.34088,291.04196,284.9098
2012-07-20 21:00:00,291.79086,286.13882,292.06564,285.619,292.38516,285.031
2012-07-21 00:00:00,292.21878,286.08893,292.1691,285.7815,292.08865,284.87344
2012-07-21 03:00:00,292.0579,285.97623,292.45364,285.37485,291.9788,284.50674
2012-07-21 06:00:00,291.70636,286.02484,292.83115,285.6607,291.51126,283.29764
2012-07-21 09:00:00,291.3626,286.05734,292.0323,285.7384,290.9009,282.94724
2012-07-21 12:00:00,289.9078,285.93652,290.86816,285.86115,290.61368,282.60983
2012-07-21 15:00:00,289.2148,285.78107,290.36694,285.79037,290.5659,282.3982
2012-07-21 18:00:00,289.29755,284.7629,290.4189,285.76544,290.87668,282.411
2012-07-21 21:00:00,290.6862,284.1326,291.35135,285.53558,291.06674,282.4025
2012-07-22 00:00:00,291.62375,284.20505,292.28214,285.1395,291.49423,282.53833
2012-07-22 03:00:00,291.60593,284.67752,292.42227,285.52872,290.69272,282.49094
2012-07-22 06:00:00,291.36426,285.46304,291.52576,285.6901,290.23862,282.45615
2012-07-22 09:00:00,291.02673,285.7769,290.8429,285.75458,289.94223,282.38782
2012-07-22 12:00:00,289.76196,285.84842,289.95895,285.80606,289.44754,282.4033
2012-07-22 15:00:00,288.76828,285.86963,289.01685,285.78436,288.45682,282.37735
2012-07-22 18:00:00,289.09082,285.69083,289.42346,285.77985,289.51157,282.38547
2012-07-22 21:00:00,290.0472,285.52335,290.31174,285.7742,287.90265,282.86044
2012-07-23 00:00:00,289.12012,285.54883,287.71072,285.74777,288.84152,282.94467
2012-07-23 03:00:00,288.86252,285.78284,288.82886,285.7543,290.1193,282.5805
2012-07-23 06:00:00,289.03574,285.97116,288.8463,285.77914,289.10867,282.50278
2012-07-23 09:00:00,288.70068,286.1239,289.45053,285.78125,288.33774,282.49713
2012-07-23 12:00:00,288.93198,286.1343,289.21323,285.78296,288.21176,282.46625
2012-07-23 15:00:00,288.97452,286.24472,288.95316,285.86804,288.5389,282.46167
2012-07-23 18:00:00,289.81592,286.18283,289.65707,286.00238,289.59995,282.84573
2012-07-23 21:00:00,290.19647,285.9512,290.43588,286.07275,290.7501,283.00464
2012-07-24 00:00:00,290.45584,285.85193,290.39627,286.0043,291.02295,282.81107
2012-07-24 03:00:00,289.5599,285.9918,290.06198,285.94846,290.34854,282.55112
2012-07-24 06:00:00,288.13205,286.7528,289.63297,285.858,289.14584,282.4446
2012-07-24 09:00:00,287.11008,286.72028,288.8634,285.94775,288.11526,282.5468
2012-07-24 12:00:00,287.2643,286.18683,288.83167,285.81924,287.81018,282.48752
2012-07-24 15:00:00,287.22104,285.85416,289.09476,285.6907,288.1057,282.58
2012-07-24 18:00:00,288.48376,284.69934,289.44632,285.55124,290.10605,282.9064
2012-07-24 21:00:00,289.6403,284.66064,290.2322,285.68332,291.58505,284.272
2012-07-25 00:00:00,289.7404,284.7928,290.66794,285.50903,292.68558,284.09158
2012-07-25 03:00:00,289.7854,285.36243,290.407,285.7072,291.60428,282.7764
2012-07-25 06:00:00,289.9141,286.44217,290.2764,286.08188,290.38406,282.40894
2012-07-25 09:00:00,289.75635,287.1288,290.244,286.56427,289.712,282.43457
2012-07-25 12:00:00,289.4502,287.11652,289.5044,286.13116,288.806,282.40247
2012-07-25 15:00:00,289.30594,284.84448,289.33798,285.32156,289.52573,282.7761
2012-07-25 18:00:00,289.46042,285.001,289.9121,285.11127,290.898,284.52267
2012-07-25 21:00:00,289.54703,285.1075,290.30215,285.42538,291.3003,284.88254
2012-07-26 00:00:00,289.4813,285.0407,290.08328,285.44928,291.31595,284.82248
2012-07-26 03:00:00,289.46252,285.28806,289.95212,285.6653,292.3964,283.94656
2012-07-26 06:00:00,289.8596,286.21927,290.03732,286.10767,291.6891,282.78372
2012-07-26 09:00:00,289.7659,286.51303,289.74405,286.32434,291.02228,282.71255
2012-07-26 12:00:00,289.2041,286.20987,289.4069,286.03525,290.3436,282.7097
2012-07-26 15:00:00,288.87418,284.86768,288.99203,285.15805,290.6159,283.4359
2012-07-26 18:00:00,289.05624,284.8937,289.0786,285.3926,291.07248,284.82587
2012-07-26 21:00:00,289.52203,284.91776,289.22134,285.54755,291.12796,284.98077
2012-07-27 00:00:00,290.7102,285.0241,289.2002,285.42825,292.81085,284.84122
2012-07-27 03:00:00,291.02536,285.8645,289.17422,285.9018,292.67502,284.35724
2012-07-27 06:00:00,289.4896,286.18384,289.33054,285.9745,291.86435,282.84286
2012-07-27 09:00:00,289.17587,286.05975,289.30884,285.8888,291.10266,282.627
2012-07-27 12:00:00,288.65134,285.88867,289.41733,285.72675,290.70798,282.63205
2012-07-27 15:00:00,288.98288,285.2125,289.68356,285.44022,289.9292,282.87427
2012-07-27 18:00:00,289.38297,285.0823,289.7939,285.9212,290.0671,284.42953
2012-07-27 21:00:00,289.69754,285.2539,289.97452,285.95743,290.8208,283.95312
2012-07-28 00:00:00,290.04343,285.26163,290.31018,285.74057,291.15152,283.16504
2012-07-28 03:00:00,290.20068,285.6061,290.66895,285.34232,291.16956,282.92285
2012-07-28 06:00:00,289.53333,285.9935,290.52768,285.6793,290.53546,282.91678
2012-07-28 09:00:00,289.38715,286.40286,290.25272,285.66888,290.01614,282.69043
2012-07-28 12:00:00,288.34885,286.3164,289.20517,285.70963,289.45798,282.6515
2012-07-28 15:00:00,288.71042,285.5779,288.84592,285.81992,289.39896,282.6254
2012-07-28 18:00:00,289.39438,284.63168,289.70224,285.61526,289.8234,282.79932
2012-07-28 21:00:00,290.9581,284.62817,290.2263,285.39868,290.70105,282.94498
2012-07-29 00:00:00,291.94763,284.7095,291.07422,285.43323,291.36035,283.14236
2012-07-29 03:00:00,292.2167,285.58472,291.74612,285.79553,291.4459,283.04916
2012-07-29 06:00:00,291.32596,286.70096,291.811,286.23502,291.38068,282.74084
2012-07-29 09:00:00,289.56393,286.96106,290.5439,286.6326,290.49997,282.65933
2012-07-29 12:00:00,288.55484,286.65167,289.9576,286.5707,289.74747,282.5165
2012-07-29 15:00:00,288.74893,285.02454,289.36612,285.49515,290.0021,282.62216
2012-07-29 18:00:00,289.9178,284.6615,289.86996,285.495,290.63647,282.8495
2012-07-29 21:00:00,291.62527,284.79947,290.96152,285.6997,291.51157,282.94077
2012-07-30 00:00:00,292.64746,284.86066,291.80527,285.65768,291.90646,282.94577
2012-07-30 03:00:00,292.91064,285.66208,292.34702,285.80457,291.86197,282.66785
2012-07-30 06:00:00,291.3973,286.64404,292.18524,286.26306,291.7604,282.64124
2012-07-30 09:00:00,289.7511,286.90103,290.79013,286.6186,290.71677,283.91473
2012-07-30 12:00:00,287.94577,286.50928,289.23276,286.4692,290.49338,283.26123
2012-07-30 15:00:00,288.32034,285.20175,288.6533,285.5017,290.50305,282.3429
2012-07-30 18:00:00,289.35208,284.68283,289.50864,285.59503,290.76285,282.80692
2012-07-30 21:00:00,290.82547,284.77216,290.07462,285.59604,290.98557,283.0719
2012-07-31 00:00:00,291.4891,284.83743,291.17233,285.55148,291.70593,282.86087
2012-07-31 03:00:00,291.33398,285.698,291.72134,285.2448,291.90543,282.625
2012-07-31 06:00:00,291.4943,285.9141,291.76205,285.62732,290.692,282.9184
2012-07-31 09:00:00,289.75174,286.05548,291.3674,285.77612,289.71506,284.23547
2012-07-31 12:00:00,288.43423,286.07394,290.1758,285.7738,289.15634,283.92413
2012-07-31 15:00:00,288.0398,285.25974,289.64096,285.23114,289.22162,282.6264
2012-07-31 18:00:00,289.33307,284.61496,290.2671,285.34573,291.00146,282.86606
2012-07-31 21:00:00,290.35968,284.7252,291.38568,285.53952,292.29785,283.7286
2012-08-01 00:00:00,291.3665,284.80997,291.52353,285.46515,292.44742,283.88028
2012-08-01 03:00:00,292.1617,285.67795,291.45816,285.6068,292.8799,282.82776
2012-08-01 06:00:00,291.05026,286.5231,291.43503,285.99692,291.644,282.69778
2012-08-01 09:00:00,289.61136,286.98236,290.26724,286.39005,290.64807,282.7715
2012-08-01 12:00:00,288.63812,286.65274,289.49323,286.41153,289.96045,282.6864
2012-08-01 15:00:00,288.43597,285.3304,289.0028,285.36655,289.9339,282.47058
2012-08-01 18:00:00,289.6067,284.79858,289.48087,285.65472,291.1877,282.9172
2012-08-01 21:00:00,290.60788,284.92914,290.42975,285.5847,292.4347,282.93204
2012-08-02 00:00:00,290.77444,284.999,291.07397,285.6154,292.44418,282.78012
2012-08-02 03:00:00,291.01608,285.86206,291.73798,285.45145,291.5371,282.6216
2012-08-02 06:00:00,291.51022,285.8822,291.23172,285.38373,291.08762,282.4495
2012-08-02 09:00:00,291.01245,285.79706,290.8162,285.50806,290.35056,282.32684
2012-08-02 12:00:00,289.5897,285.86462,290.63724,285.73105,289.31665,282.2776
2012-08-02 15:00:00,289.0563,285.52307,290.43,285.3765,289.40857,282.67734
2012-08-02 18:00:00,290.2615,284.9739,291.0769,285.38354,291.37332,283.13626
2012-08-02 21:00:00,290.99716,285.01883,292.25058,285.43427,293.16385,284.40106
2012-08-03 00:00:00,291.2793,285.15326,292.751,285.54266,293.63785,284.36493
2012-08-03 03:00:00,291.60464,285.63663,292.66403,285.75494,292.6193,282.8973
2012-08-03 06:00:00,290.8511,286.2468,291.3734,286.15134,291.7031,282.77036
2012-08-03 09:00:00,290.35217,286.799,290.48502,286.6547,291.04486,282.58975
2012-08-03 12:00:00,290.3917,286.70123,290.6945,286.29916,289.811,282.52087
2012-08-03 15:00:00,290.5732,285.24887,290.8949,285.3001,290.14285,282.97034
2012-08-03 18:00:00,291.03885,285.04108,291.63504,285.20572,292.33304,284.70914
2012-08-03 21:00:00,291.74313,285.26462,292.88623,285.43768,293.05582,284.92496
2012-08-04 00:00:00,292.67767,285.3862,293.5659,285.49057,294.97244,284.8523
2012-08-04 03:00:00,293.38083,286.086,294.00967,285.67337,294.19516,284.4969
2012-08-04 06:00:00,292.6353,286.51126,293.43152,285.91614,293.00003,283.27753
2012-08-04 09:00:00,292.13345,286.2881,292.5064,285.87567,292.31784,282.92743
2012-08-04 12:00:00,291.81564,286.0278,291.93155,285.69623,291.70544,282.90375
2012-08-04 15:00:00,291.5963,285.1225,291.9855,284.99512,292.36264,284.47067
2012-08-04 18:00:00,291.79608,285.1769,292.6071,285.31094,293.23343,285.03906
2012-08-04 21:00:00,292.3351,285.31708,293.38013,285.41498,293.3884,285.1626
2012-08-05 00:00:00,292.9922,285.47363,294.3136,285.4173,295.38828,285.13306
2012-08-05 03:00:00,294.1454,285.96362,294.71072,285.4661,295.2587,284.74097
2012-08-05 06:00:00,293.91907,286.36624,294.16443,285.78055,293.952,284.49185
2012-08-05 09:00:00,292.9751,286.44077,293.36746,285.8263,293.11273,283.27216
2012-08-05 12:00:00,292.22983,286.19766,292.35834,285.84613,292.4707,282.9956
2012-08-05 15:00:00,291.98752,285.2919,292.1893,285.0853,292.84073,284.58768
2012-08-05 18:00:00,292.3118,285.2748,292.65512,285.34842,293.7657,285.1152
2012-08-05 21:00:00,292.28458,285.13406,293.0652,285.43567,293.7415,285.16537
2012-08-06 00:00:00,292.04123,285.08734,293.66086,285.4404,295.8643,285.1629
2012-08-06 03:00:00,291.9906,285.2577,294.10513,285.5962,295.42758,284.77112
2012-08-06 06:00:00,291.98026,286.04227,294.04163,285.61847,293.84976,284.421
2012-08-06 09:00:00,292.20642,285.93692,292.71075,285.68112,292.9715,283.64975
2012-08-06 12:00:00,291.33987,285.54108,292.07004,285.67957,292.23932,283.241
2012-08-06 15:00:00,291.65356,285.25058,292.57312,285.2681,292.0414,284.71332
2012-08-06 18:00:00,291.3608,285.40494,292.29684,285.48645,292.2787,285.13788
2012-08-06 21:00:00,291.81488,285.66492,292.46124,285.61304,292.95126,285.1171
2012-08-07 00:00:00,292.7815,285.81104,292.84195,285.5468,292.9397,285.05093
2012-08-07 03:00:00,292.67984,286.04205,292.671,285.3201,292.92557,284.7534
2012-08-07 06:00:00,292.20865,285.56168,292.7463,285.5344,292.57373,284.40878
2012-08-07 09:00:00,291.62183,285.5013,292.77066,285.55063,292.10526,283.43085
2012-08-07 12:00:00,290.9996,285.4046,292.43283,285.4177,291.79868,282.98172
2012-08-07 15:00:00,290.7345,284.9127,291.83502,285.5062,291.61163,283.67792
2012-08-07 18:00:00,291.33786,284.90054,292.5798,285.3478,291.63437,284.6545
2012-08-07 21:00:00,292.15298,284.9771,292.92856,285.23538,292.17462,284.88266
2012-08-08 00:00:00,292.77017,285.02246,292.99387,285.27835,292.26218,284.80612
2012-08-08 03:00:00,293.2558,285.6216,293.27994,285.68317,292.24332,284.49033
2012-08-08 06:00:00,292.85837,286.1478,293.59268,285.3206,293.56705,282.9924
2012-08-08 09:00:00,292.65887,285.99493,292.89474,285.68207,292.2946,282.6977
2012-08-08 12:00:00,292.0199,285.99966,292.12146,285.76367,291.70837,282.49542
2012-08-08 15:00:00,291.81433,285.26392,291.7629,284.97665,291.13513,282.87274
2012-08-08 18:00:00,291.77457,284.86295,292.25595,285.36166,292.19864,283.34158
2012-08-08 21:00:00,292.2827,284.95996,292.6305,285.49997,292.64304,283.62485
2012-08-09 00:00:00,292.95102,285.01382,293.05405,285.4906,292.80612,283.0398
2012-08-09 03:00:00,293.40775,285.7116,293.46365,284.87433,292.38422,282.85092
2012-08-09 06:00:00,293.12692,285.9838,293.22906,285.67538,291.91104,282.6579
2012-08-09 09:00:00,291.34323,286.58163,292.09912,285.85583,290.61743,282.55325
2012-08-09 12:00:00,289.69852,286.70663,291.54053,285.8081,290.36588,282.47748
2012-08-09 15:00:00,289.58606,285.41867,291.36594,285.35028,290.65015,282.72733
2012-08-09 18:00:00,291.86612,285.15262,291.8942,285.19034,291.56238,283.26385
2012-08-09 21:00:00,292.91577,285.3841,293.14087,285.1514,292.8059,284.26498
2012-08-10 00:00:00,293.6826,285.9559,293.97327,285.38483,292.91837,283.8183
2012-08-10 03:00:00,293.87454,286.50223,294.0403,285.68594,291.92343,282.8527
2012-08-10 06:00:00,292.8259,286.65732,292.5913,285.61053,290.82138,282.54474
2012-08-10 09:00:00,291.92215,286.96692,291.43774,285.71616,290.05142,282.5865
2012-08-10 12:00:00,290.87534,286.7657,290.28348,286.04526,289.00784,282.61716
2012-08-10 15:00:00,290.40036,285.35587,289.95023,285.34036,289.15134,282.64334
2012-08-10 18:00:00,290.78696,285.19614,290.8115,284.93616,291.23013,284.0423
2012-08-10 21:00:00,292.07242,285.44003,292.0919,285.20056,292.87378,284.63196
2012-08-11 00:00:00,293.31177,286.09583,292.98358,285.44525,293.24545,284.55035
2012-08-11 03:00:00,293.75525,286.87042,293.37753,285.6343,292.23413,283.00787
2012-08-11 06:00:00,292.8035,287.01645,292.27267,285.7614,291.48227,282.81268
2012-08-11 09:00:00,291.93253,286.83304,291.4507,285.99808,291.089,282.5645
2012-08-11 12:00:00,290.51016,286.71234,290.2927,286.00043,290.0034,282.51508
2012-08-11 15:00:00,289.52182,285.36227,289.9122,285.36584,289.9047,283.11057
2012-08-11 18:00:00,290.79916,285.13223,290.79422,285.07712,291.2654,284.83392
2012-08-11 21:00:00,291.58212,285.3685,291.86108,285.3147,291.73987,285.07465
2012-08-12 00:00:00,292.41946,285.71582,292.74597,285.32074,293.73422,284.95163
2012-08-12 03:00:00,293.73978,286.7424,293.0066,285.42465,292.98117,284.37982
2012-08-12 06:00:00,292.85965,287.16302,292.78458,285.70035,291.77036,282.844
2012-08-12 09:00:00,292.2195,286.81094,291.4539,285.9187,291.03625,282.66763
2012-08-12 12:00:00,291.56665,286.52637,290.9015,285.88947,290.25632,282.5291
2012-08-12 15:00:00,291.34024,285.5583,290.89938,284.8713,290.4962,282.8979
2012-08-12 18:00:00,291.8661,285.3287,291.52148,285.0788,292.10056,284.69656
2012-08-12 21:00:00,292.69437,285.4151,292.8196,285.2312,293.79663,284.92383
2012-08-13 00:00:00,294.17413,285.64288,293.77136,285.30286,293.64893,284.726
2012-08-13 03:00:00,294.36172,286.69965,293.95486,285.6192,292.09137,283.0943
2012-08-13 06:00:00,293.09842,287.2626,292.38678,285.6755,290.9375,282.67072
2012-08-13 09:00:00,292.16507,287.02966,291.2725,285.52444,290.38242,282.53873
2012-08-13 12:00:00,291.5045,286.87186,290.85074,285.75092,290.16904,282.35236
2012-08-13 15:00:00,291.28738,285.76822,290.8945,285.5789,290.71848,282.74927
2012-08-13 18:00:00,291.84512,285.2188,291.66287,285.16293,292.32812,284.38678
2012-08-13 21:00:00,292.8441,285.0384,292.885,285.2546,293.65576,284.58896
2012-08-14 00:00:00,294.6111,285.17218,293.78854,285.40823,293.2653,284.3369
2012-08-14 03:00:00,294.6453,286.2284,293.7333,285.62915,292.85684,282.93637
2012-08-14 06:00:00,293.8237,286.58694,293.03723,285.42673,292.29984,282.67136
2012-08-14 09:00:00,293.0702,286.38724,292.34204,285.5861,291.8895,282.62817
2012-08-14 12:00:00,290.97974,286.3133,291.68973,285.73636,291.42786,282.61752
2012-08-14 15:00:00,290.20505,285.6612,291.31055,285.55896,291.34738,283.01294
2012-08-14 18:00:00,291.36978,285.1612,292.0441,285.21234,292.29153,284.67276
2012-08-14 21:00:00,292.37302,285.07422,293.11792,285.3606,293.38904,284.89795
2012-08-15 00:00:00,293.40726,285.07886,293.79697,285.45023,293.475,284.8289
2012-08-15 03:00:00,294.1813,285.55557,293.9324,285.61792,293.12317,284.41995
2012-08-15 06:00:00,293.3575,286.38718,292.85226,285.88574,292.6169,283.17023
2012-08-15 09:00:00,293.1594,286.27655,292.34848,285.74408,292.45175,283.01462
2012-08-15 12:00:00,292.5601,286.33762,291.72974,285.6062,291.2946,283.02728
2012-08-15 15:00:00,292.36673,285.31494,291.54904,285.1588,291.42227,283.65106
2012-08-15 18:00:00,292.8002,285.05704,291.99988,285.23395,292.64276,284.92682
2012-08-15 21:00:00,293.70688,285.28656,293.06897,285.38016,292.75745,285.13608
2012-08-16 00:00:00,294.7421,285.5486,293.76764,285.3695,294.3788,285.0803
2012-08-16 03:00:00,295.2001,286.2351,294.31058,285.26132,294.03268,284.65625
2012-08-16 06:00:00,294.19214,286.32825,293.4724,285.27713,292.6932,283.76328
2012-08-16 09:00:00,293.29153,286.12778,292.54037,285.53143,291.77267,282.98447
2012-08-16 12:00:00,292.6143,286.2553,291.8772,285.69626,290.98877,282.97272
2012-08-16 15:00:00,292.21094,285.31674,291.80405,284.99805,291.15347,284.25433
2012-08-16 18:00:00,292.57242,285.21753,292.1715,285.2633,291.5131,285.102
2012-08-16 21:00:00,292.78177,285.26318,292.68396,285.37778,291.19373,285.1643
2012-08-17 00:00:00,292.7582,285.3547,292.6357,285.38522,291.15894,285.16098
2012-08-17 03:00:00,292.5911,285.94144,293.0434,285.19937,292.6404,284.69427
2012-08-17 06:00:00,292.5588,286.1929,293.32382,285.47437,292.51083,284.0044
2012-08-17 09:00:00,292.65704,286.13776,293.12067,285.58682,291.53952,282.9269
2012-08-17 12:00:00,292.70584,285.59293,292.3862,285.5692,291.12854,283.0051
2012-08-17 15:00:00,291.8592,285.07376,292.3519,284.97806,291.0584,284.62033
2012-08-17 18:00:00,292.36697,285.12106,292.48837,285.40634,291.11777,285.1625
2012-08-17 21:00:00,292.541,285.196,292.1527,285.59155,291.46362,285.16782
2012-08-18 00:00:00,292.00278,285.2348,292.2638,285.67993,291.56717,285.11926
2012-08-18 03:00:00,292.20996,285.36118,292.48795,285.7738,291.55304,284.82474
2012-08-18 06:00:00,292.2844,285.74365,292.52267,285.8279,291.79886,284.438
2012-08-18 09:00:00,292.51828,286.53043,292.2509,285.77942,291.5284,283.2923
2012-08-18 12:00:00,292.11026,286.22968,292.2627,285.36816,291.5035,283.11603
2012-08-18 15:00:00,292.03018,285.23343,292.22998,285.1465,291.41025,284.65707
2012-08-18 18:00:00,292.1161,285.22107,292.47385,285.17862,292.0084,285.1079
2012-08-18 21:00:00,292.09995,286.09427,292.8632,285.03345,291.998,285.02917
2012-08-19 00:00:00,292.74646,285.74356,292.7858,284.988,292.31857,284.67633
2012-08-19 03:00:00,292.45065,285.71057,292.65857,285.39313,292.71085,284.51352
2012-08-19 06:00:00,292.0691,285.51273,292.45456,285.45993,291.74036,284.33102
2012-08-19 09:00:00,291.52945,285.47107,292.07272,285.08722,291.392,283.13934
2012-08-19 12:00:00,290.32678,285.5049,291.6943,284.86963,291.10242,283.05768
2012-08-19 15:00:00,291.12674,285.6635,292.05814,285.3205,291.00833,282.88446
2012-08-19 18:00:00,292.1545,285.7542,292.7092,285.7879,291.17313,283.11044
2012-08-19 21:00:00,292.844,285.36456,292.97415,285.84427,291.2339,284.2662
2012-08-20 00:00:00,293.15604,285.03946,293.2642,285.54364,291.4082,284.32748
2012-08-20 03:00:00,292.97568,285.66418,293.45374,285.64417,291.38834,283.32242
2012-08-20 06:00:00,291.7766,285.87405,292.74753,285.41858,291.3005,283.004
2012-08-20 09:00:00,291.61948,286.05518,291.9814,285.2341,290.60355,282.91223
2012-08-20 12:00:00,289.77475,285.9123,290.68054,285.2461,289.84537,282.6904
2012-08-20 15:00:00,289.34146,285.39417,290.05234,285.44568,289.61163,282.79086
2012-08-20 18:00:00,290.4147,284.69897,290.85385,285.26785,290.44287,282.93423
2012-08-20 21:00:00,291.86823,284.83224,291.98877,285.44662,291.45212,283.78757
2012-08-21 00:00:00,293.11588,284.9975,292.77438,285.57477,291.47647,283.45633
2012-08-21 03:00:00,292.8493,285.99878,293.29355,285.85605,291.5012,282.83554
2012-08-21 06:00:00,291.27457,286.74536,292.37463,286.25873,291.23438,282.45364
2012-08-21 09:00:00,289.86865,286.83484,291.33414,286.4526,290.20328,282.29053
2012-08-21 12:00:00,289.40805,287.06088,290.69635,286.7474,289.29526,282.2565
2012-08-21 15:00:00,288.59106,285.42554,290.4209,285.18094,289.29077,282.66394
2012-08-21 18:00:00,290.0278,284.74368,290.49783,285.26022,290.9146,283.00174
2012-08-21 21:00:00,291.06375,284.82236,290.9354,285.53476,291.47476,283.79965
2012-08-22 00:00:00,292.30737,284.84528,291.45358,285.43222,291.5841,283.58286
2012-08-22 03:00:00,292.458,285.67877,292.08652,285.09113,291.59418,282.83615
2012-08-22 06:00:00,291.8943,285.92145,291.7361,285.50073,290.345,282.39014
2012-08-22 09:00:00,291.18777,285.77805,290.3989,285.54205,289.29684,282.33282
2012-08-22 12:00:00,287.7924,285.97513,288.9441,285.73816,288.72244,282.3362
2012-08-22 15:00:00,287.86417,285.99063,288.28052,285.78387,288.64542,282.46774
2012-08-22 18:00:00,289.4409,285.73764,288.8763,285.78995,290.0609,282.92078
2012-08-22 21:00:00,289.798,284.67667,289.77274,285.8116,291.2734,283.07532
2012-08-23 00:00:00,291.03043,284.56854,290.63553,285.69794,291.39383,282.5908
2012-08-23 03:00:00,291.28745,285.46887,290.86896,285.74286,291.01306,282.48553
2012-08-23 06:00:00,290.52066,285.74503,291.18515,285.70853,289.3535,282.30945
2012-08-23 09:00:00,289.54028,285.85388,290.6174,285.78226,288.60156,282.48007
2012-08-23 12:00:00,288.1743,285.87643,289.79086,286.03436,288.2037,283.69922
2012-08-23 15:00:00,286.51584,285.63132,289.36975,285.71,288.1973,282.33075
2012-08-23 18:00:00,288.82733,284.74036,289.91498,285.2715,289.6397,282.3693
2012-08-23 21:00:00,290.37936,284.79535,290.97934,285.3667,291.13565,282.63202
2012-08-24 00:00:00,290.4108,285.3753,291.33316,285.20792,290.88052,282.36838
2012-08-24 03:00:00,290.86526,285.8417,291.03757,285.71698,290.02625,282.47717
2012-08-24 06:00:00,290.75818,286.2378,290.41147,285.99283,289.25232,283.7028
2012-08-24 09:00:00,289.82394,286.59042,289.447,286.24115,288.63184,283.96222
2012-08-24 12:00:00,288.99243,286.92847,288.7831,286.30618,287.91776,283.46106
2012-08-24 15:00:00,287.51843,285.3426,288.12918,285.68372,287.43298,282.75705
2012-08-24 18:00:00,288.3119,284.66733,288.46277,285.10846,288.3395,282.50436
2012-08-24 21:00:00,289.06015,284.60062,289.16367,285.09946,289.86212,282.82123
2012-08-25 00:00:00,289.6738,284.66827,289.98502,285.23145,291.07364,282.75974
2012-08-25 03:00:00,290.03802,286.06622,290.08362,285.9422,291.23746,282.3318
2012-08-25 06:00:00,289.79898,287.24686,289.94177,286.7615,290.08737,283.32083
2012-08-25 09:00:00,289.31238,287.2771,289.7587,286.87445,289.10138,284.2866
2012-08-25 12:00:00,289.11362,286.91943,289.44424,286.6788,288.17932,284.41635
2012-08-25 15:00:00,287.44986,284.74228,289.2781,284.922,287.79208,282.3298
2012-08-25 18:00:00,289.79318,284.65048,289.83496,284.793,289.14026,283.1021
2012-08-25 21:00:00,290.72354,284.86044,291.20865,284.81216,291.0439,284.41736
2012-08-26 00:00:00,291.2129,284.95648,291.71606,284.89377,291.50208,284.38123
2012-08-26 03:00:00,291.18497,285.56958,291.71298,285.1357,291.30966,282.61264
2012-08-26 06:00:00,290.90692,286.84683,291.62692,286.32077,291.2981,282.55997
2012-08-26 09:00:00,290.69775,286.70398,291.5142,286.41287,291.18033,284.29947
2012-08-26 12:00:00,289.9675,286.20575,290.2184,285.74323,290.1565,285.79828
2012-08-26 15:00:00,289.02692,284.7472,289.3496,284.93155,289.22363,282.58633
2012-08-26 18:00:00,289.35864,284.83215,289.91388,285.31982,290.02112,283.6901
2012-08-26 21:00:00,290.22342,285.00513,290.45193,285.3631,290.53745,284.53806
2012-08-27 00:00:00,291.0555,285.1197,291.15314,285.4705,290.89124,284.2509
2012-08-27 03:00:00,291.19785,285.10025,291.75424,284.6763,291.06982,283.01996
2012-08-27 06:00:00,290.54755,285.82068,290.2109,285.07962,290.40836,282.46457
2012-08-27 09:00:00,289.1924,285.6435,289.42172,285.31216,289.96454,282.5768
2012-08-27 12:00:00,288.36328,285.38562,288.99695,285.39276,289.77475,282.5087
2012-08-27 15:00:00,288.68906,284.87054,289.14932,285.7089,289.7228,282.3276
2012-08-27 18:00:00,290.05588,284.4667,289.8212,285.5849,290.11212,282.58813
2012-08-27 21:00:00,290.86746,284.35287,290.913,284.9895,290.60004,283.07828
2012-08-28 00:00:00,291.12985,284.50687,291.30188,284.9772,290.65076,282.87903
2012-08-28 03:00:00,291.12515,285.0736,291.35168,285.6804,290.6394,282.57086
2012-08-28 06:00:00,290.88196,286.55942,291.30173,286.02335,290.58835,282.70947
2012-08-28 09:00:00,290.53156,287.14606,290.91827,286.4149,290.2064,283.66824
2012-08-28 12:00:00,289.01773,287.08157,289.90414,286.63828,288.59573,282.23404
2012-08-28 15:00:00,288.5554,285.20883,289.01346,285.43918,287.99435,282.31735
2012-08-28 18:00:00,289.50012,284.55054,289.35184,284.79413,289.36795,282.59268
2012-08-28 21:00:00,290.42288,284.59158,290.31906,284.70834,290.3516,282.64435
2012-08-29 00:00:00,291.0808,284.58066,290.68805,284.7491,290.65054,282.56204
2012-08-29 03:00:00,291.55627,285.16257,291.09567,285.35684,290.30524,282.5142
2012-08-29 06:00:00,290.65915,285.87833,290.7474,285.74237,289.7182,282.6932
2012-08-29 09:00:00,290.11624,286.1883,289.91904,285.949,288.98703,282.8175
2012-08-29 12:00:00,289.04526,285.77185,289.1309,285.90533,288.2987,283.60666
2012-08-29 15:00:00,288.72903,285.76123,288.7757,285.81473,288.46375,282.2722
2012-08-29 18:00:00,288.80545,285.68945,289.39645,285.69934,289.45834,282.4681
2012-08-29 21:00:00,289.92743,284.97272,290.0566,285.56897,289.9409,282.57272
2012-08-30 00:00:00,290.8759,284.6918,290.80765,285.5601,290.0827,282.54913
2012-08-30 03:00:00,290.94955,284.6777,290.965,285.6434,290.1528,282.6114
2012-08-30 06:00:00,290.52148,285.49414,290.6259,285.70773,289.74918,282.6548
2012-08-30 09:00:00,289.79694,286.65982,290.01062,285.90604,289.38126,282.43622
2012-08-30 12:00:00,288.33786,286.9898,288.8182,285.98224,287.57993,282.33514
2012-08-30 15:00:00,287.72952,285.86072,288.34024,285.82935,286.9189,282.32635
2012-08-30 18:00:00,288.75372,284.58328,288.37546,285.36957,287.96786,282.21027
2012-08-30 21:00:00,289.2468,283.88834,289.04663,284.70767,288.9739,282.3672
2012-08-31 00:00:00,289.61423,284.58282,289.77567,285.27573,289.42087,282.59964
2012-08-31 03:00:00,289.9077,285.84042,290.28027,286.25925,289.3171,282.39587
2012-08-31 06:00:00,289.81177,286.8017,289.66727,286.75687,287.9352,283.4686
2012-08-31 09:00:00,289.18082,286.988,288.7496,286.87146,287.32397,283.0909
2012-08-31 12:00:00,288.5956,287.48392,288.5188,286.94586,286.3519,283.05124
2012-08-31 15:00:00,286.8298,285.69388,288.07278,285.7364,286.25342,282.64978
2012-08-31 18:00:00,288.21143,284.52933,288.5283,284.84778,288.20883,282.3996
2012-08-31 21:00:00,289.5845,284.56406,289.87894,285.3073,289.88046,282.77927
2012-09-01 00:00:00,290.54877,284.67,290.5845,285.43738,290.68527,282.72726
2012-09-01 03:00:00,289.98862,286.11862,290.72256,286.1934,290.2383,282.4484
2012-09-01 06:00:00,290.44067,287.45844,290.43237,286.78693,289.21375,283.44537
2012-09-01 09:00:00,289.91913,287.1974,289.45224,286.9547,288.4434,283.49185
2012-09-01 12:00:00,287.4031,287.48016,288.70117,287.0494,286.9744,283.22748
2012-09-01 15:00:00,285.9154,285.9584,287.6866,285.75397,286.43103,282.2617
2012-09-01 18:00:00,287.54224,284.64838,287.77646,285.28555,287.50793,282.60757
2012-09-01 21:00:00,289.23483,284.6481,288.6085,285.33484,288.76285,282.95792
2012-09-02 00:00:00,290.26205,284.82394,289.77158,285.38333,289.55472,282.83612
2012-09-02 03:00:00,290.3657,285.91476,290.146,285.75403,289.54324,282.63928
2012-09-02 06:00:00,289.2854,286.70798,290.1195,286.0177,289.53552,282.62955
2012-09-02 09:00:00,288.00653,286.85907,289.56464,286.42978,288.99997,282.5841
2012-09-02 12:00:00,286.32675,286.72177,288.47903,286.49884,288.21317,282.33072
2012-09-02 15:00:00,286.34268,285.87393,287.3898,285.82492,287.77853,282.23798
2012-09-02 18:00:00,288.04666,284.6373,287.7831,285.69644,288.16724,282.57275
2012-09-02 21:00:00,288.5995,284.5837,288.62448,285.3281,289.42294,282.83136
2012-09-03 00:00:00,289.7468,284.61725,289.63004,284.8759,289.74734,282.48325
2012-09-03 03:00:00,289.98425,285.93375,289.9877,285.7488,289.74158,282.27628
2012-09-03 06:00:00,290.01367,286.70172,290.14517,285.85187,288.57544,282.5431
2012-09-03 09:00:00,289.45413,286.9172,289.1289,285.91156,288.0776,283.4791
2012-09-03 12:00:00,288.05392,286.81653,288.43915,285.981,287.73795,283.57098
2012-09-03 15:00:00,287.09567,285.56555,288.1325,285.30127,287.8137,282.54666
2012-09-03 18:00:00,288.64877,284.58655,288.92664,284.70364,289.3983,282.5866
2012-09-03 21:00:00,289.60153,284.80545,290.09518,285.45126,291.01193,282.9154
2012-09-04 00:00:00,290.66498,285.0664,291.1528,285.64044,290.9336,282.86908
2012-09-04 03:00:00,291.0217,286.06683,291.29227,285.86224,289.8651,282.54944
2012-09-04 06:00:00,290.09372,287.00488,290.1092,286.13705,289.39584,282.40933
2012-09-04 09:00:00,289.68936,287.00217,289.5355,286.4382,289.101,282.37778
2012-09-04 12:00:00,289.04117,286.79877,288.64127,286.55878,288.173,282.44684
2012-09-04 15:00:00,288.394,285.04764,288.32776,285.03333,288.10495,282.16904
2012-09-04 18:00:00,289.0161,284.61646,289.14474,284.81287,289.55426,283.10843
2012-09-04 21:00:00,289.73184,284.835,290.2876,284.94598,290.81113,284.33774
2012-09-05 00:00:00,290.48016,285.04974,291.22412,285.38953,292.38107,283.69452
2012-09-05 03:00:00,291.20236,286.1167,291.644,285.66968,291.11557,282.73962
2012-09-05 06:00:00,290.62433,286.76926,291.03635,285.9141,290.09897,282.2809
2012-09-05 09:00:00,290.05807,287.23105,290.23373,286.15335,289.5736,282.20084
2012-09-05 12:00:00,289.288,287.23532,289.21286,286.41855,288.7507,282.1893
2012-09-05 15:00:00,288.99503,285.48212,288.813,285.0398,288.60437,282.30594
2012-09-05 18:00:00,289.16693,284.7069,289.5596,285.016,290.04764,282.80392
2012-09-05 21:00:00,289.6595,284.9052,290.4713,284.87054,291.59567,283.0771
2012-09-06 00:00:00,289.95636,284.98798,291.43604,285.04938,291.8375,282.8361
2012-09-06 03:00:00,290.49194,285.63977,291.5463,285.13724,290.9805,282.47458
2012-09-06 06:00:00,290.5653,285.92752,290.83133,285.3425,290.36356,282.41895
2012-09-06 09:00:00,290.40018,285.59006,290.3097,285.06107,290.09555,282.65164
2012-09-06 12:00:00,289.71375,286.03027,289.2325,285.725,289.04105,282.6798
2012-09-06 15:00:00,289.5701,284.73465,289.08078,284.67307,289.04565,282.25204
2012-09-06 18:00:00,289.93875,284.7146,289.79367,284.65808,289.87872,283.69406
2012-09-06 21:00:00,290.80594,284.92212,290.92468,284.90015,289.7031,284.64938
2012-09-07 00:00:00,291.67026,285.17294,291.55667,284.87137,290.00577,284.55075
2012-09-07 03:00:00,291.62775,285.6772,292.12186,285.21628,291.31534,282.92093
2012-09-07 06:00:00,291.13538,285.8581,291.5986,285.1741,290.41,282.9113
2012-09-07 09:00:00,290.63025,285.46255,290.65482,284.89066,289.7285,282.66714
2012-09-07 12:00:00,289.889,285.47934,289.82608,284.79312,288.9984,283.00604
2012-09-07 15:00:00,289.38663,284.68796,289.60623,284.5584,288.79517,282.83438
2012-09-07 18:00:00,289.4733,284.84348,289.80038,284.94998,288.6425,284.8274
2012-09-07 21:00:00,289.476,284.95392,290.05576,285.24393,288.6526,285.10147
2012-09-08 00:00:00,289.55814,285.08643,290.13,285.05496,288.49725,284.9526
2012-09-08 03:00:00,289.46317,285.3429,290.04666,284.76953,288.45438,283.29544
2012-09-08 06:00:00,289.49454,285.14963,289.6731,284.50186,289.332,282.28387
2012-09-08 09:00:00,289.2584,284.91913,289.554,284.45978,289.47723,282.49384
2012-09-08 12:00:00,288.9043,284.82373,288.97922,284.65164,288.39893,282.82788
2012-09-08 15:00:00,288.5142,284.6432,288.6705,284.76367,288.51675,282.8906
2012-09-08 18:00:00,288.82285,284.8578,288.77356,285.26532,288.49356,284.84964
2012-09-08 21:00:00,289.15735,284.9258,289.1366,285.459,288.55002,285.0377
2012-09-09 00:00:00,288.88907,284.86093,289.28748,285.3335,288.7054,284.87286
2012-09-09 03:00:00,289.60025,285.57776,289.3948,285.99014,288.62064,283.63226
2012-09-09 06:00:00,289.7194,286.1754,289.7676,285.8712,289.87796,282.7522
2012-09-09 09:00:00,289.7348,285.96313,289.33554,285.93015,289.93295,282.48972
2012-09-09 12:00:00,288.863,285.86868,288.17026,285.86575,288.82397,282.10083
2012-09-09 15:00:00,288.4119,285.83575,287.9952,285.7473,288.56937,282.42664
2012-09-09 18:00:00,288.97852,285.9291,288.58957,285.92773,288.8467,282.88226
2012-09-09 21:00:00,290.06567,285.78076,289.4368,286.00787,289.04608,282.76212
2012-09-10 00:00:00,290.35556,285.73148,289.71158,285.76822,289.047,282.1632
2012-09-10 03:00:00,290.00107,285.8006,289.33652,285.8352,286.846,282.27994
2012-09-10 06:00:00,288.92007,286.01456,288.30472,286.1045,286.2882,282.27725
2012-09-10 09:00:00,287.54782,286.17374,287.53427,286.04486,285.56265,282.84982
2012-09-10 12:00:00,287.34937,286.19525,286.96088,286.03357,285.76282,282.34064
2012-09-10 15:00:00,287.21066,286.03806,286.80984,285.99615,285.70593,282.3902
2012-09-10 18:00:00,287.7178,285.9596,287.15787,286.0751,286.29175,282.22922
2012-09-10 21:00:00,287.30017,285.78455,287.6564,285.82855,285.19528,282.14215
2012-09-11 00:00:00,287.69455,285.79675,286.0887,285.97604,285.2466,282.21228
2012-09-11 03:00:00,286.8185,286.4367,286.52036,286.26074,285.65933,282.92062
2012-09-11 06:00:00,287.07614,286.1626,286.59137,285.85477,285.6298,281.63806
2012-09-11 09:00:00,287.04443,285.25464,286.43527,285.13654,285.1448,281.36435
2012-09-11 12:00:00,286.8598,283.5718,286.2291,284.69092,284.72092,281.12634
2012-09-11 15:00:00,285.46823,284.14172,285.83057,283.96518,284.40945,281.85663
2012-09-11 18:00:00,285.64154,284.77567,286.39038,285.4233,285.22946,282.3466
2012-09-11 21:00:00,286.88535,284.5667,287.5166,284.83072,286.74252,282.16605
2012-09-12 00:00:00,288.28433,285.5349,288.6157,285.27945,287.89273,282.1486
2012-09-12 03:00:00,288.8121,286.43753,288.83914,285.9937,287.73047,282.9183
2012-09-12 06:00:00,288.53098,286.22064,288.29922,285.89624,286.95544,282.49402
2012-09-12 09:00:00,286.0964,286.9524,287.621,286.35358,286.4442,280.97064
2012-09-12 12:00:00,286.56174,287.0603,287.07382,286.47952,285.06458,280.67688
2012-09-12 15:00:00,286.67496,286.07495,286.71387,285.75113,284.49463,282.26865
2012-09-12 18:00:00,287.4476,283.78433,287.20593,283.71597,286.1596,282.62497
2012-09-12 21:00:00,288.3008,284.60846,288.6558,284.55698,287.6857,283.32175
2012-09-13 00:00:00,288.91104,284.73834,289.5081,284.8494,287.66867,283.0462
2012-09-13 03:00:00,289.348,286.06433,289.6948,285.38553,287.72995,282.34268
2012-09-13 06:00:00,289.32785,286.6009,289.55722,285.762,288.11502,282.66345
2012-09-13 09:00:00,289.25623,286.61957,289.32043,286.01343,287.63248,282.9148
2012-09-13 12:00:00,288.28845,286.67075,287.9178,286.1484,287.26306,283.88937
2012-09-13 15:00:00,287.77112,284.66254,287.4403,284.535,286.78915,282.24554
2012-09-13 18:00:00,287.82254,284.64362,287.83444,284.62326,287.10645,284.6254
2012-09-13 21:00:00,288.15247,284.81857,288.3815,284.85767,287.1254,284.911
2012-09-14 00:00:00,288.6633,284.74426,288.97546,284.73016,287.12595,284.70575
2012-09-14 03:00:00,288.92465,285.5999,289.36435,284.67294,287.3809,282.781
2012-09-14 06:00:00,288.77316,287.33417,288.92838,286.21936,288.72214,282.50043
2012-09-14 09:00:00,288.49213,287.9947,288.64236,287.2219,288.06998,282.47528
2012-09-14 12:00:00,288.09552,287.02286,287.74805,287.23877,287.4956,282.55362
2012-09-14 15:00:00,287.81308,284.68292,287.46085,285.4351,287.41977,282.17255
2012-09-14 18:00:00,288.13748,284.73434,287.8078,284.65012,288.30856,282.99857
2012-09-14 21:00:00,288.51123,284.88913,288.48843,284.8031,289.58804,284.33017
2012-09-15 00:00:00,289.27945,285.0358,289.41895,284.90314,290.17737,283.5696
2012-09-15 03:00:00,290.14383,285.7936,289.44827,284.96753,288.67773,282.57962
2012-09-15 06:00:00,289.59323,286.3361,288.70596,285.675,287.8516,282.2224
2012-09-15 09:00:00,288.77463,286.84058,288.00565,285.80667,287.44565,282.34415
2012-09-15 12:00:00,287.98953,286.56955,287.45334,285.92593,287.17197,282.2901
2012-09-15 15:00:00,287.6965,285.14926,287.28537,284.7149,287.26514,282.14233
2012-09-15 18:00:00,287.98206,284.58554,287.86154,284.54596,288.35712,283.2132
2012-09-15 21:00:00,288.39468,284.71237,288.5383,284.71722,289.80713,284.40912
2012-09-16 00:00:00,288.69376,284.7307,289.33615,284.88736,290.2396,283.4727
2012-09-16 03:00:00,289.0992,285.62747,289.4213,285.15613,289.09448,282.53192
2012-09-16 06:00:00,289.06052,286.751,289.0576,285.93564,288.45264,282.28604
2012-09-16 09:00:00,288.78165,286.4385,288.4988,286.03445,288.1472,282.57425
2012-09-16 12:00:00,288.36423,286.3544,287.31308,286.14902,287.5457,282.6809
2012-09-16 15:00:00,288.15134,285.1957,287.35757,284.75006,287.60532,282.24014
2012-09-16 18:00:00,288.60632,284.64975,288.24277,284.6366,288.0542,284.57196
2012-09-16 21:00:00,289.33145,284.8726,289.2521,284.87427,287.98825,284.86835
2012-09-17 00:00:00,290.1149,284.9895,290.0259,284.85995,288.15854,284.66132
2012-09-17 03:00:00,290.63797,285.56302,290.3439,285.2157,289.94275,282.9258
2012-09-17 06:00:00,290.03635,285.95032,290.01355,285.84048,289.60217,282.83777
2012-09-17 09:00:00,289.64914,285.7088,289.37656,285.3446,289.04895,282.56186
2012-09-17 12:00:00,289.12106,286.01782,288.46973,285.56696,288.10742,282.67664
2012-09-17 15:00:00,288.69815,284.8266,288.17783,284.77228,287.68726,282.61072
2012-09-17 18:00:00,288.85303,284.7653,288.58215,284.79953,287.87057,284.8083
2012-09-17 21:00:00,289.5387,284.93344,289.5194,285.0238,287.6652,285.0761
2012-09-18 00:00:00,290.04834,285.08194,290.3518,284.83374,287.73752,284.76404
2012-09-18 03:00:00,290.29242,285.80066,290.20798,285.00293,290.34964,282.90518
2012-09-18 06:00:00,289.63623,286.14056,289.6195,285.5631,289.52377,282.75604
2012-09-18 09:00:00,289.246,286.0785,289.18777,286.09445,288.8353,282.76282
2012-09-18 12:00:00,288.4158,286.41376,288.22678,286.8352,288.0039,282.78238
2012-09-18 15:00:00,288.14618,285.2997,287.936,285.52905,287.77173,282.66504
2012-09-18 18:00:00,288.42148,284.811,288.2535,284.83185,288.0433,284.6604
2012-09-18 21:00:00,288.49417,284.87262,288.70175,284.97012,288.18103,284.95224
2012-09-19 00:00:00,288.38754,284.7033,288.69278,284.71884,288.35587,284.6621
2012-09-19 03:00:00,288.3663,285.43347,288.48386,285.49338,289.82108,282.80573
2012-09-19 06:00:00,288.23288,286.4878,288.44635,286.54877,288.92484,282.62265
2012-09-19 09:00:00,288.24796,286.7243,288.50928,286.8194,288.17798,283.03696
2012-09-19 12:00:00,288.49716,286.42303,288.1891,286.54117,287.4813,283.32596
2012-09-19 15:00:00,288.50284,284.54688,288.08124,284.3948,287.1548,282.55252
2012-09-19 18:00:00,288.49313,284.71036,288.16174,284.79562,287.00583,284.72385
2012-09-19 21:00:00,288.63815,284.85934,288.29138,285.00662,287.00363,285.01904
2012-09-20 00:00:00,288.6664,284.85666,288.5755,284.82776,287.04575,284.85175
2012-09-20 03:00:00,288.8464,285.4556,289.18546,284.81448,287.08896,282.93146
2012-09-20 06:00:00,288.9769,285.9267,289.16394,284.83557,288.6014,282.59732
2012-09-20 09:00:00,288.91934,285.45493,289.39285,284.56042,288.44406,283.15057
2012-09-20 12:00:00,288.5657,285.04266,288.69147,283.58035,287.79843,283.3633
2012-09-20 15:00:00,288.31262,284.45764,288.41714,283.8252,287.57184,282.65915
2012-09-20 18:00:00,288.478,284.84363,288.59964,285.01,287.20068,284.8942
2012-09-20 21:00:00,288.62643,285.05356,289.01663,285.31497,287.22293,285.15796
2012-09-21 00:00:00,288.61072,284.94263,289.28433,284.97345,287.3052,284.8988
2012-09-21 03:00:00,288.51102,285.29602,289.1082,285.4432,287.15454,282.97864
2012-09-21 06:00:00,288.93558,286.15988,288.9153,286.1214,287.45645,282.36224
2012-09-21 09:00:00,288.19635,285.89365,288.60846,286.11542,288.29514,282.6634
2012-09-21 12:00:00,287.39044,285.80646,287.9629,285.8963,287.62082,282.25833
2012-09-21 15:00:00,287.13882,284.59094,287.34915,284.64194,287.1127,282.6635
2012-09-21 18:00:00,287.0897,284.66763,287.41043,284.70703,287.0262,284.4787
2012-09-21 21:00:00,287.90427,284.7961,287.7877,284.86697,287.19632,284.77533
2012-09-22 00:00:00,288.60803,284.6681,288.40744,284.6996,287.1915,284.58243
2012-09-22 03:00:00,288.31448,285.5143,288.74405,285.51468,287.20563,282.89807
2012-09-22 06:00:00,287.50107,286.33987,288.41446,285.91525,287.13644,282.72723
2012-09-22 09:00:00,287.21042,286.72565,288.09863,286.37177,287.16797,282.41818
2012-09-22 12:00:00,286.20337,286.577,287.5161,286.42224,286.55313,282.50757
2012-09-22 15:00:00,285.99783,285.70856,286.94492,285.48996,286.2324,282.33734
2012-09-22 18:00:00,286.9011,284.71634,287.17776,284.70703,286.6868,284.0768
2012-09-22 21:00:00,287.05225,284.8515,287.61685,285.42532,287.4369,284.73697
2012-09-23 00:00:00,287.37296,284.81046,287.8927,285.37732,287.58548,284.52866
2012-09-23 03:00:00,287.72995,286.06656,287.9653,285.78217,287.6508,282.82312
2012-09-23 06:00:00,287.67477,286.38638,288.02808,286.0883,287.80875,282.64032
2012-09-23 09:00:00,286.78812,285.8672,287.70715,286.1417,287.6204,282.3756
2012-09-23 12:00:00,286.49158,285.22202,287.24365,285.9527,286.60724,282.43173
2012-09-23 15:00:00,285.2745,285.22083,287.20135,285.36844,286.0039,282.48645
2012-09-23 18:00:00,286.3365,284.6701,287.2078,284.98593,286.60846,284.45212
2012-09-23 21:00:00,287.36026,285.00256,287.95898,285.20093,287.45236,284.80615
2012-09-24 00:00:00,288.0079,285.21008,288.66348,285.1802,287.33853,284.57556
2012-09-24 03:00:00,288.14148,285.92584,288.44748,285.70514,287.66916,282.92276
2012-09-24 06:00:00,288.00415,286.18365,288.1864,286.21423,288.44638,282.77515
2012-09-24 09:00:00,287.16638,285.94058,287.74466,286.73953,287.7689,282.43756
2012-09-24 12:00:00,286.67212,285.95026,287.09644,286.91077,286.84863,282.3305
2012-09-24 15:00:00,285.83365,285.49573,286.85904,285.83936,286.4441,282.2684
2012-09-24 18:00:00,286.4398,284.4621,287.3759,284.69437,287.4214,282.69193
2012-09-24 21:00:00,287.44922,284.552,287.9696,284.78787,288.5634,282.76178
2012-09-25 00:00:00,287.8411,284.71912,288.6554,285.31876,288.40146,282.23734
2012-09-25 03:00:00,288.5156,285.88977,288.81024,285.5297,287.43918,282.23828
2012-09-25 06:00:00,288.0784,286.62943,287.88443,285.6717,286.6146,282.25003
2012-09-25 09:00:00,287.34143,287.05487,286.9906,285.12073,286.08148,281.16553
2012-09-25 12:00:00,286.98917,286.53436,286.7815,284.4944,285.71738,280.8833
2012-09-25 15:00:00,286.76706,286.05353,286.47485,285.46524,285.827,281.80652
2012-09-25 18:00:00,286.76813,284.07565,286.78625,283.74426,286.76553,282.62097
2012-09-25 21:00:00,287.1323,284.43115,287.53235,284.58795,287.3353,283.24942
2012-09-26 00:00:00,287.4346,284.50482,288.0085,284.6416,287.66888,282.75934
2012-09-26 03:00:00,287.52945,286.2268,288.02512,285.81903,287.8446,282.25534
2012-09-26 06:00:00,287.35443,286.85968,287.66977,286.5859,287.0513,282.2051
2012-09-26 09:00:00,286.52756,286.88116,287.4235,286.89423,286.52634,282.2642
2012-09-26 12:00:00,286.5077,286.8167,286.79184,286.8168,285.98682,282.25076
2012-09-26 15:00:00,286.43277,286.19037,286.6935,286.07065,286.0991,282.17444
2012-09-26 18:00:00,286.83063,283.91406,286.8318,284.26105,286.5886,283.05685
2012-09-26 21:00:00,287.3661,284.5368,287.6011,284.5338,287.35416,284.37033
2012-09-27 00:00:00,287.65286,284.57236,288.05405,284.72787,287.3319,283.54028
2012-09-27 03:00:00,287.7607,286.20303,288.03174,285.664,287.29172,282.1789
2012-09-27 06:00:00,287.80212,286.99426,287.99426,286.5061,287.355,282.1013
2012-09-27 09:00:00,287.80557,286.67438,287.99918,286.9105,287.34406,282.31955
2012-09-27 12:00:00,286.8334,286.20618,287.1148,287.02707,286.36487,282.19034
2012-09-27 15:00:00,285.4264,286.1513,286.77325,285.88196,286.34793,282.14987
2012-09-27 18:00:00,286.17062,284.51852,287.0165,284.42172,286.64548,284.21533
2012-09-27 21:00:00,286.94592,284.6924,287.54422,284.73444,287.24454,284.63458
2012-09-28 00:00:00,286.96533,284.6057,287.7576,284.71185,287.2309,284.35092
2012-09-28 03:00:00,286.93805,285.91943,287.77988,285.61044,287.16815,282.7871
2012-09-28 06:00:00,287.09534,287.06708,287.7808,286.24237,287.15527,282.46814
2012-09-28 09:00:00,287.09106,287.13248,287.94427,286.8089,287.24765,282.31726
2012-09-28 12:00:00,286.97855,286.983,287.59457,286.6616,287.23495,282.2164
2012-09-28 15:00:00,286.96185,286.442,287.33932,286.12875,287.36572,282.5072
2012-09-28 18:00:00,287.77585,284.7705,287.60574,285.10547,286.73495,282.6435
2012-09-28 21:00:00,287.865,284.6238,287.64917,285.09262,286.8171,282.63962
2012-09-29 00:00:00,287.51126,284.5965,287.81357,284.77057,287.75745,282.27127
2012-09-29 03:00:00,287.62415,284.73553,287.7933,285.20435,287.23886,282.15063
2012-09-29 06:00:00,287.67532,285.2372,287.8995,285.15536,286.3948,282.13354
2012-09-29 09:00:00,287.38513,284.7271,287.3424,284.64142,285.9097,281.72598
2012-09-29 12:00:00,286.98373,284.49066,286.78207,284.98865,285.53723,281.33417
2012-09-29 15:00:00,286.7936,284.2518,286.5088,285.08975,285.42664,282.13116
2012-09-29 18:00:00,287.1537,284.30862,286.98093,284.97534,286.47275,282.17804
2012-09-29 21:00:00,287.76266,284.28082,287.70767,284.89557,287.91873,282.42868
2012-09-30 00:00:00,288.1334,284.3035,288.24234,284.82108,288.28946,282.20212
2012-09-30 03:00:00,288.0208,286.30188,288.23148,286.2948,287.51346,282.48502
2012-09-30 06:00:00,287.99728,287.15915,288.0491,286.3261,286.95877,282.8371
2012-09-30 09:00:00,287.77698,286.0172,287.48682,285.78964,286.52567,282.75116
2012-09-30 12:00:00,285.9965,284.91302,286.79172,285.8202,285.82028,282.11865
2012-09-30 15:00:00,284.17224,286.08215,286.27298,285.81326,285.20486,282.19336
2012-09-30 18:00:00,285.45398,283.74677,286.43546,284.46,285.7769,282.604
2012-09-30 21:00:00,286.71518,283.77258,287.16635,284.33023,287.15207,282.7676
2012-10-01 00:00:00,287.32346,284.06165,288.0262,284.58322,287.44604,282.6338
2012-10-01 03:00:00,287.80515,286.21265,287.92508,286.10394,287.45908,282.28955
2012-10-01 06:00:00,287.47714,286.13092,287.59637,286.184,287.48868,282.18515
2012-10-01 09:00:00,287.0515,285.92426,287.49088,286.099,287.47116,282.11246
2012-10-01 12:00:00,286.4905,285.67517,286.71756,286.05978,287.14008,282.0905
2012-10-01 15:00:00,285.82016,285.7184,286.4911,285.90253,287.00916,282.52792
2012-10-01 18:00:00,286.89523,284.55554,286.8726,285.8144,287.50192,282.80988
2012-10-01 21:00:00,287.9982,285.09692,287.70825,286.0081,287.86368,282.77072
2012-10-02 00:00:00,288.63635,285.71817,287.85413,285.8554,288.07986,282.1087
2012-10-02 03:00:00,288.1234,285.88193,287.93723,286.14352,286.60474,281.60895
2012-10-02 06:00:00,286.91196,284.8455,286.65527,283.34702,285.29892,280.2418
2012-10-02 09:00:00,285.9736,281.6802,285.75198,281.85712,284.66214,280.7368
2012-10-02 12:00:00,285.37097,281.2424,285.16537,281.9663,284.30063,280.87158
2012-10-02 15:00:00,285.08047,279.7924,284.9159,281.47766,284.03885,280.38367
2012-10-02 18:00:00,285.48383,282.27383,285.713,282.63403,285.52835,281.85034
2012-10-02 21:00:00,286.3939,283.10812,286.88843,282.82785,286.95212,282.21454
2012-10-03 00:00:00,287.11728,284.32196,287.3135,284.73743,286.98825,282.29352
2012-10-03 03:00:00,287.18826,285.98077,287.0337,285.81146,286.15836,282.21243
2012-10-03 06:00:00,287.19534,285.12906,286.87424,283.68198,285.74136,280.83844
2012-10-03 09:00:00,286.91312,281.85165,286.92526,281.6781,285.18262,281.45413
2012-10-03 12:00:00,284.80814,279.3904,285.63937,281.46704,284.00333,281.2738
2012-10-03 15:00:00,284.55173,281.15015,285.01596,281.2347,283.1649,280.62805
2012-10-03 18:00:00,285.4906,282.16855,285.25546,282.29288,284.38223,282.10562
2012-10-03 21:00:00,286.21985,282.59186,286.24503,282.5736,286.10852,282.2126
2012-10-05 00:00:00,285.9772,283.4274,285.59714,283.96613,286.21628,282.25107
2012-10-05 03:00:00,286.12045,285.75995,285.74783,285.0623,286.6317,282.25378
2012-10-05 06:00:00,286.0514,283.15643,285.27274,283.67908,285.49686,281.0701
2012-10-05 09:00:00,285.65787,282.43527,284.60013,282.159,285.17773,280.61844
2012-10-05 12:00:00,285.36124,281.88614,284.33633,281.36316,284.92758,281.16232
2012-10-05 15:00:00,285.2897,281.86758,284.29837,281.923,284.7316,280.8424
2012-10-05 18:00:00,285.28894,282.37585,284.43872,282.23434,284.9402,282.12225
2012-10-05 21:00:00,285.41742,282.8931,285.08316,282.59106,285.39987,282.9502
2012-10-06 00:00:00,285.93112,283.48135,285.7318,283.2923,285.3848,282.3894
2012-10-06 03:00:00,286.15652,285.0998,285.674,284.48056,285.37302,282.3594
2012-10-06 06:00:00,286.42773,283.5351,285.94998,283.19293,285.22278,281.23062
2012-10-06 09:00:00,285.94485,282.41412,285.43906,282.4178,285.35336,282.03534
2012-10-06 12:00:00,285.53296,281.92938,285.09598,282.21432,285.0867,281.72867
2012-10-06 15:00:00,285.4694,282.1184,285.0582,282.5694,285.14548,281.14117
2012-10-06 18:00:00,285.55276,282.71796,285.32324,282.42172,285.03787,282.9147
2012-10-06 21:00:00,286.01465,284.31317,285.66632,283.4029,284.98206,284.42703
2012-10-07 00:00:00,286.373,284.3425,286.1672,283.84573,284.92166,283.13934
2012-10-07 03:00:00,286.36905,285.47992,286.30374,284.24936,285.12897,282.06897
2012-10-07 06:00:00,286.1887,286.26672,286.04,284.69092,285.3488,282.48843
2012-10-07 09:00:00,285.8794,285.6494,285.34952,285.79623,285.15695,283.59683
2012-10-07 12:00:00,285.60876,283.2985,285.12326,285.9575,284.9701,283.72302
2012-10-07 15:00:00,285.2829,282.64435,285.04593,285.32916,284.80298,282.29947
2012-10-07 18:00:00,285.43448,283.40652,285.2944,283.15616,284.7518,284.51642
2012-10-07 21:00:00,285.6192,284.54175,285.73215,284.13608,284.60623,284.8988
2012-10-08 00:00:00,285.87747,283.66922,286.35834,283.61636,284.52585,284.13184
2012-10-08 03:00:00,285.82117,285.06586,286.33878,285.03067,285.37735,282.1688
2012-10-08 06:00:00,285.80847,285.93777,285.75912,285.8665,285.82724,282.7182
2012-10-08 09:00:00,285.6979,286.87115,285.29022,285.65976,285.0933,283.39822
2012-10-08 12:00:00,285.36597,285.86478,285.64597,285.2804,284.83423,282.62872
2012-10-08 15:00:00,285.48212,282.54712,285.4308,282.67642,284.68765,282.13077
2012-10-08 18:00:00,285.5687,283.26993,285.46133,283.04718,284.89767,283.8722
2012-10-08 21:00:00,285.63812,284.32983,285.78073,283.9268,284.79355,284.63855
2012-10-09 00:00:00,285.7783,283.0699,285.83432,283.57785,284.75876,283.8621
2012-10-09 03:00:00,285.4988,285.82907,285.9338,285.92233,284.71252,282.11145
2012-10-09 06:00:00,285.68262,286.3326,285.97766,286.23056,284.92078,282.07968
2012-10-09 09:00:00,285.33676,286.60825,285.6493,286.01328,285.02377,282.24628
2012-10-09 12:00:00,285.14517,282.74887,285.36868,285.37262,285.12842,281.9225
2012-10-09 15:00:00,285.39368,285.00433,285.26755,285.00568,284.79446,282.1235
2012-10-09 18:00:00,285.35693,283.35056,285.27847,283.4697,284.66702,283.231
2012-10-09 21:00:00,285.68015,283.87134,285.30136,284.3317,284.7047,284.41763
2012-10-10 00:00:00,286.29428,284.1485,285.35428,284.60962,284.63333,283.0727
2012-10-10 03:00:00,285.89124,286.00235,285.39294,286.07062,284.6947,282.16058
2012-10-10 06:00:00,284.87515,286.26825,285.1816,285.85416,284.60184,282.34186
2012-10-10 09:00:00,284.63907,283.6608,285.03464,285.53555,284.3179,282.1824
2012-10-10 12:00:00,284.88345,283.38974,285.0536,284.39368,283.53104,282.1278
2012-10-10 15:00:00,285.05435,284.73434,284.8434,285.3596,282.93387,282.05283
2012-10-10 18:00:00,285.07556,283.14572,284.2761,283.20844,283.36035,282.83493
2012-10-10 21:00:00,285.11862,283.36298,283.66772,283.95645,284.20248,284.18628
2012-10-11 00:00:00,285.31442,283.21863,283.5104,284.2584,284.53064,282.99872
2012-10-11 03:00:00,285.42383,285.97092,283.46875,285.92685,284.65225,282.0893
2012-10-11 06:00:00,284.8744,286.57718,284.45065,285.9165,284.26135,279.87534
2012-10-11 09:00:00,284.78482,285.83124,284.56445,285.81616,283.82437,280.92426
2012-10-11 12:00:00,284.96585,284.32465,284.5439,283.5084,283.41977,280.65213
2012-10-11 15:00:00,285.05664,282.10257,284.6145,284.08423,282.94974,282.49966
2012-10-11 18:00:00,285.06564,282.72186,284.6911,282.88702,283.02747,282.2943
2012-10-11 21:00:00,285.04318,283.31158,284.85593,284.05948,283.46246,282.7546
2012-10-12 00:00:00,285.34274,283.63687,285.3215,284.46045,284.19983,282.56802
2012-10-12 03:00:00,285.53888,286.0494,285.54483,285.59833,284.47903,282.25635
2012-10-12 06:00:00,284.24658,285.9062,284.5904,284.9305,284.35828,282.38474
2012-10-12 09:00:00,283.9309,284.86707,284.15518,283.28094,284.21786,281.89273
2012-10-12 12:00:00,283.7811,284.72876,283.90335,283.29562,284.02493,281.92532
2012-10-12 15:00:00,283.24692,283.21063,284.19504,283.61746,284.19632,282.03912
2012-10-12 18:00:00,284.0612,282.7905,284.03415,285.3948,284.38834,282.3811
2012-10-12 21:00:00,284.27237,282.7414,284.22128,285.7216,284.69455,282.24487
2012-10-13 00:00:00,284.5116,282.97656,284.3505,285.63596,284.69235,282.17938
2012-10-13 03:00:00,284.96927,285.20758,284.71274,285.57675,284.79202,282.16348
2012-10-13 06:00:00,285.21408,285.81308,284.8313,285.43024,285.18192,282.14767
2012-10-13 09:00:00,286.15332,285.8467,285.39893,285.37955,285.578,282.12405
2012-10-13 12:00:00,285.87134,285.76016,285.84436,285.51627,285.41568,282.1153
2012-10-13 15:00:00,285.71494,285.7959,285.64075,285.51172,285.45578,282.1303
2012-10-13 18:00:00,285.40054,285.98898,285.47452,285.6169,285.28806,282.17126
2012-10-13 21:00:00,285.6457,286.0213,285.5643,285.7235,285.19894,282.28302
2012-10-14 00:00:00,286.3365,285.7194,285.84,285.30136,285.28598,282.19577
2012-10-14 03:00:00,286.26553,285.9096,286.26254,285.78406,285.61475,282.1933
2012-10-14 06:00:00,286.03046,286.02032,285.88004,286.07138,285.76926,282.2149
2012-10-14 09:00:00,286.64578,285.9674,286.34686,286.09143,286.5684,282.2059
2012-10-14 12:00:00,286.1796,286.09958,286.30545,286.13458,286.24017,282.20142
2012-10-14 15:00:00,286.20993,286.21094,286.2023,286.1195,285.7429,282.21106
2012-10-14 18:00:00,285.97183,286.01944,286.0379,285.81525,285.79477,282.24365
2012-10-14 21:00:00,286.50867,285.8897,286.7174,285.55835,286.24808,282.25015
2012-10-15 00:00:00,286.55527,285.4338,286.715,284.96042,286.3434,282.1515
2012-10-15 03:00:00,287.01508,283.86365,286.22482,284.67676,285.4988,281.82132
2012-10-15 06:00:00,285.996,282.6367,285.62497,284.62146,285.1598,282.0376
2012-10-15 09:00:00,285.463,282.15088,285.3555,282.738,284.7993,283.53668
2012-10-15 12:00:00,285.3242,282.04315,284.897,282.12268,284.4576,283.13943
2012-10-15 15:00:00,285.3212,282.10007,284.80762,282.55505,284.46222,281.27426
2012-10-15 18:00:00,285.38367,282.66437,285.2916,285.15826,284.76443,282.09314
2012-10-15 21:00:00,286.0149,284.7291,285.73508,285.18082,284.69235,282.08658
2012-10-16 00:00:00,285.90497,285.79285,285.5687,285.84454,285.0173,282.05698
2012-10-16 03:00:00,287.02835,285.74606,286.8651,285.55075,286.44614,282.22177
2012-10-16 06:00:00,286.6429,285.4404,286.78757,285.36746,286.03702,282.20038
2012-10-16 09:00:00,285.92825,283.72018,285.8717,282.45853,283.99142,279.46384
2012-10-16 12:00:00,285.30618,281.06174,284.48474,281.1796,283.23895,279.71527
2012-10-16 15:00:00,284.6382,280.45093,284.13217,281.14462,282.85446,279.39014
2012-10-16 18:00:00,284.75235,281.97476,284.43054,281.25592,283.00574,280.17935
2012-10-16 21:00:00,284.0435,282.3315,284.52847,282.25253,283.42273,281.35208
2012-10-17 00:00:00,284.246,282.4301,284.63406,281.99664,282.9349,279.71194
2012-10-17 03:00:00,284.69464,280.50812,284.62692,281.1685,282.8353,280.53046
2012-10-17 06:00:00,284.5513,281.13416,284.3031,280.97284,282.99454,280.9977
2012-10-17 09:00:00,284.147,281.0817,283.8567,281.02127,282.94608,281.2842
2012-10-17 12:00:00,283.67957,281.03885,283.69653,281.0511,282.40128,281.625
2012-10-17 15:00:00,282.66702,280.96725,283.3855,280.5962,282.8657,281.14072
2012-10-17 18:00:00,283.396,280.70984,283.36758,280.6676,283.2678,279.73718
2012-10-17 21:00:00,284.27066,281.73447,284.02524,281.29367,283.76212,281.52322
2012-10-18 00:00:00,284.56918,281.51913,284.51608,281.02054,283.52103,279.7565
2012-10-18 03:00:00,284.1889,281.3239,284.58667,281.2066,283.47034,279.5742
2012-10-18 06:00:00,283.86746,281.44687,284.6508,281.08408,283.93082,279.55606
2012-10-18 09:00:00,283.74054,281.6497,284.9927,281.1297,284.0083,279.73706
2012-10-18 12:00:00,283.75742,281.47787,284.0569,281.274,283.18097,280.93637
2012-10-18 15:00:00,283.76328,281.39093,283.43942,281.23813,282.1965,281.69498
2012-10-18 18:00:00,284.1351,281.6889,284.43216,281.25522,282.87192,281.425
2012-10-18 21:00:00,283.61942,281.93774,283.79684,282.06296,283.29016,281.80954
2012-10-19 00:00:00,283.80847,282.29236,284.05673,283.02087,283.289,281.68274
2012-10-19 03:00:00,283.80325,282.87854,283.9895,283.7785,283.6735,281.879
2012-10-19 06:00:00,284.5255,286.25333,284.0416,286.05637,284.23416,281.8924
2012-10-19 09:00:00,284.8256,286.19815,285.46164,285.56668,284.37756,281.1585
2012-10-19 12:00:00,285.3807,282.80682,285.83276,283.95154,282.72714,280.72708
2012-10-19 15:00:00,284.45428,281.65186,284.15167,281.09677,282.17114,280.8688
2012-10-19 18:00:00,283.89005,281.51587,283.93362,280.82053,282.45276,279.86856
2012-10-19 21:00:00,283.91156,281.57544,284.17578,280.7952,283.13272,279.49606
2012-10-20 00:00:00,283.87387,280.3647,284.15085,281.0302,283.2991,280.4563
2012-10-20 03:00:00,283.3731,280.4705,283.04822,280.66028,281.89,280.72073
2012-10-20 06:00:00,282.2447,279.88263,282.2777,280.80716,281.3803,280.94965
2012-10-20 09:00:00,282.56345,280.60156,282.6346,281.06433,280.7631,280.73047
2012-10-20 12:00:00,281.86792,281.0352,281.33594,281.01688,280.34885,280.89334
2012-10-20 15:00:00,281.27005,280.7432,281.52792,281.10132,281.0552,281.41553
2012-10-20 18:00:00,281.3754,280.75446,281.69943,281.20007,281.44934,280.43884
2012-10-20 21:00:00,281.88693,280.61905,282.07028,280.9099,281.72244,280.0959
2012-10-21 00:00:00,281.87973,280.55316,281.8168,280.731,281.6267,280.5674
2012-10-21 03:00:00,281.12424,280.6699,281.0631,280.77155,281.01773,280.6783
2012-10-21 06:00:00,280.83585,280.33246,280.58362,280.539,280.56857,280.78558
2012-10-21 09:00:00,280.47525,280.37994,280.85547,280.51318,280.29074,280.99588
2012-10-21 12:00:00,281.0513,280.4861,280.8314,280.7247,280.76993,280.76785
2012-10-21 15:00:00,281.20422,280.60782,281.38034,280.7835,280.5212,280.68176
2012-10-21 18:00:00,281.77148,280.60596,281.44864,280.50836,281.38504,280.58188
2012-10-21 21:00:00,282.00116,280.28784,281.5818,280.47748,282.20428,280.8017
2012-10-22 00:00:00,282.45114,280.51886,281.39963,280.6499,281.05157,280.5303
2012-10-22 03:00:00,281.97607,280.47302,282.04675,280.54623,281.62723,281.03433
2012-10-22 06:00:00,281.07382,280.4847,281.5754,280.51636,281.65018,281.31656
2012-10-22 09:00:00,280.74582,280.18842,282.57864,280.496,280.6063,280.87134
2012-10-22 12:00:00,280.856,280.45798,282.51767,280.4494,280.50513,281.32645
2012-10-22 15:00:00,281.11765,280.4486,282.48703,280.56595,280.76233,281.50488
2012-10-22 18:00:00,282.6481,280.60684,282.5952,280.75476,281.25357,281.20102
2012-10-22 21:00:00,283.1284,280.03696,282.95663,280.76968,282.95004,281.53598
2012-10-23 00:00:00,282.91064,280.01562,283.36002,280.98767,283.4899,281.32776
2012-10-23 03:00:00,281.1139,280.67126,281.80927,280.79297,282.9669,280.8152
2012-10-23 06:00:00,281.0269,280.51865,281.43362,280.96518,282.64685,281.10492
2012-10-23 09:00:00,280.82828,280.54834,281.43478,280.9924,281.3806,281.22192
2012-10-23 12:00:00,280.2378,280.77975,281.3318,280.94458,280.84677,281.2848
2012-10-23 15:00:00,279.61386,280.47034,280.6171,280.96906,280.22836,281.4593
2012-10-23 18:00:00,280.8749,280.87338,280.61053,280.94916,280.97647,281.1174
2012-10-23 21:00:00,282.38998,280.117,282.37872,280.67508,281.70712,280.87653
2012-10-24 00:00:00,282.38968,280.22568,282.83292,281.0263,282.67975,280.8012
2012-10-24 03:00:00,281.9842,280.7675,282.35416,280.79016,282.64493,280.51538
2012-10-24 06:00:00,281.14392,280.44028,282.54825,280.8688,282.44363,280.60532
2012-10-24 09:00:00,280.70117,280.19858,282.81674,280.7428,282.316,280.74432
2012-10-24 12:00:00,281.0363,280.0592,282.41367,280.60638,282.28397,281.0725
2012-10-24 15:00:00,280.9452,280.1987,280.7535,280.78464,280.57843,280.9083
2012-10-24 18:00:00,280.25998,280.55573,280.28735,280.7873,280.3452,280.6112
2012-10-24 21:00:00,280.44617,280.8661,281.395,280.83438,280.08838,280.8614
2012-10-25 00:00:00,281.6146,281.04224,282.34256,280.77966,280.37405,280.7787
2012-10-25 03:00:00,281.44122,280.44852,282.86667,280.61676,280.808,280.27734
2012-10-25 06:00:00,281.80392,280.68127,281.75574,280.6536,281.36276,280.77386
2012-10-25 09:00:00,281.14563,280.5413,281.44662,280.9649,281.11044,280.77112
2012-10-25 12:00:00,281.0734,280.48804,281.53668,280.97787,280.45267,280.7898
2012-10-25 15:00:00,280.85864,280.58646,281.43423,280.8827,280.3586,280.88168
2012-10-25 18:00:00,280.80972,280.06238,281.49277,280.56418,280.5399,280.88986
2012-10-25 21:00:00,281.87634,279.967,281.65332,280.6388,281.69238,279.8753
2012-10-26 00:00:00,282.30466,280.49896,282.2086,280.8649,282.45377,280.6572
2012-10-26 03:00:00,282.14737,280.5214,282.56113,280.9367,282.47665,280.89703
2012-10-26 06:00:00,281.3696,280.4438,282.76895,280.86673,282.22858,281.0049
2012-10-26 09:00:00,281.08313,280.3902,282.18747,280.76392,281.84744,281.09848
2012-10-26 12:00:00,281.26816,280.39026,281.90695,280.8521,281.53995,280.9128
2012-10-26 15:00:00,280.98172,280.44247,281.7289,280.81625,281.3478,280.76974
2012-10-26 18:00:00,280.57706,279.44882,280.91104,280.4514,281.07272,280.54428
2012-10-26 21:00:00,281.1796,280.70584,281.46017,281.03775,281.4908,279.86163
2012-10-27 00:00:00,281.64548,280.7142,282.01028,280.91348,282.02933,280.54752
2012-10-27 03:00:00,281.56628,280.5049,282.25333,280.6162,282.1733,280.70197
2012-10-27 06:00:00,281.7965,280.5512,282.66776,280.53958,282.5536,280.4789
2012-10-27 09:00:00,281.5228,280.3462,282.51193,280.6962,282.533,280.31433
2012-10-27 12:00:00,281.28244,280.36414,282.04175,280.88693,282.49368,280.75552
2012-10-27 15:00:00,281.01416,280.50455,281.5607,280.8659,282.1569,281.05713
2012-10-27 18:00:00,281.38235,280.62573,281.73486,280.95013,282.06348,280.87473
2012-10-27 21:00:00,282.3617,279.79886,282.13922,280.6723,282.33984,280.85504
2012-10-28 00:00:00,282.72324,280.00626,282.7253,281.08072,282.7058,280.64566
2012-10-28 03:00:00,282.51572,279.94516,282.62836,280.86423,283.1569,279.83545
2012-10-28 06:00:00,282.73013,280.97092,283.31143,281.39474,283.11942,281.4088
2012-10-28 09:00:00,282.81726,282.6585,283.45535,281.90186,283.11337,280.3719
2012-10-28 12:00:00,282.98093,282.0798,282.75693,281.2542,282.84836,280.19293
2012-10-28 15:00:00,282.79575,281.6431,282.63156,281.0798,282.5975,279.83844
2012-10-28 18:00:00,283.57498,281.8666,282.80734,281.2713,282.2301,281.74365
2012-10-28 21:00:00,284.0613,282.0596,283.68338,281.60788,282.6577,282.00143
2012-10-29 00:00:00,284.00723,281.8155,283.94522,281.39398,283.1476,280.4548
2012-10-29 03:00:00,283.53165,280.51163,283.7529,281.48535,283.44632,281.51303
2012-10-29 06:00:00,282.90906,280.52982,283.6602,280.90616,283.12073,281.8589
2012-10-29 09:00:00,282.7584,280.5273,283.48355,280.98965,283.02463,281.32816
2012-10-29 12:00:00,282.02347,280.69446,282.19556,280.50806,282.8236,280.9263
2012-10-29 15:00:00,282.23004,280.8872,282.3523,280.5499,282.60648,280.71796
2012-10-29 18:00:00,282.58096,281.6071,282.59756,281.31653,282.87488,281.03595
2012-10-29 21:00:00,282.56512,282.0736,282.52274,282.2616,283.00958,282.11124
2012-10-30 00:00:00,283.5048,282.33997,282.8371,282.97043,283.42612,281.983
2012-10-30 03:00:00,283.41833,284.96646,283.3912,283.51816,283.67606,281.58948
2012-10-30 06:00:00,284.17465,282.65024,284.1127,282.59332,283.94925,281.56403
2012-10-30 09:00:00,283.51486,282.5918,283.48062,281.79224,283.86478,282.8119
2012-10-30 12:00:00,283.3801,282.58478,283.3983,281.7029,282.79526,279.75687
2012-10-30 15:00:00,283.03745,281.99286,282.93106,281.45868,282.15872,279.8016
2012-10-30 18:00:00,283.19168,282.07126,282.7462,281.7056,282.22485,281.4156
2012-10-30 21:00:00,283.06213,282.07147,282.72815,282.1466,282.84042,282.0741
2012-10-31 00:00:00,283.0327,282.1869,282.7343,282.0383,282.9604,281.74637
2012-10-31 03:00:00,283.6083,282.2931,282.88028,281.96024,282.54358,281.62332
2012-10-31 06:00:00,284.10147,282.2664,284.32407,282.13724,282.9835,279.60123
2012-10-31 09:00:00,284.13382,282.37326,284.2771,282.45984,283.7787,279.43546
2012-10-31 12:00:00,284.4366,282.77213,284.3651,283.07492,283.50665,279.8221
2012-10-31 15:00:00,284.36963,282.3616,283.91974,282.62543,283.27188,281.54987
2012-10-31 18:00:00,285.21896,282.39825,284.71442,283.0624,283.2097,281.63013
2012-10-31 21:00:00,284.521,282.3458,284.56543,283.76715,283.4944,281.9251
2012-11-01 00:00:00,284.17224,282.40146,283.94272,284.10034,283.18707,281.80023
2012-11-01 03:00:00,283.74097,282.54858,283.9139,284.07303,283.04132,281.82138
2012-11-01 06:00:00,283.87683,282.4466,283.99817,283.13986,283.4894,282.2183
2012-11-01 09:00:00,283.7134,282.29602,284.25705,282.70502,283.33066,282.02908
2012-11-01 12:00:00,283.3569,282.1061,283.67313,282.13138,283.1505,280.82114
2012-11-01 15:00:00,283.31088,282.0471,283.49454,282.0056,283.06842,281.18207
2012-11-01 18:00:00,283.2654,282.0758,283.3673,282.23227,283.13684,281.6905
2012-11-01 21:00:00,283.52225,282.21567,283.2825,282.4455,283.42493,281.7621
2012-11-02 00:00:00,283.91733,282.32144,283.45657,282.53336,283.4447,281.751
2012-11-02 03:00:00,283.9419,282.31616,283.77396,282.38174,283.4045,281.74155
2012-11-02 06:00:00,283.64093,282.05038,283.82205,281.96405,283.84354,282.21664
2012-11-02 09:00:00,283.2869,282.10617,283.56363,281.6356,283.7515,281.45938
2012-11-02 12:00:00,283.29868,282.01486,283.4559,281.45435,283.55215,281.42145
2012-11-02 15:00:00,283.67587,281.94876,283.81775,281.29306,283.6504,281.44116
2012-11-02 18:00:00,284.65305,281.76755,284.69153,281.3529,283.83997,281.80103
2012-11-02 21:00:00,284.75693,281.99036,284.95117,281.9967,284.01926,282.26654
2012-11-03 00:00:00,284.18002,282.15897,283.90585,282.1002,283.9424,281.46667
2012-11-03 03:00:00,284.4198,282.45187,284.55948,282.44302,283.44653,280.11417
2012-11-03 06:00:00,284.04337,282.43805,284.15894,282.23718,283.60004,281.74933
2012-11-03 09:00:00,283.65244,282.43842,283.6882,282.10715,284.05713,281.3292
2012-11-03 12:00:00,283.71655,282.3382,283.6508,281.96353,283.97342,281.89313
2012-11-03 15:00:00,283.72495,282.42297,283.61646,281.97546,283.59085,279.90875
2012-11-03 18:00:00,283.79724,282.30994,283.55203,282.27463,283.49173,281.91995
2012-11-03 21:00:00,284.14206,282.17172,283.98123,282.21603,284.13834,281.793
2012-11-04 00:00:00,284.22827,282.3729,283.97083,282.5343,284.11224,281.63232
2012-11-04 03:00:00,284.3114,282.49466,284.26584,282.16296,284.48694,281.63876
2012-11-04 06:00:00,283.8274,282.1567,283.73853,282.24457,284.03085,281.6346
2012-11-04 09:00:00,283.4625,282.18842,283.61044,282.8762,283.3036,281.70126
2012-11-04 12:00:00,283.36685,282.23215,283.58444,282.8273,283.75803,281.89322
2012-11-04 15:00:00,283.8782,282.62787,284.8063,284.27713,283.71307,282.04263
2012-11-04 18:00:00,284.44308,285.12875,284.79288,285.87216,284.2325,282.19275
2012-11-04 21:00:00,285.3464,285.92554,285.61166,285.94766,284.76578,282.52594
2012-11-05 00:00:00,285.4352,285.4387,285.2538,284.72784,284.97983,282.1789
2012-11-05 03:00:00,285.81808,283.41382,285.90518,283.77554,284.20743,282.03723
2012-11-05 06:00:00,285.64035,282.38608,285.06448,282.90768,284.10065,280.54874
2012-11-05 09:00:00,284.03027,282.286,283.9967,281.6567,283.28928,279.35513
2012-11-05 12:00:00,283.7268,282.02625,283.54816,280.95053,283.00775,279.84665
2012-11-05 15:00:00,283.442,279.64252,283.36304,281.07855,283.09995,280.53726
2012-11-05 18:00:00,283.26337,281.79788,283.35355,281.02106,282.9806,279.86224
2012-11-05 21:00:00,282.95322,281.8017,283.43478,281.34912,283.22928,281.42953
2012-11-06 00:00:00,282.9459,281.7699,283.2605,281.11124,283.28195,279.99368
2012-11-06 03:00:00,282.9883,281.5346,283.23508,280.86465,283.3361,279.80444
2012-11-06 06:00:00,282.95435,281.18744,282.9811,281.09927,282.9553,280.6924
2012-11-06 09:00:00,283.01675,281.4204,282.93143,281.17813,282.3649,280.59265
2012-11-06 12:00:00,282.95508,280.5516,282.95114,281.21176,281.64423,280.715
2012-11-06 15:00:00,282.44113,280.54907,282.7027,281.09143,280.66098,280.62543
2012-11-06 18:00:00,280.60434,281.1899,281.3878,280.93637,281.61307,280.5737
2012-11-06 21:00:00,281.09293,281.23203,280.9714,281.20486,281.73117,280.3884
2012-11-07 00:00:00,281.88235,282.1388,282.26248,281.79358,282.03812,280.58746
2012-11-07 03:00:00,282.71103,282.00217,282.786,280.8084,282.23257,280.7572
2012-11-07 06:00:00,283.23105,280.7274,283.08316,280.64893,281.5796,281.0117
2012-11-07 09:00:00,282.9976,279.49634,282.57492,280.6096,281.60013,280.92444
2012-11-07 12:00:00,282.09735,280.58102,281.10532,280.77298,281.2297,280.8123
2012-11-07 15:00:00,281.83133,280.4271,281.4627,280.6004,281.68814,280.73544
2012-11-07 18:00:00,281.8252,279.86954,281.72906,280.56528,281.54855,281.24857
2012-11-07 21:00:00,282.19254,279.46497,282.05124,280.65152,281.98022,280.75516
2012-11-08 00:00:00,282.2573,279.98392,282.0988,280.72827,282.46988,280.8064
2012-11-08 03:00:00,281.4597,280.37158,281.91116,280.81836,282.04544,280.66135
2012-11-08 06:00:00,280.48477,280.25873,282.1421,280.60913,281.72028,280.80273
2012-11-08 09:00:00,280.00537,280.3257,282.327,280.44345,281.79236,280.73053
2012-11-08 12:00:00,280.42874,280.14267,281.7946,280.32376,280.92822,280.7255
2012-11-08 15:00:00,281.69418,280.0839,281.43384,280.41586,280.08548,280.6252
2012-11-08 18:00:00,281.9174,280.42368,281.52634,280.04105,280.77762,281.09607
2012-11-08 21:00:00,282.17508,280.69638,282.18033,281.50885,282.12048,280.5537
2012-11-09 00:00:00,282.43826,280.40924,282.35458,280.54245,282.00998,280.766
2012-11-09 03:00:00,282.5261,280.24673,281.9852,280.47025,280.77573,281.10178
2012-11-09 06:00:00,280.74597,280.24542,281.45035,280.29462,280.34048,280.8314
2012-11-09 09:00:00,280.70972,280.57135,280.53818,280.24216,279.20947,280.7515
2012-11-09 12:00:00,280.34473,280.58197,279.66284,279.93372,278.5582,280.73215
2012-11-09 15:00:00,279.3048,280.4713,279.52493,279.85443,278.38818,280.71283
2012-11-09 18:00:00,278.85526,279.72964,279.5912,280.4149,279.27832,280.6294
2012-11-09 21:00:00,279.47403,279.55417,279.80466,280.69485,280.46237,280.62018
2012-11-10 00:00:00,280.3728,280.10596,280.11636,280.3823,280.74338,280.70016
2012-11-10 03:00:00,280.48532,280.5723,280.24222,280.2445,279.7957,280.79514
2012-11-10 06:00:00,278.31067,280.51636,279.6385,279.89203,278.9923,280.65378
2012-11-10 09:00:00,276.68063,280.23148,279.02228,280.2677,277.3818,280.62912
2012-11-10 12:00:00,277.06973,280.23337,278.89078,280.41617,276.94714,280.66425
2012-11-10 15:00:00,276.6408,280.22638,278.05026,280.37662,276.81406,280.61923
2012-11-10 18:00:00,276.35223,280.1817,278.02914,279.97968,277.17395,280.4134
2012-11-10 21:00:00,277.55612,279.80453,278.19962,280.13907,277.9668,280.4256
2012-11-11 00:00:00,278.28625,280.19275,278.59195,280.00476,279.00937,280.46747
2012-11-11 03:00:00,278.49,280.34305,279.00082,280.38263,279.4686,280.35214
2012-11-11 06:00:00,277.20358,280.36218,279.02112,280.02673,279.41888,280.41162
2012-11-11 09:00:00,276.19547,280.43994,278.3506,280.05762,279.49515,280.52365
2012-11-11 12:00:00,276.3951,280.2929,278.35532,280.07996,279.31052,280.60733
2012-11-11 15:00:00,276.62955,280.02356,278.70117,280.25522,279.25763,280.62912
2012-11-11 18:00:00,278.29404,280.2289,279.63718,280.30902,278.89633,280.62906
2012-11-11 21:00:00,278.91464,280.30106,279.3898,280.3847,278.00772,280.6146
2012-11-12 00:00:00,278.5742,280.07126,278.72903,280.34735,278.11783,280.60095
2012-11-12 03:00:00,278.73767,280.07755,279.27673,280.2565,278.8633,280.62152
2012-11-12 06:00:00,279.1376,280.1813,280.063,280.46048,279.78,280.66772
2012-11-12 09:00:00,279.4188,280.48947,280.07947,280.39328,280.20392,280.7187
2012-11-12 12:00:00,279.72324,280.50198,280.6948,280.40854,280.3522,280.95166
2012-11-12 15:00:00,279.91153,280.50256,280.81296,280.58218,280.54092,281.31937
2012-11-12 18:00:00,280.2064,280.37625,280.8003,280.6391,281.1241,281.6055
2012-11-12 21:00:00,280.96683,280.72516,280.9945,280.72455,281.49545,281.38348
2012-11-13 00:00:00,281.71997,280.88187,281.16,280.94748,281.7789,280.89175
2012-11-13 03:00:00,281.82816,279.84134,281.60532,281.14346,282.22467,281.08362
2012-11-13 06:00:00,281.41364,280.14282,281.361,280.8805,282.1465,281.2617
2012-11-13 09:00:00,280.70792,279.92847,281.13535,280.95587,282.11816,281.04507
2012-11-13 12:00:00,281.75644,279.8043,281.13455,280.92252,282.02872,280.51724
2012-11-13 15:00:00,281.69235,279.99097,281.24008,280.7807,281.981,280.43875
2012-11-13 18:00:00,281.54257,280.06766,281.17297,280.6046,281.5925,279.54782
2012-11-13 21:00:00,281.55215,279.39432,281.3008,280.75156,280.92197,279.54938
2012-11-14 00:00:00,281.58777,280.43906,281.31253,280.96152,280.84763,280.0674
2012-11-14 03:00:00,281.6881,280.52643,281.27942,280.71893,280.9009,280.98074
2012-11-14 06:00:00,281.5298,280.1903,281.32068,280.58298,281.1778,281.47806
2012-11-14 09:00:00,281.56717,279.60226,281.2248,280.63605,281.07288,281.03308
2012-11-14 12:00:00,281.1626,280.65695,281.10623,280.66644,280.8494,281.013
2012-11-14 15:00:00,281.0878,281.07315,281.30362,280.59024,280.49768,281.04227
2012-11-14 18:00:00,281.40414,280.54626,281.15866,280.6908,280.54977,280.82242
2012-11-14 21:00:00,281.31735,280.8201,281.21683,280.94345,281.25198,280.58374
2012-11-15 00:00:00,281.39395,280.5418,281.14417,280.70618,281.6616,280.78107
2012-11-15 03:00:00,281.26443,280.1079,281.0977,280.3621,281.42722,280.37698
2012-11-15 06:00:00,280.595,280.13123,281.09,280.32037,281.22705,280.6124
2012-11-15 09:00:00,279.22064,280.1002,280.74155,280.20004,280.99564,280.8136
2012-11-15 12:00:00,278.96945,280.02713,280.3463,280.2918,280.8043,281.18265
2012-11-15 15:00:00,279.897,280.00604,280.13156,280.37323,280.355,281.45322
2012-11-15 18:00:00,280.30112,279.50925,280.06424,280.5995,280.13995,280.8742
2012-11-15 21:00:00,280.48325,281.51865,280.31747,280.58127,280.35135,280.70352
2012-11-16 00:00:00,280.74014,279.99103,280.62128,280.70163,280.55087,280.74487
2012-11-16 03:00:00,280.8285,279.8148,280.70712,280.46814,280.58224,280.26315
2012-11-16 06:00:00,279.6086,280.0146,280.76663,280.39932,280.21814,280.65884
2012-11-16 09:00:00,277.73758,279.7272,279.54736,280.6872,280.64423,280.69125
2012-11-16 12:00:00,279.03763,279.85764,278.8163,280.69778,280.7939,281.10425
2012-11-16 15:00:00,279.5164,279.37836,279.39905,280.7443,280.795,281.39908
2012-11-16 18:00:00,279.83942,281.3872,279.9049,281.33975,281.04794,280.888
2012-11-16 21:00:00,281.23483,281.43207,281.0846,280.60828,281.16953,280.5892
2012-11-17 00:00:00,282.30975,281.3113,282.1934,280.49268,281.09207,280.4298
2012-11-17 03:00:00,282.17404,280.76556,281.91418,280.82318,281.8135,280.00397
2012-11-17 06:00:00,282.22073,280.3413,281.70618,281.12292,282.0419,279.51947
2012-11-17 09:00:00,282.64816,282.40656,282.10495,281.2457,282.24228,279.75037
2012-11-17 12:00:00,282.9246,284.64554,282.3793,282.6019,283.11716,280.73514
2012-11-17 15:00:00,283.05246,285.43524,282.53128,282.71933,281.9376,280.03223
2012-11-17 18:00:00,281.34598,281.03857,281.47583,280.60565,281.26782,280.55978
2012-11-17 21:00:00,281.57022,280.5463,281.49524,280.7105,281.00296,279.5387
2012-11-18 00:00:00,281.70297,280.2942,281.72958,280.7609,281.62024,279.3477
2012-11-18 03:00:00,281.27078,280.28644,281.00232,280.64578,281.50366,279.2348
2012-11-18 06:00:00,281.24008,280.41632,280.80875,280.83624,280.93634,280.5868
2012-11-18 09:00:00,281.69333,280.25153,280.81067,280.4922,281.35806,281.03125
2012-11-18 12:00:00,281.0803,279.32147,281.1038,280.78433,280.91623,281.33966
2012-11-18 15:00:00,280.63785,279.40396,280.5625,280.71564,280.71875,281.01865
2012-11-18 18:00:00,281.12503,280.3464,280.6185,280.88647,281.44354,280.59958
2012-11-18 21:00:00,281.46082,280.15073,281.27148,280.9189,281.3755,280.0158
2012-11-19 00:00:00,281.42056,280.5261,281.10434,281.0482,281.16083,280.43268
2012-11-19 03:00:00,281.7577,280.63666,281.34305,280.75027,281.32242,280.60168
2012-11-19 06:00:00,282.14392,280.69046,281.90833,280.70026,282.25388,280.71887
2012-11-19 09:00:00,281.76883,280.2356,281.87064,281.3255,282.44983,280.3018
2012-11-19 12:00:00,282.02994,280.07748,281.52423,281.32864,282.24338,280.5967
2012-11-19 15:00:00,282.44717,280.4118,282.11728,281.22498,281.76666,279.8601
2012-11-19 18:00:00,282.12537,281.5323,282.02768,280.93686,281.80954,279.6847
2012-11-19 21:00:00,282.488,281.04697,282.1002,280.79553,281.621,279.40195
2012-11-20 00:00:00,282.88303,281.3008,282.22458,281.21616,280.82434,280.90475
2012-11-20 03:00:00,282.79446,280.2765,282.48032,280.9411,280.9502,281.52423
2012-11-20 06:00:00,282.3243,280.66516,282.4361,280.98734,281.21896,281.45685
2012-11-20 09:00:00,282.18057,280.84024,281.78958,281.13348,281.41815,280.9781
2012-11-20 12:00:00,281.9235,280.7227,281.9319,281.23834,281.1542,279.9124
2012-11-20 15:00:00,281.3391,280.29752,281.2789,281.11285,281.896,279.78232
2012-11-20 18:00:00,281.68375,280.23904,281.94675,280.92383,281.58157,280.47668
2012-11-20 21:00:00,281.9625,280.9105,281.61017,280.92212,280.97656,280.7378
2012-11-21 00:00:00,281.43207,280.38022,280.61478,280.84464,281.20105,280.9474
2012-11-21 03:00:00,280.52374,279.6508,280.61942,280.8708,280.09134,280.95334
2012-11-21 06:00:00,281.36267,279.8449,281.26428,280.51266,281.19638,281.05344
2012-11-21 09:00:00,280.8618,279.7179,281.23788,280.7009,281.1872,281.43427
2012-11-21 12:00:00,280.59097,279.5482,281.20746,280.75064,280.3696,281.06976
2012-11-21 15:00:00,280.83478,279.49033,280.93817,280.72687,279.75974,281.1139
2012-11-21 18:00:00,280.9797,279.7011,280.98013,280.74316,279.69693,281.4155
2012-11-21 21:00:00,280.42105,279.86935,280.19403,280.8388,280.20435,280.89743
2012-11-22 00:00:00,281.02673,279.44788,280.25903,280.77002,280.34433,281.31204
2012-11-22 03:00:00,281.24557,280.43335,280.8991,280.5967,280.80927,280.9202
2012-11-22 06:00:00,279.87125,279.98645,280.73282,280.6706,280.31454,280.8678
2012-11-22 09:00:00,279.79587,280.11093,280.3779,280.69656,279.93454,281.2763
2012-11-22 12:00:00,280.20398,280.23166,280.40027,280.67978,280.91928,281.28262
2012-11-22 15:00:00,279.63406,280.2678,280.62842,280.61847,280.85367,280.76074
2012-11-22 18:00:00,280.07416,280.55054,281.0444,280.68674,280.63187,280.66864
2012-11-22 21:00:00,280.3412,280.51456,280.89307,280.68768,280.43173,280.4862
2012-11-23 00:00:00,280.70963,280.8685,281.67737,280.52597,280.2963,280.39316
2012-11-23 03:00:00,281.26523,280.77493,281.74106,280.4392,280.3682,280.31342
2012-11-23 06:00:00,280.733,280.83746,281.17017,280.55597,280.54675,280.3157
2012-11-23 09:00:00,280.049,280.81027,279.95645,280.60117,280.28394,280.694
2012-11-23 12:00:00,280.5013,280.77863,279.81918,280.60306,280.8591,280.5445
2012-11-23 15:00:00,281.35117,280.7396,280.64816,281.0777,281.58423,280.79758
2012-11-23 18:00:00,281.98148,280.47897,281.3624,281.27112,281.6603,279.7789
2012-11-23 21:00:00,282.24475,280.46945,281.85645,281.26245,282.05045,279.57208
2012-11-24 00:00:00,282.17435,281.04623,282.02,280.91037,282.04483,281.10663
2012-11-24 03:00:00,281.83783,280.55478,281.7231,280.73114,281.82654,280.8618
2012-11-24 06:00:00,280.6812,280.8798,281.03098,280.49777,280.8215,281.05304
2012-11-24 09:00:00,280.24716,280.57635,280.6347,280.20618,280.65298,281.13452
2012-11-24 12:00:00,280.81674,280.26624,280.6913,280.1581,280.49857,281.03036
2012-11-24 15:00:00,279.8931,280.34784,280.55972,280.44598,280.2993,280.96478
2012-11-24 18:00:00,279.2761,280.10498,280.40024,280.60236,280.3324,281.23312
2012-11-24 21:00:00,279.80075,279.5911,280.1254,280.6969,280.34494,280.55997
2012-11-25 00:00:00,280.40475,280.1545,280.15268,280.35846,280.46512,280.2397
2012-11-25 03:00:00,280.3174,280.27396,280.0568,280.45007,280.4302,280.39355
2012-11-25 06:00:00,280.29517,280.62796,279.98727,280.41403,279.62796,280.59033
2012-11-25 09:00:00,279.76013,280.61185,279.72137,280.41144,279.5065,280.6727
2012-11-25 12:00:00,278.76175,280.6211,279.6287,280.3224,279.1721,280.67014
2012-11-25 15:00:00,277.19498,280.56955,279.24585,279.9969,279.08237,280.43616
2012-11-25 18:00:00,276.49475,280.01147,278.69846,280.1564,279.2661,280.3932
2012-11-25 21:00:00,278.10876,279.68753,278.8256,280.22995,279.816,280.4764
2012-11-26 00:00:00,279.0481,280.0192,279.00937,280.38422,279.90518,280.41553
2012-11-26 03:00:00,279.46335,280.49066,279.08963,280.1724,279.81836,280.5725
2012-11-26 06:00:00,279.40186,280.3808,279.04828,279.93845,279.1628,280.56448
2012-11-26 09:00:00,278.76367,280.41995,279.28864,279.86694,278.2444,280.62473
2012-11-26 12:00:00,279.6639,280.38782,279.37036,279.8872,278.49963,280.6359
2012-11-26 15:00:00,279.9653,280.29022,279.4165,279.9495,278.4296,280.58472
2012-11-26 18:00:00,280.1397,280.00543,279.49133,280.35464,278.6211,280.69843
2012-11-26 21:00:00,280.24808,279.17194,279.88022,280.52344,279.1267,280.3951
2012-11-27 00:00:00,280.55185,280.02936,280.20328,280.4388,279.80383,280.49057
2012-11-27 03:00:00,280.7822,280.06332,280.3545,280.33176,280.11734,280.5958
2012-11-27 06:00:00,280.1951,280.01215,279.73022,280.33008,278.9394,280.60272
2012-11-27 09:00:00,279.05972,279.75723,280.11252,280.53677,278.9077,280.70575
2012-11-27 12:00:00,278.57883,279.57144,279.7933,280.57675,279.15848,280.66125
2012-11-27 15:00:00,278.11954,279.6408,280.17053,280.6301,279.87378,280.65826
2012-11-27 18:00:00,278.74722,280.7298,280.2156,280.47653,280.54813,280.86453
2012-11-27 21:00:00,280.20105,281.42154,280.61826,281.06473,280.85925,280.59097
2012-11-28 00:00:00,281.16953,281.00546,280.96875,281.19562,281.19785,280.77084
2012-11-28 03:00:00,281.29974,281.2482,281.20114,280.88797,281.41937,280.74707
2012-11-28 06:00:00,280.34134,281.62494,280.64844,280.70407,280.41238,280.91345
2012-11-28 09:00:00,280.00174,281.6075,280.61206,280.4924,280.4471,280.70624
2012-11-28 12:00:00,280.56665,281.5562,280.62503,280.84683,280.70343,280.91568
2012-11-28 15:00:00,280.8191,281.4644,280.72787,281.15115,280.8763,280.64444
2012-11-28 18:00:00,280.82104,281.77386,280.95334,281.36795,280.9586,280.1115
2012-11-28 21:00:00,281.31583,282.4886,281.20395,281.07535,281.01523,279.82782
2012-11-29 00:00:00,282.12076,281.54144,281.5676,281.17178,281.39737,279.5432
2012-11-29 03:00:00,282.50195,281.63348,282.32486,280.98798,281.88354,280.3272
2012-11-29 06:00:00,282.01996,281.9101,281.54935,280.62927,282.16916,280.65097
2012-11-29 09:00:00,282.34415,282.49127,282.1528,280.78757,282.38464,281.41156
2012-11-29 12:00:00,283.35672,283.42865,282.83005,281.48737,282.17673,279.78583
2012-11-29 15:00:00,283.09854,282.53918,282.2894,281.51895,281.8088,279.49213
2012-11-29 18:00:00,282.42252,281.4926,281.84024,281.24585,281.82852,279.80145
2012-11-29 21:00:00,282.32236,281.53857,281.87924,281.07657,281.71964,279.60727
2012-11-30 00:00:00,282.08023,280.88812,281.64087,281.1351,282.30087,280.0113
2012-11-30 03:00:00,281.86258,280.82404,281.47348,281.11066,281.67978,279.85782
2012-11-30 06:00:00,282.13895,280.76324,282.1967,281.0785,282.05286,279.64087
2012-11-30 09:00:00,281.90143,280.40195,282.34958,281.09128,281.93692,279.70755
2012-11-30 12:00:00,281.90854,280.28787,281.74133,281.10718,281.6631,279.59824
2012-11-30 15:00:00,282.2534,281.7903,281.49686,281.33646,281.7046,279.86865
2012-11-30 18:00:00,282.2865,282.44955,281.6041,281.77655,281.94177,280.04153
2012-11-30 21:00:00,282.09183,281.85883,281.69913,280.9726,281.40002,279.86948
2012-12-01 00:00:00,282.22433,282.09186,281.37766,281.07822,281.51904,279.7773
2012-12-01 03:00:00,282.16702,283.2447,281.40793,281.4266,281.61246,279.58188
2012-12-01 06:00:00,282.06372,281.7178,281.50626,281.3321,281.99417,279.84677
2012-12-01 09:00:00,282.31827,281.61298,281.7897,281.2135,281.95193,280.32053
2012-12-01 12:00:00,281.81055,281.4354,281.0122,280.7797,281.1162,279.74905
2012-12-01 15:00:00,282.21753,281.15375,281.81656,281.0072,281.6239,279.464
2012-12-01 18:00:00,281.07532,280.6326,280.3839,281.20236,280.6474,279.66785
2012-12-01 21:00:00,281.01245,280.468,280.74545,280.93756,281.1896,279.3789
2012-12-02 00:00:00,281.1569,280.68246,280.8776,280.97537,281.57742,280.23206
2012-12-02 03:00:00,280.06528,280.59558,280.12695,280.9871,281.2657,279.83548
2012-12-02 06:00:00,281.13425,280.65854,280.27762,280.81332,281.19754,280.5042
2012-12-02 09:00:00,281.6747,280.08844,281.1669,280.65298,280.27408,280.6812
2012-12-02 12:00:00,281.88208,279.4153,281.0356,280.02908,279.14352,280.71994
2012-12-02 15:00:00,281.67786,280.49146,280.94363,280.8327,280.25543,280.9653
2012-12-02 18:00:00,281.15268,279.6155,280.79794,280.74777,280.4341,280.54984
2012-12-02 21:00:00,282.12863,279.90652,281.8318,281.12732,281.5092,280.12265
2012-12-03 00:00:00,281.5969,279.99713,281.85632,280.66348,281.70355,280.84885
2012-12-03 03:00:00,281.86197,279.54724,281.87985,280.79443,281.19116,280.9748
2012-12-03 06:00:00,281.93362,279.72806,281.9194,280.80222,281.67972,280.78726
2012-12-03 09:00:00,281.25992,279.77893,280.8054,280.82404,280.54105,280.9465
2012-12-03 12:00:00,280.55652,279.43988,281.1136,280.72955,280.5497,281.26306
2012-12-03 15:00:00,281.51068,279.48398,281.14914,280.74533,280.28387,281.08423
2012-12-03 18:00:00,281.4012,279.71347,281.50903,280.77094,281.5131,280.5798
2012-12-03 21:00:00,281.6853,280.1746,281.32474,280.78616,281.83896,280.40805
2012-12-04 00:00:00,281.3945,280.16754,281.093,280.744,281.23032,280.4836
2012-12-04 03:00:00,281.21237,280.33032,280.43018,280.91617,281.3704,280.09766
2012-12-04 06:00:00,282.03134,280.25876,281.16507,281.1905,281.4061,280.34293
2012-12-04 09:00:00,281.9921,279.84555,281.76547,280.95667,281.70834,280.40128
2012-12-04 12:00:00,282.14426,279.73938,281.8575,281.04053,281.46692,280.44122
2012-12-04 15:00:00,282.78696,280.77167,282.44992,281.1067,282.39725,280.75366
2012-12-04 18:00:00,282.46817,279.89856,282.1948,280.772,280.76965,280.78714
2012-12-04 21:00:00,282.47784,279.4815,282.10892,280.80203,280.53848,280.71768
2012-12-05 00:00:00,281.21286,279.8723,281.48624,280.77475,280.21738,280.78226
2012-12-05 03:00:00,281.29523,280.33066,281.04715,280.73883,280.1884,281.00308
2012-12-05 06:00:00,280.5073,280.4296,280.47467,280.6034,279.9293,280.80643
2012-12-05 09:00:00,280.27463,280.26074,279.81897,280.51498,279.573,280.7409
2012-12-05 12:00:00,280.25504,280.2671,280.5628,280.4958,279.7734,280.56052
2012-12-05 15:00:00,280.6362,280.11572,280.07846,280.44415,279.83444,280.5465
2012-12-05 18:00:00,280.68088,280.33905,280.84,280.50662,280.79562,280.459
2012-12-05 21:00:00,280.8948,280.41705,280.5352,280.60703,280.1158,280.61194
2012-12-06 00:00:00,281.04025,280.36423,280.14957,280.5234,280.35947,280.57495
2012-12-06 03:00:00,280.3488,280.30325,280.28934,280.41248,280.2295,280.64658
2012-12-06 06:00:00,280.3501,280.28415,280.53934,280.44348,280.31558,280.57367
2012-12-06 09:00:00,280.90063,280.3132,280.81967,280.4002,280.4189,280.6246
2012-12-06 12:00:00,281.19296,280.21048,280.89505,280.3805,279.09866,280.63007
2012-12-06 15:00:00,280.04025,280.1041,280.0446,280.37082,279.46347,280.6372
2012-12-06 18:00:00,280.444,280.1901,279.99527,280.38232,279.71646,280.4638
2012-12-06 21:00:00,280.24564,280.23917,280.0892,280.35568,279.6553,280.2343
2012-12-07 00:00:00,280.1206,280.05557,279.44766,280.36575,279.28763,280.4386
2012-12-07 03:00:00,279.46277,280.02225,279.07898,280.28027,279.59387,280.55502
2012-12-07 06:00:00,279.97083,279.98416,279.51352,280.222,279.85568,280.61868
2012-12-07 09:00:00,280.26672,280.01376,279.3047,280.27087,280.45718,280.57654
2012-12-07 12:00:00,280.62607,280.49216,280.13943,280.3744,279.3652,280.57962
2012-12-07 15:00:00,280.05673,280.4725,278.88168,280.39807,279.09476,280.36795
2012-12-07 18:00:00,279.6808,280.08786,278.98877,280.29263,278.00867,280.4544
2012-12-07 21:00:00,279.5847,280.01614,279.02286,280.20844,278.66586,280.59738
2012-12-08 00:00:00,279.82468,280.07184,279.5178,280.17676,278.80423,280.32806
2012-12-08 03:00:00,279.62167,280.4214,279.30417,279.9633,278.62463,280.40805
2012-12-08 06:00:00,279.2892,280.21594,279.11728,280.1546,278.2422,280.4305
2012-12-08 09:00:00,278.68436,280.15213,278.7263,280.3907,277.65146,280.54565
2012-12-08 12:00:00,277.61893,280.16537,278.42728,280.36435,278.21402,280.54318
2012-12-08 15:00:00,277.3916,280.19708,278.60864,280.3579,278.4545,280.53403
2012-12-08 18:00:00,277.52686,280.2639,278.53677,280.1572,278.44922,280.40894
2012-12-08 21:00:00,278.18008,280.2068,278.63852,279.9048,278.83743,280.4722
2012-12-09 00:00:00,278.50516,280.22238,278.8316,280.19357,279.1091,280.3543
2012-12-09 03:00:00,277.98392,279.97943,278.70575,280.35245,279.08127,280.35324
2012-12-09 06:00:00,277.0811,279.84604,278.23087,280.24475,278.79404,280.3473
2012-12-09 09:00:00,275.5885,279.88,277.69394,280.11353,278.83572,280.3641
2012-12-09 12:00:00,275.3364,279.8164,277.6011,280.01947,278.71478,280.3798
2012-12-09 15:00:00,275.73306,280.05127,277.33325,280.04337,277.4424,280.47433
2012-12-09 18:00:00,276.24887,280.3171,277.5225,279.99475,277.6625,280.5023
2012-12-09 21:00:00,276.78857,280.1394,277.86038,280.07718,278.17896,280.51883
2012-12-10 00:00:00,277.27658,280.12085,277.58383,280.1078,278.1766,280.53345
2012-12-10 03:00:00,277.97424,280.0942,277.90863,280.0586,278.0765,280.46164
2012-12-10 06:00:00,278.68204,280.06476,278.69006,280.05328,278.17978,280.54202
2012-12-10 09:00:00,279.32016,280.1396,279.02933,280.16107,277.86267,280.62256
2012-12-10 12:00:00,279.2742,280.20755,278.91455,280.16608,278.5289,280.50275
2012-12-10 15:00:00,279.30936,280.03436,278.91772,280.0217,279.43137,280.48672
2012-12-10 18:00:00,278.81934,279.98798,278.76227,280.30457,280.16434,280.22235
2012-12-10 21:00:00,280.2493,279.5681,278.98386,280.27066,280.2363,280.29208
2012-12-11 00:00:00,280.3866,279.14206,279.64478,280.41858,280.1101,280.48074
2012-12-11 03:00:00,280.4448,279.70203,279.72977,280.45703,280.2023,280.73807
2012-12-11 06:00:00,280.69412,279.2262,279.54233,280.46823,280.41507,280.6769
2012-12-11 09:00:00,280.56616,278.96014,280.03033,280.38345,280.3674,280.57843
2012-12-11 12:00:00,280.40823,279.89856,280.04453,280.21744,280.28207,280.53906
2012-12-11 15:00:00,280.11343,280.0167,279.70578,280.15103,280.2208,280.53445
2012-12-11 18:00:00,280.34952,280.0395,279.31796,280.17227,280.24063,280.5524
2012-12-11 21:00:00,280.68936,280.01877,279.25992,280.24966,279.46408,280.56445
2012-12-12 00:00:00,280.75113,280.0077,279.42993,280.30368,279.35892,280.6041
2012-12-12 03:00:00,279.46912,280.01013,278.98077,280.29474,279.48477,280.53958
2012-12-12 06:00:00,279.0219,280.00894,279.32034,280.2978,278.85764,280.6212
2012-12-12 09:00:00,279.38736,280.01276,279.28915,280.28622,278.63004,280.5511
2012-12-12 12:00:00,279.63318,280.07556,279.22144,280.24155,278.72452,280.37335
2012-12-12 15:00:00,279.36063,280.46487,279.13495,280.07986,278.71304,280.39963
2012-12-12 18:00:00,279.11453,280.02362,279.0427,280.18912,279.11172,280.58755
2012-12-12 21:00:00,279.47046,280.0616,279.15146,280.3633,280.30566,280.50116
2012-12-13 00:00:00,279.72156,279.9781,279.47278,280.36243,280.53152,280.3767
2012-12-13 03:00:00,279.6984,279.9425,279.41733,280.267,279.67432,280.56085
2012-12-13 06:00:00,279.2493,279.7182,278.94092,280.21277,278.4564,280.54306
2012-12-13 09:00:00,277.9648,279.72995,278.56198,280.117,278.32727,280.66415
2012-12-13 12:00:00,277.40128,279.96152,278.3691,280.12274,278.89908,280.76352
2012-12-13 15:00:00,277.47498,279.98816,278.4503,280.2409,279.2769,280.75128
2012-12-13 18:00:00,277.86826,279.99023,278.35666,280.22824,279.43423,280.60873
2012-12-13 21:00:00,279.0026,280.0162,278.6267,280.12692,279.36954,280.6257
2012-12-14 00:00:00,279.30478,280.05832,278.4188,280.07272,279.25143,280.6111
2012-12-14 03:00:00,278.97388,280.0816,278.02933,280.05127,279.0954,280.55725
2012-12-14 06:00:00,279.26978,280.1108,277.88852,280.04425,278.23926,280.55908
2012-12-14 09:00:00,278.21704,280.11392,277.46194,280.04056,278.4495,280.42496
2012-12-14 12:00:00,277.11328,280.08777,278.038,280.03543,278.4397,280.51273
2012-12-14 15:00:00,278.8188,280.10498,278.6523,279.95367,278.29782,280.58658
2012-12-14 18:00:00,278.88138,280.04388,278.6671,279.9081,278.64725,280.27817
2012-12-14 21:00:00,278.94684,280.0261,278.99963,280.0034,279.56522,280.538
2012-12-15 00:00:00,279.04227,280.212,278.83557,279.98224,279.73328,280.3347
2012-12-15 03:00:00,278.2279,280.2306,278.56357,279.9658,279.689,280.4278
2012-12-15 06:00:00,277.91403,280.21295,278.3208,279.97495,279.49997,280.5571
2012-12-15 09:00:00,277.27563,280.23636,278.1686,279.96484,279.57632,280.53342
2012-12-15 12:00:00,277.78964,280.3278,278.1572,279.9909,278.83813,280.51367
2012-12-15 15:00:00,278.33948,280.299,277.5048,279.98358,278.24673,280.48578
2012-12-15 18:00:00,278.6378,280.20706,277.4376,279.9855,277.74036,280.52496
2012-12-15 21:00:00,278.46964,280.16888,278.43198,280.02206,278.87527,280.56973
2012-12-16 00:00:00,279.36792,280.1464,279.31088,280.02634,277.9714,280.54947
2012-12-16 03:00:00,279.80283,280.12518,279.5488,280.06653,278.2838,280.54425
2012-12-16 06:00:00,279.8044,280.11755,279.4128,280.11078,278.52133,280.44485
2012-12-16 09:00:00,279.5986,280.11328,279.06058,280.1581,278.43015,280.40033
2012-12-16 12:00:00,279.33694,280.0988,278.4537,280.1059,278.6244,280.5887
2012-12-16 15:00:00,279.48315,280.09625,278.30484,280.08804,278.96896,280.61484
2012-12-16 18:00:00,279.03918,280.0473,278.53333,280.22446,279.18073,280.52066
2012-12-16 21:00:00,278.9232,280.00485,278.52908,280.13522,278.855,280.583
2012-12-17 00:00:00,277.4086,280.03763,277.7037,280.021,278.0558,280.57663
2012-12-17 03:00:00,276.94083,280.10983,277.71298,280.0272,275.93466,280.40942
2012-12-17 06:00:00,278.498,280.13443,278.3513,279.98868,275.66287,280.38074
2012-12-17 09:00:00,278.64648,280.1405,278.44397,279.98355,276.5204,280.38217
2012-12-17 12:00:00,277.93613,280.13068,276.9007,280.0498,278.02795,280.33807
2012-12-17 15:00:00,278.79395,280.10974,279.08383,279.98193,279.08652,280.3755
2012-12-17 18:00:00,279.7146,280.1128,279.15677,280.04062,278.94775,280.38412
2012-12-17 21:00:00,279.90216,280.0696,279.861,280.0728,279.35886,280.39
2012-12-18 00:00:00,279.6893,280.2533,279.32245,280.04852,278.66275,280.51593
2012-12-18 03:00:00,279.38516,280.46393,278.86246,280.10025,277.7541,280.60025
2012-12-18 06:00:00,278.76675,280.49496,278.61966,280.04904,277.79068,280.5597
2012-12-18 09:00:00,278.08646,280.53482,278.19907,280.27448,276.5194,280.50204
2012-12-18 12:00:00,276.93063,280.5511,278.00668,280.54898,276.65475,280.46448
2012-12-18 15:00:00,276.55612,280.47702,277.52637,280.54492,277.01535,280.48798
2012-12-18 18:00:00,276.6934,280.1768,277.25272,280.0035,276.84647,280.64722
2012-12-18 21:00:00,277.58456,280.1968,277.54965,279.96426,277.7051,280.40747
2012-12-19 00:00:00,278.2149,280.18118,277.99588,279.9246,278.58362,280.41068
2012-12-19 03:00:00,278.8065,280.1911,278.14282,279.89386,278.97385,280.40128
2012-12-19 06:00:00,278.69913,280.259,278.6192,279.8905,278.86414,280.42734
2012-12-19 09:00:00,277.937,280.16046,278.08627,279.95767,278.184,280.46338
2012-12-19 12:00:00,277.27344,280.11545,276.5498,279.96835,277.17526,280.49332
2012-12-19 15:00:00,278.04898,280.25644,276.31247,279.9479,276.93054,280.53775
2012-12-19 18:00:00,278.65814,280.17496,276.73257,280.0079,277.5166,280.54404
2012-12-19 21:00:00,278.55408,280.11383,278.2254,280.0908,278.94144,280.52896
2012-12-20 00:00:00,279.14816,280.08853,279.44647,280.1641,279.5507,280.5594
2012-12-20 03:00:00,279.2628,280.20737,279.4826,280.48657,279.8132,280.61
2012-12-20 06:00:00,279.9193,280.0352,279.6456,280.36536,279.9315,280.506
2012-12-20 09:00:00,279.84348,280.0587,279.86502,280.10056,278.38306,280.68594
2012-12-20 12:00:00,279.374,280.0714,279.69296,280.17712,277.62997,280.64728
2012-12-20 15:00:00,279.5784,280.2307,279.05432,280.3854,277.74088,280.63086
2012-12-20 18:00:00,279.9077,280.09915,279.20178,280.29938,278.42795,280.6596
2012-12-20 21:00:00,279.85513,280.07022,279.59583,280.38516,279.11722,280.67996
2012-12-21 00:00:00,280.00113,280.12024,279.50644,280.42233,279.35815,280.48007
2012-12-21 03:00:00,279.93457,280.17065,279.86685,280.34576,279.677,280.5025
2012-12-21 06:00:00,279.66318,280.0891,279.8446,280.21954,279.845,280.50833
2012-12-21 09:00:00,278.98877,280.1396,278.74103,280.04782,279.73975,280.6448
2012-12-21 12:00:00,278.58615,280.2805,279.79034,279.99335,279.60715,280.60608
2012-12-21 15:00:00,278.75012,280.17297,280.29764,279.8989,280.27145,280.43884
2012-12-21 18:00:00,278.75742,280.29565,279.41995,279.88354,279.9141,280.46613
2012-12-21 21:00:00,277.97058,280.13574,277.7716,279.91357,279.10654,280.50873
2012-12-22 00:00:00,278.60727,280.22217,278.89557,279.91977,279.14603,280.4031
2012-12-22 03:00:00,278.44885,280.201,279.6014,279.95135,279.57437,280.41278
2012-12-22 06:00:00,278.047,280.18835,279.84158,279.967,279.58508,280.48755
2012-12-22 09:00:00,277.51956,280.15143,279.34045,280.0003,279.1127,280.5336
2012-12-22 12:00:00,277.63278,280.11774,279.95807,280.02765,278.14136,280.45743
2012-12-22 15:00:00,278.1951,280.0697,280.25763,280.0239,278.0668,280.44263
2012-12-22 18:00:00,278.63113,280.07404,278.27936,280.1493,278.19336,280.57947
2012-12-22 21:00:00,278.23965,280.09396,277.9948,280.33243,277.4799,280.60785
2012-12-23 00:00:00,279.681,280.08762,279.12207,280.4099,276.3748,280.64774
2012-12-23 03:00:00,279.90363,280.1318,279.3918,280.43903,277.33646,280.674
2012-12-23 06:00:00,280.10794,280.2386,280.252,280.41855,279.67014,280.66232
2012-12-23 09:00:00,280.00864,280.2012,279.5564,280.43304,279.20596,280.5615
2012-12-23 12:00:00,279.87112,280.1122,278.86844,280.38483,278.5825,280.4562
2012-12-23 15:00:00,279.98404,280.1197,279.99722,280.36624,278.3665,280.3867
2012-12-23 18:00:00,279.71243,280.18735,279.64755,280.37,279.17715,280.3684
2012-12-23 21:00:00,279.87357,280.18677,279.24582,280.4031,279.7505,280.40988
2012-12-24 00:00:00,279.54904,280.06223,279.7305,280.38376,279.47583,280.42462
2012-12-24 03:00:00,279.8606,280.04663,279.76892,280.31927,278.99823,280.48962
2012-12-24 06:00:00,278.90097,279.996,279.78043,280.3744,278.56592,280.53027
2012-12-24 09:00:00,279.2787,280.09973,279.6366,280.34177,278.26004,280.66095
2012-12-24 12:00:00,279.59177,280.206,279.2142,279.97116,277.96423,280.87292
2012-12-24 15:00:00,278.32175,280.1645,278.8586,279.79517,277.62302,280.7572
2012-12-24 18:00:00,277.4806,280.09726,278.10306,279.9344,277.60144,280.53278
2012-12-24 21:00:00,278.5324,280.03897,278.57886,280.07773,278.76016,280.68228
2012-12-25 00:00:00,278.54053,280.10547,278.75668,280.01495,279.63467,280.65176
2012-12-25 03:00:00,278.6875,280.16583,278.63144,279.72897,279.62836,280.61444
2012-12-25 06:00:00,277.70395,280.13834,279.00464,279.72516,279.4004,280.6199
2012-12-25 09:00:00,277.41617,280.26593,279.37183,279.81937,279.3562,280.646
2012-12-25 12:00:00,277.5471,280.3187,279.80493,279.81934,279.5231,280.59506
2012-12-25 15:00:00,278.36328,280.32886,280.44193,279.82663,279.4849,280.47507
2012-12-25 18:00:00,278.96057,280.2303,280.0154,279.842,279.29196,280.35468
2012-12-25 21:00:00,278.46045,280.18402,279.57922,279.86905,279.14453,280.3626
2012-12-26 00:00:00,278.37445,280.3121,278.85,279.94138,278.1573,280.35583
2012-12-26 03:00:00,277.9515,280.27435,278.42392,279.95413,277.89804,280.35342
2012-12-26 06:00:00,278.05087,280.23636,279.53867,279.951,278.12918,280.3512
2012-12-26 09:00:00,277.8141,280.18552,278.97983,279.9645,278.39667,280.34937
2012-12-26 12:00:00,277.8529,280.17694,278.83435,279.9185,277.8943,280.40344
2012-12-26 15:00:00,278.10617,280.16687,279.0696,279.90424,277.30386,280.47495
2012-12-26 18:00:00,278.6393,280.11237,279.3392,280.06714,277.24356,280.48022
2012-12-26 21:00:00,278.89838,280.134,279.19223,280.11432,277.46222,280.64105
2012-12-27 00:00:00,279.2931,280.11536,279.33688,280.10092,277.87457,280.39713
2012-12-27 03:00:00,279.7394,280.10892,279.43018,280.077,278.22244,280.70264
2012-12-27 06:00:00,279.66708,280.0978,279.52713,280.04565,278.11667,280.6489
2012-12-27 09:00:00,279.6163,280.0958,279.17798,280.07065,278.2372,280.65518
2012-12-27 12:00:00,279.3368,280.12897,278.94858,280.20233,277.79077,280.61188
2012-12-27 15:00:00,279.20972,280.19806,278.91916,280.21716,277.71982,280.4728
2012-12-27 18:00:00,278.25253,280.1425,278.67703,279.8937,277.6481,280.60684
2012-12-27 21:00:00,278.49808,280.08792,278.70456,280.02005,278.05637,280.51395
2012-12-28 00:00:00,278.77676,280.14462,278.89282,279.94345,279.04245,280.5783
2012-12-28 03:00:00,278.62033,280.18533,279.05618,279.8856,279.39084,280.5809
2012-12-28 06:00:00,279.6355,280.18243,279.21872,279.95963,279.2992,280.5783
2012-12-28 09:00:00,278.89355,280.1643,278.63046,280.00925,279.00314,280.5723
2012-12-28 12:00:00,278.53406,280.1557,278.83188,280.01175,279.20032,280.5939
2012-12-28 15:00:00,278.7434,280.1316,279.30753,280.04932,279.31644,280.6054
2012-12-28 18:00:00,278.79312,280.0813,279.48788,280.10825,279.35812,280.59036
2012-12-28 21:00:00,279.22366,280.055,279.22205,280.1695,279.35596,280.60745
2012-12-29 00:00:00,279.267,280.038,278.97888,280.1497,279.27493,280.58676
2012-12-29 03:00:00,279.0839,280.04733,279.02243,280.31033,279.27097,280.60013
2012-12-29 06:00:00,279.10867,280.15845,279.33728,280.3736,279.51932,280.60416
2012-12-29 09:00:00,278.59787,280.18503,279.1671,280.2584,279.52274,280.59598
2012-12-29 12:00:00,278.3973,280.0801,278.77505,280.25427,279.0452,280.6593
2012-12-29 15:00:00,277.85413,280.02036,278.50006,280.3198,278.8901,280.65222
2012-12-29 18:00:00,278.82175,280.0106,279.21658,280.34308,278.97345,280.6265
2012-12-29 21:00:00,279.95535,279.79593,279.66684,280.22266,279.43344,280.55154
2012-12-30 00:00:00,279.6888,279.99802,279.88046,280.0575,280.1902,280.35205
2012-12-30 03:00:00,278.56128,280.02362,279.18655,279.85446,279.6064,280.35287
2012-12-30 06:00:00,278.53073,280.1093,278.46088,279.92203,278.5336,280.55936
2012-12-30 09:00:00,278.73654,280.1623,278.39957,280.06433,277.9757,280.45193
2012-12-30 12:00:00,278.11365,280.20947,278.35068,280.11722,277.82956,280.43988
2012-12-30 15:00:00,275.71457,280.19183,278.28214,280.0338,277.56754,280.51605
2012-12-30 18:00:00,275.58313,280.26892,278.16013,279.87717,277.55496,280.5426
2012-12-30 21:00:00,276.09396,280.1488,277.66678,280.01544,278.0036,280.41217
2012-12-31 00:00:00,276.00076,280.24084,277.75476,280.08493,278.4821,280.36197
2012-12-31 03:00:00,275.72046,280.20944,277.6443,280.40103,278.78677,280.3738
2012-12-31 06:00:00,276.31918,280.18665,277.5611,280.39157,278.5413,280.42722
2012-12-31 09:00:00,276.1769,280.15594,277.2273,280.27646,278.37643,280.4732
2012-12-31 12:00:00,275.80487,280.24344,277.00537,279.98328,278.06967,280.5632
2012-12-31 15:00:00,275.81046,280.3017,276.9424,279.92032,276.78467,280.60397
2012-12-31 18:00:00,275.92505,280.19824,276.0558,280.04224,276.56827,280.63525
2012-12-31 21:00:00,276.01523,280.05698,276.45578,280.1038,277.32117,280.66724
